ISO-10303-21;
HEADER;
FILE_DESCRIPTION(('FreeCAD Model'),'2;1');
FILE_NAME('Open CASCADE Shape Model','2025-08-24T14:37:17',('Author'),(
    ''),'Open CASCADE STEP processor 7.8','FreeCAD','Unknown');
FILE_SCHEMA(('AUTOMOTIVE_DESIGN { 1 0 10303 214 1 1 1 1 }'));
ENDSEC;
DATA;
#1 = APPLICATION_PROTOCOL_DEFINITION('international standard',
  'automotive_design',2000,#2);
#2 = APPLICATION_CONTEXT(
  'core data for automotive mechanical design processes');
#3 = SHAPE_DEFINITION_REPRESENTATION(#4,#10);
#4 = PRODUCT_DEFINITION_SHAPE('','',#5);
#5 = PRODUCT_DEFINITION('design','',#6,#9);
#6 = PRODUCT_DEFINITION_FORMATION('','',#7);
#7 = PRODUCT('Palm_Cover','Palm_Cover','',(#8));
#8 = PRODUCT_CONTEXT('',#2,'mechanical');
#9 = PRODUCT_DEFINITION_CONTEXT('part definition',#2,'design');
#10 = ADVANCED_BREP_SHAPE_REPRESENTATION('',(#11,#15),#11171);
#11 = AXIS2_PLACEMENT_3D('',#12,#13,#14);
#12 = CARTESIAN_POINT('',(0.,0.,0.));
#13 = DIRECTION('',(0.,0.,1.));
#14 = DIRECTION('',(1.,0.,-0.));
#15 = MANIFOLD_SOLID_BREP('',#16);
#16 = CLOSED_SHELL('',(#17,#104,#216,#267,#417,#834,#1251,#1284,#1340,
    #1357,#1425,#1491,#1804,#1838,#1872,#1912,#1957,#2040,#2129,#2294,
    #2402,#2569,#2671,#2724,#3101,#3189,#3559,#3584,#3609,#3660,#3744,
    #3786,#3879,#3938,#3966,#4007,#4056,#4077,#4118,#4167,#4251,#4302,
    #4344,#4437,#4464,#4483,#4908,#5004,#5429,#5480,#5531,#5664,#5705,
    #5739,#5772,#5902,#5943,#5977,#6010,#6043,#6076,#6126,#6181,#6231,
    #6255,#6487,#6544,#6769,#6812,#6869,#6948,#6990,#7032,#7068,#7182,
    #7238,#7280,#7346,#7388,#7486,#7662,#7725,#7895,#7987,#8053,#8102,
    #8151,#8193,#8235,#8265,#8488,#8518,#8580,#8603,#8645,#8699,#8730,
    #8785,#8835,#8853,#8871,#8889,#8927,#8953,#9015,#9038,#9070,#9102,
    #9128,#9166,#9192,#9220,#9247,#9273,#9311,#9337,#9363,#9401,#9457,
    #9495,#9521,#9565,#9591,#9619,#9682,#9708,#9734,#9772,#9798,#9830,
    #9862,#9888,#9919,#9966,#10016,#10069,#10088,#10138,#10191,#10210,
    #10222,#10234,#10267,#10278,#10311,#10322,#10335,#10348,#10382,
    #10420,#10454,#10505,#10530,#10593,#10622,#10640,#10679,#10713,
    #10755,#10783,#10808,#10859,#10922,#10940,#10958,#10990,#11009,
    #11028,#11046,#11065,#11083,#11094,#11126));
#17 = ADVANCED_FACE('',(#18),#99,.T.);
#18 = FACE_BOUND('',#19,.T.);
#19 = EDGE_LOOP('',(#20,#31,#39,#62,#71,#92));
#20 = ORIENTED_EDGE('',*,*,#21,.T.);
#21 = EDGE_CURVE('',#22,#24,#26,.T.);
#22 = VERTEX_POINT('',#23);
#23 = CARTESIAN_POINT('',(-12.27155974227,-59.8263783138,58.186353189786
    ));
#24 = VERTEX_POINT('',#25);
#25 = CARTESIAN_POINT('',(-12.19424260821,-59.66842606023,
    58.184691883209));
#26 = B_SPLINE_CURVE_WITH_KNOTS('',3,(#27,#28,#29,#30),.UNSPECIFIED.,.F.
  ,.F.,(4,4),(0.,1.810074186737E-04),.PIECEWISE_BEZIER_KNOTS.);
#27 = CARTESIAN_POINT('',(-12.27155974227,-59.8263783138,58.186353189786
    ));
#28 = CARTESIAN_POINT('',(-12.2232491118,-59.78885503403,58.184276138939
    ));
#29 = CARTESIAN_POINT('',(-12.19424260821,-59.72963048895,
    58.184691883205));
#30 = CARTESIAN_POINT('',(-12.19424260821,-59.66842606023,
    58.184691883209));
#31 = ORIENTED_EDGE('',*,*,#32,.T.);
#32 = EDGE_CURVE('',#24,#33,#35,.T.);
#33 = VERTEX_POINT('',#34);
#34 = CARTESIAN_POINT('',(-12.19424258692,-64.98983992646,
    58.184691882897));
#35 = LINE('',#36,#37);
#36 = CARTESIAN_POINT('',(-12.19424257164,-55.33793720156,
    58.184691883462));
#37 = VECTOR('',#38,1.);
#38 = DIRECTION('',(-1.585995564997E-09,-1.,-5.861523921131E-11));
#39 = ORIENTED_EDGE('',*,*,#40,.T.);
#40 = EDGE_CURVE('',#33,#41,#43,.T.);
#41 = VERTEX_POINT('',#42);
#42 = CARTESIAN_POINT('',(-13.9888494328,-63.00168888999,59.845457478699
    ));
#43 = B_SPLINE_CURVE_WITH_KNOTS('',3,(#44,#45,#46,#47,#48,#49,#50,#51,
    #52,#53,#54,#55,#56,#57,#58,#59,#60,#61),.UNSPECIFIED.,.F.,.F.,(4,2,
    2,2,2,2,2,2,4),(7.653104929213E-05,5.498001038618E-04,
    1.023069158431E-03,1.496338213001E-03,1.969607267571E-03,
    2.44287632214E-03,2.91614537671E-03,3.38941443128E-03,
    3.862683485849E-03),.UNSPECIFIED.);
#44 = CARTESIAN_POINT('',(-12.19424258692,-64.98983992646,
    58.184691882897));
#45 = CARTESIAN_POINT('',(-12.35319315999,-64.98919327997,
    58.184691882894));
#46 = CARTESIAN_POINT('',(-12.5095755216,-64.98663290047,58.205388018248
    ));
#47 = CARTESIAN_POINT('',(-12.81704984237,-64.97178789579,
    58.288381703423));
#48 = CARTESIAN_POINT('',(-12.96319242396,-64.95954632637,
    58.349708404212));
#49 = CARTESIAN_POINT('',(-13.23363164604,-64.91328407719,
    58.506813264382));
#50 = CARTESIAN_POINT('',(-13.35841365831,-64.87843858741,
    58.603798075295));
#51 = CARTESIAN_POINT('',(-13.56945765919,-64.77612305267,58.8138180657)
  );
#52 = CARTESIAN_POINT('',(-13.65906665878,-64.7064783081,58.930287359248
    ));
#53 = CARTESIAN_POINT('',(-13.79740364241,-64.53326658793,
    59.155624280015));
#54 = CARTESIAN_POINT('',(-13.84845030364,-64.42761125592,
    59.267266267437));
#55 = CARTESIAN_POINT('',(-13.920859075,-64.19094798506,59.465174620967)
  );
#56 = CARTESIAN_POINT('',(-13.94335518419,-64.05780894747,
    59.553514059579));
#57 = CARTESIAN_POINT('',(-13.97248339067,-63.77636653323,
    59.696301807713));
#58 = CARTESIAN_POINT('',(-13.97951971423,-63.62653425846,
    59.751892062374));
#59 = CARTESIAN_POINT('',(-13.98767566307,-63.31720541968,
    59.826552775403));
#60 = CARTESIAN_POINT('',(-13.98884944359,-63.15992977258,
    59.845457477419));
#61 = CARTESIAN_POINT('',(-13.9888494328,-63.00168888999,59.845457478699
    ));
#62 = ORIENTED_EDGE('',*,*,#63,.F.);
#63 = EDGE_CURVE('',#64,#41,#66,.T.);
#64 = VERTEX_POINT('',#65);
#65 = CARTESIAN_POINT('',(-13.98884944297,-62.76655701928,
    59.845457477496));
#66 = B_SPLINE_CURVE_WITH_KNOTS('',3,(#67,#68,#69,#70),.UNSPECIFIED.,.F.
  ,.F.,(4,4),(5.008084915151E-03,5.24490567586E-03),
  .PIECEWISE_BEZIER_KNOTS.);
#67 = CARTESIAN_POINT('',(-13.98884944297,-62.76655701928,
    59.845457477496));
#68 = CARTESIAN_POINT('',(-13.98884944309,-62.84549727285,
    59.845457477481));
#69 = CARTESIAN_POINT('',(-13.98884944322,-62.92443752642,
    59.845457477466));
#70 = CARTESIAN_POINT('',(-13.9888494328,-63.00168888999,59.845457478699
    ));
#71 = ORIENTED_EDGE('',*,*,#72,.F.);
#72 = EDGE_CURVE('',#73,#64,#75,.T.);
#73 = VERTEX_POINT('',#74);
#74 = CARTESIAN_POINT('',(-12.27155974206,-59.75382493866,
    58.186353189786));
#75 = B_SPLINE_CURVE_WITH_KNOTS('',3,(#76,#77,#78,#79,#80,#81,#82,#83,
    #84,#85,#86,#87,#88,#89,#90,#91),.UNSPECIFIED.,.F.,.F.,(4,2,2,2,2,2,
    2,4),(3.077302798053E-04,1.348322563784E-03,2.388914847763E-03,
    2.909210989753E-03,3.429507131742E-03,3.689655202737E-03,
    3.949803273732E-03,4.470099415721E-03),.UNSPECIFIED.);
#76 = CARTESIAN_POINT('',(-12.27155974206,-59.75382493866,
    58.186353189786));
#77 = CARTESIAN_POINT('',(-12.42794618802,-60.06345320102,
    58.193076815526));
#78 = CARTESIAN_POINT('',(-12.5853251579,-60.37276696247,58.219884239027
    ));
#79 = CARTESIAN_POINT('',(-12.90113715253,-60.9818621539,58.321023746752
    ));
#80 = CARTESIAN_POINT('',(-13.0606935232,-61.28385996651,58.395398963307
    ));
#81 = CARTESIAN_POINT('',(-13.2966886152,-61.71419997396,58.558592290366
    ));
#82 = CARTESIAN_POINT('',(-13.37486017428,-61.85399033675,
    58.621658864599));
#83 = CARTESIAN_POINT('',(-13.52969574424,-62.12299532109,
    58.772965114662));
#84 = CARTESIAN_POINT('',(-13.60739982055,-62.25391879608,
    58.862400821998));
#85 = CARTESIAN_POINT('',(-13.71633346907,-62.42828959362,
    59.021687736936));
#86 = CARTESIAN_POINT('',(-13.75142884074,-62.48285285226,
    59.079010989361));
#87 = CARTESIAN_POINT('',(-13.8182071749,-62.5824616927,59.205059965252)
  );
#88 = CARTESIAN_POINT('',(-13.85009607384,-62.62775211952,
    59.274407523026));
#89 = CARTESIAN_POINT('',(-13.93455596319,-62.7385852082,59.498144908804
    ));
#90 = CARTESIAN_POINT('',(-13.97520386644,-62.77738374729,
    59.669578209884));
#91 = CARTESIAN_POINT('',(-13.98884944297,-62.76655701928,
    59.845457477496));
#92 = ORIENTED_EDGE('',*,*,#93,.T.);
#93 = EDGE_CURVE('',#73,#22,#94,.T.);
#94 = B_SPLINE_CURVE_WITH_KNOTS('',3,(#95,#96,#97,#98),.UNSPECIFIED.,.F.
  ,.F.,(4,4),(2.350950787327E-03,2.423504162463E-03),
  .PIECEWISE_BEZIER_KNOTS.);
#95 = CARTESIAN_POINT('',(-12.27155974206,-59.75382493866,
    58.186353189786));
#96 = CARTESIAN_POINT('',(-12.27155974213,-59.77800939704,
    58.186353189786));
#97 = CARTESIAN_POINT('',(-12.2715597422,-59.80219385542,58.186353189786
    ));
#98 = CARTESIAN_POINT('',(-12.27155974227,-59.8263783138,58.186353189786
    ));
#99 = CYLINDRICAL_SURFACE('',#100,1.8);
#100 = AXIS2_PLACEMENT_3D('',#101,#102,#103);
#101 = CARTESIAN_POINT('',(-12.19424257164,-55.33793720166,
    59.984691883463));
#102 = DIRECTION('',(-1.585995564997E-09,-1.,-5.861523921131E-11));
#103 = DIRECTION('',(1.364635921934E-24,5.861523921131E-11,-1.));
#104 = ADVANCED_FACE('',(#105),#161,.F.);
#105 = FACE_BOUND('',#106,.F.);
#106 = EDGE_LOOP('',(#107,#126,#127,#144));
#107 = ORIENTED_EDGE('',*,*,#108,.F.);
#108 = EDGE_CURVE('',#64,#109,#111,.T.);
#109 = VERTEX_POINT('',#110);
#110 = CARTESIAN_POINT('',(-15.47385244263,-61.26842606023,
    59.618414434852));
#111 = B_SPLINE_CURVE_WITH_KNOTS('',3,(#112,#113,#114,#115,#116,#117,
    #118,#119,#120,#121,#122,#123,#124,#125),.UNSPECIFIED.,.F.,.F.,(4,2,
    2,2,2,2,4),(9.839109327619E-17,2.930759365765E-04,5.861518731529E-04
    ,8.792278097293E-04,1.172303746306E-03,1.758455619458E-03,
    2.344607492611E-03),.UNSPECIFIED.);
#112 = CARTESIAN_POINT('',(-13.98884944297,-62.76655701928,
    59.845457477496));
#113 = CARTESIAN_POINT('',(-13.98884944281,-62.66746270784,
    59.845457477514));
#114 = CARTESIAN_POINT('',(-13.99849323136,-62.57001962441,
    59.844320652216));
#115 = CARTESIAN_POINT('',(-14.0362924119,-62.37830454317,
    59.839791380115));
#116 = CARTESIAN_POINT('',(-14.06490810058,-62.28303599439,
    59.836342708749));
#117 = CARTESIAN_POINT('',(-14.13962577729,-62.10139587642,
    59.827097782458));
#118 = CARTESIAN_POINT('',(-14.18535460583,-62.01525652263,
    59.821347976191));
#119 = CARTESIAN_POINT('',(-14.29340881112,-61.85228136412,
    59.807295247097));
#120 = CARTESIAN_POINT('',(-14.35630889251,-61.77515108503,
    59.798908327172));
#121 = CARTESIAN_POINT('',(-14.56228883608,-61.56796126165,
    59.770353880485));
#122 = CARTESIAN_POINT('',(-14.72818003108,-61.4566821767,
    59.745967656747));
#123 = CARTESIAN_POINT('',(-15.08496098488,-61.30783399154,
    59.688532731896));
#124 = CARTESIAN_POINT('',(-15.27906973605,-61.26842606024,
    59.654943495291));
#125 = CARTESIAN_POINT('',(-15.47385244263,-61.26842606023,
    59.618414434852));
#126 = ORIENTED_EDGE('',*,*,#72,.F.);
#127 = ORIENTED_EDGE('',*,*,#128,.F.);
#128 = EDGE_CURVE('',#129,#73,#131,.T.);
#129 = VERTEX_POINT('',#130);
#130 = CARTESIAN_POINT('',(-12.75874455771,-59.81380874297,
    58.186353189786));
#131 = B_SPLINE_CURVE_WITH_KNOTS('',3,(#132,#133,#134,#135,#136,#137,
    #138,#139,#140,#141,#142,#143),.UNSPECIFIED.,.F.,.F.,(4,2,2,2,2,4),(
    6.887618129212E-14,2.735977894275E-04,4.103966841068E-04,
    4.787961314464E-04,5.129958551162E-04,5.47195578786E-04),
  .UNSPECIFIED.);
#132 = CARTESIAN_POINT('',(-12.75874455771,-59.81380874297,
    58.186353189786));
#133 = CARTESIAN_POINT('',(-12.6724908555,-59.78395346661,
    58.186353189787));
#134 = CARTESIAN_POINT('',(-12.58621097505,-59.75418508514,
    58.186353189786));
#135 = CARTESIAN_POINT('',(-12.45544957246,-59.71398572333,
    58.186353189786));
#136 = CARTESIAN_POINT('',(-12.4118600834,-59.70059375275,
    58.186353189786));
#137 = CARTESIAN_POINT('',(-12.34391056866,-59.68902092053,
    58.186353189786));
#138 = CARTESIAN_POINT('',(-12.31924657556,-59.68487048653,
    58.186353189786));
#139 = CARTESIAN_POINT('',(-12.28749663747,-59.69893226438,
    58.186353189786));
#140 = CARTESIAN_POINT('',(-12.27967133569,-59.70867657217,
    58.186353189786));
#141 = CARTESIAN_POINT('',(-12.27235747051,-59.73052874157,
    58.186353189786));
#142 = CARTESIAN_POINT('',(-12.27155974204,-59.74224751655,
    58.186353189786));
#143 = CARTESIAN_POINT('',(-12.27155974206,-59.75382493866,
    58.186353189786));
#144 = ORIENTED_EDGE('',*,*,#145,.F.);
#145 = EDGE_CURVE('',#109,#129,#146,.T.);
#146 = B_SPLINE_CURVE_WITH_KNOTS('',3,(#147,#148,#149,#150,#151,#152,
    #153,#154,#155,#156,#157,#158,#159,#160),.UNSPECIFIED.,.F.,.F.,(4,2,
    2,2,2,2,4),(6.938893903907E-18,4.678340834298E-04,9.356681668597E-04
    ,1.40350225029E-03,1.871336333719E-03,2.807004500579E-03,
    3.742672667439E-03),.UNSPECIFIED.);
#147 = CARTESIAN_POINT('',(-15.47385244263,-61.26842606023,
    59.618414434852));
#148 = CARTESIAN_POINT('',(-15.46605174374,-61.26842606072,59.4625434089
    ));
#149 = CARTESIAN_POINT('',(-15.4205067305,-61.24747518722,
    59.312147322747));
#150 = CARTESIAN_POINT('',(-15.2729965503,-61.17330249096,
    59.049667096416));
#151 = CARTESIAN_POINT('',(-15.17435297028,-61.12186214532,
    58.939480497913));
#152 = CARTESIAN_POINT('',(-14.95910285339,-61.00807189565,
    58.755315553363));
#153 = CARTESIAN_POINT('',(-14.8392407166,-60.94400588519,
    58.678569567954));
#154 = CARTESIAN_POINT('',(-14.59524042644,-60.81290390699,
    58.550377200918));
#155 = CARTESIAN_POINT('',(-14.46988925504,-60.7452237208,
    58.497971975644));
#156 = CARTESIAN_POINT('',(-14.08725834232,-60.53810380365,
    58.363563215705));
#157 = CARTESIAN_POINT('',(-13.82203767887,-60.39386180528,
    58.303812008057));
#158 = CARTESIAN_POINT('',(-13.29170791073,-60.1049286963,
    58.220404003577));
#159 = CARTESIAN_POINT('',(-13.025572762,-59.95966324642,58.1968364162)
  );
#160 = CARTESIAN_POINT('',(-12.75874455771,-59.81380874297,
    58.186353189786));
#161 = ( BOUNDED_SURFACE() B_SPLINE_SURFACE(3,2,(
    (#162,#163,#164)
    ,(#165,#166,#167)
    ,(#168,#169,#170)
    ,(#171,#172,#173)
    ,(#174,#175,#176)
    ,(#177,#178,#179)
    ,(#180,#181,#182)
    ,(#183,#184,#185)
    ,(#186,#187,#188)
    ,(#189,#190,#191)
    ,(#192,#193,#194)
    ,(#195,#196,#197)
    ,(#198,#199,#200)
    ,(#201,#202,#203)
    ,(#204,#205,#206)
    ,(#207,#208,#209)
    ,(#210,#211,#212)
    ,(#213,#214,#215
)),.UNSPECIFIED.,.F.,.F.,.F.) B_SPLINE_SURFACE_WITH_KNOTS((4,2,2,2,2,2,2
    ,2,4),(3,3),(3.024280298098E-04,1.784162680953E-03,
    2.525030006524E-03,3.265897332095E-03,4.006764657667E-03,
    4.747631983238E-03,5.118065646024E-03,5.48849930881E-03,
    6.229366634381E-03),(0.,1.),.UNSPECIFIED.) 
GEOMETRIC_REPRESENTATION_ITEM() RATIONAL_B_SPLINE_SURFACE((
    (1.,0.998641522477,1.)
    ,(1.,0.994371761045,1.)
    ,(1.,0.980187928221,1.)
    ,(1.,0.945124667673,1.)
    ,(1.,0.931024460732,1.)
    ,(1.,0.898957645362,1.)
    ,(1.,0.881196596117,1.)
    ,(1.,0.843572431099,1.)
    ,(1.,0.823678449859,1.)
    ,(1.,0.784054971305,1.)
    ,(1.,0.764851188751,1.)
    ,(1.,0.740686137785,1.)
    ,(1.,0.733334792547,1.)
    ,(1.,0.721125811091,1.)
    ,(1.,0.716249196123,1.)
    ,(1.,0.7058433508,1.)
    ,(1.,0.704663538352,1.)
,(1.,0.709796627281,1.))) REPRESENTATION_ITEM('') SURFACE() );
#162 = CARTESIAN_POINT('',(-12.36000051991,-59.59567427712,
    58.180519232192));
#163 = CARTESIAN_POINT('',(-12.30266613406,-59.64855002028,
    58.18704244478));
#164 = CARTESIAN_POINT('',(-12.24525079179,-59.701714458,58.185414761087
    ));
#165 = CARTESIAN_POINT('',(-12.72432821216,-59.79514331497,
    58.177060989884));
#166 = CARTESIAN_POINT('',(-12.57800292044,-59.93142046383,
    58.200762155188));
#167 = CARTESIAN_POINT('',(-12.42980069445,-60.06740260526,
    58.190646618149));
#168 = CARTESIAN_POINT('',(-13.08251743053,-59.99082281105,
    58.19643122204));
#169 = CARTESIAN_POINT('',(-12.85256303521,-60.21010591289,
    58.27279854793));
#170 = CARTESIAN_POINT('',(-12.61233909037,-60.42615340078,
    58.223383033774));
#171 = CARTESIAN_POINT('',(-13.60538138657,-60.27585978295,
    58.267341345535));
#172 = CARTESIAN_POINT('',(-13.22180699757,-60.57483406305,
    58.457036996401));
#173 = CARTESIAN_POINT('',(-12.88444657014,-60.9487212206,
    58.319497647758));
#174 = CARTESIAN_POINT('',(-13.77836027604,-60.37004642661,
    58.298370079769));
#175 = CARTESIAN_POINT('',(-13.34220134043,-60.69177938123,
    58.534482486628));
#176 = CARTESIAN_POINT('',(-12.97545166527,-61.12139676465,
    58.359839655562));
#177 = CARTESIAN_POINT('',(-14.11302858876,-60.55194240141,
    58.377672335778));
#178 = CARTESIAN_POINT('',(-13.56131559076,-60.90016780832,
    58.712618293668));
#179 = CARTESIAN_POINT('',(-13.15424622128,-61.45487290935,
    58.458642930299));
#180 = CARTESIAN_POINT('',(-14.27282990161,-60.63862687263,
    58.425379854037));
#181 = CARTESIAN_POINT('',(-13.65887450052,-60.99034735459,
    58.813640979411));
#182 = CARTESIAN_POINT('',(-13.24101452006,-61.61379450628,
    58.516413199108));
#183 = CARTESIAN_POINT('',(-14.57493309733,-60.80196036283,
    58.540675088538));
#184 = CARTESIAN_POINT('',(-13.82279168309,-61.13715471473,
    59.027759073624));
#185 = CARTESIAN_POINT('',(-13.40844869145,-61.91323919248,
    58.651546238763));
#186 = CARTESIAN_POINT('',(-14.71730601751,-60.87865106445,
    58.608165208405));
#187 = CARTESIAN_POINT('',(-13.88798867157,-61.19246044965,
    59.141980173562));
#188 = CARTESIAN_POINT('',(-13.48914695049,-62.05383873306,
    58.728818928323));
#189 = CARTESIAN_POINT('',(-14.97968417946,-61.01901514847,
    58.770309863363));
#190 = CARTESIAN_POINT('',(-13.97930027253,-61.26523058257,
    59.364416728804));
#191 = CARTESIAN_POINT('',(-13.64237270268,-62.31117275789,
    58.90909281423));
#192 = CARTESIAN_POINT('',(-15.09615908111,-61.08078697608,
    58.863158788167));
#193 = CARTESIAN_POINT('',(-14.00146043789,-61.27926460599,
    59.46804593783));
#194 = CARTESIAN_POINT('',(-13.71288414288,-62.42442108705,
    59.010031793817));
#195 = CARTESIAN_POINT('',(-15.24031633799,-61.15603038209,
    59.021432227631));
#196 = CARTESIAN_POINT('',(-14.01008740397,-61.28150495821,
    59.590471696372));
#197 = CARTESIAN_POINT('',(-13.80449930217,-62.56236731663,59.1777644278
    ));
#198 = CARTESIAN_POINT('',(-15.2837556224,-61.17845380453,
    59.078057168978));
#199 = CARTESIAN_POINT('',(-14.00879219142,-61.27906620735,
    59.626351729804));
#200 = CARTESIAN_POINT('',(-13.83299464784,-62.60347692703,
    59.237126926079));
#201 = CARTESIAN_POINT('',(-15.35753313519,-61.21592908855,59.1958396357
    ));
#202 = CARTESIAN_POINT('',(-14.00228413678,-61.27251364589,
    59.684932250229));
#203 = CARTESIAN_POINT('',(-13.88337189847,-62.67218161446,
    59.359228973747));
#204 = CARTESIAN_POINT('',(-15.38800169202,-61.23105656878,
    59.256941313921));
#205 = CARTESIAN_POINT('',(-13.99715117302,-61.26849612291,
    59.707378443339));
#206 = CARTESIAN_POINT('',(-13.90531909017,-62.69991532901,
    59.421923424137));
#207 = CARTESIAN_POINT('',(-15.45976090816,-61.26539463745,
    59.447115969001));
#208 = CARTESIAN_POINT('',(-13.98359652683,-61.26076836958,
    59.761078186075));
#209 = CARTESIAN_POINT('',(-13.96098399452,-62.762868453,59.615111866213
    ));
#210 = CARTESIAN_POINT('',(-15.481031975,-61.27329069105,59.585205422339
    ));
#211 = CARTESIAN_POINT('',(-13.97908199547,-61.26348187664,
    59.77623007413));
#212 = CARTESIAN_POINT('',(-13.98449435426,-62.77734048399,
    59.75281348491));
#213 = CARTESIAN_POINT('',(-15.47365845769,-61.26538919471,
    59.724779444848));
#214 = CARTESIAN_POINT('',(-13.98720439857,-61.27671731432,
    59.804052508292));
#215 = CARTESIAN_POINT('',(-13.99173020895,-62.76285847583,
    59.889622244992));
#216 = ADVANCED_FACE('',(#217),#254,.T.);
#217 = FACE_BOUND('',#218,.T.);
#218 = EDGE_LOOP('',(#219,#228,#237,#246,#253));
#219 = ORIENTED_EDGE('',*,*,#220,.F.);
#220 = EDGE_CURVE('',#221,#33,#223,.T.);
#221 = VERTEX_POINT('',#222);
#222 = CARTESIAN_POINT('',(-12.1169254164,-64.98997134243,
    58.186353189786));
#223 = B_SPLINE_CURVE_WITH_KNOTS('',3,(#224,#225,#226,#227),
  .UNSPECIFIED.,.F.,.F.,(4,4),(0.,7.653104929213E-05),
  .PIECEWISE_BEZIER_KNOTS.);
#224 = CARTESIAN_POINT('',(-12.1169254164,-64.98997134243,
    58.186353189786));
#225 = CARTESIAN_POINT('',(-12.14276715882,-64.98998828542,
    58.185242158581));
#226 = CARTESIAN_POINT('',(-12.16853912285,-64.9899444939,
    58.184691882897));
#227 = CARTESIAN_POINT('',(-12.19424258692,-64.98983992646,
    58.184691882897));
#228 = ORIENTED_EDGE('',*,*,#229,.F.);
#229 = EDGE_CURVE('',#230,#221,#232,.T.);
#230 = VERTEX_POINT('',#231);
#231 = CARTESIAN_POINT('',(-11.36504123735,-64.99129919616,
    58.186353189786));
#232 = B_SPLINE_CURVE_WITH_KNOTS('',3,(#233,#234,#235,#236),
  .UNSPECIFIED.,.F.,.F.,(4,4),(0.,7.518853369481E-04),
  .PIECEWISE_BEZIER_KNOTS.);
#233 = CARTESIAN_POINT('',(-11.36504123735,-64.99129919616,
    58.186353189786));
#234 = CARTESIAN_POINT('',(-11.61566968787,-64.99129919616,
    58.186353189786));
#235 = CARTESIAN_POINT('',(-11.86629864753,-64.99088945783,
    58.186353189786));
#236 = CARTESIAN_POINT('',(-12.1169254164,-64.98997134243,
    58.186353189786));
#237 = ORIENTED_EDGE('',*,*,#238,.F.);
#238 = EDGE_CURVE('',#239,#230,#241,.T.);
#239 = VERTEX_POINT('',#240);
#240 = CARTESIAN_POINT('',(-11.36504123735,-63.,60.));
#241 = CIRCLE('',#242,2.);
#242 = AXIS2_PLACEMENT_3D('',#243,#244,#245);
#243 = CARTESIAN_POINT('',(-11.36504123735,-63.,58.));
#244 = DIRECTION('',(1.,-6.938893903907E-15,-1.040834085586E-14));
#245 = DIRECTION('',(-1.040834085586E-14,-8.968310171679E-44,-1.));
#246 = ORIENTED_EDGE('',*,*,#247,.F.);
#247 = EDGE_CURVE('',#41,#239,#248,.T.);
#248 = B_SPLINE_CURVE_WITH_KNOTS('',3,(#249,#250,#251,#252),
  .UNSPECIFIED.,.F.,.F.,(4,4),(0.918696147772,1.),
  .PIECEWISE_BEZIER_KNOTS.);
#249 = CARTESIAN_POINT('',(-13.9888494328,-63.00168888999,
    59.845457478699));
#250 = CARTESIAN_POINT('',(-13.12287256224,-63.,59.948085915528));
#251 = CARTESIAN_POINT('',(-12.24833732157,-63.,60.));
#252 = CARTESIAN_POINT('',(-11.36504123735,-63.,60.));
#253 = ORIENTED_EDGE('',*,*,#40,.F.);
#254 = ( BOUNDED_SURFACE() B_SPLINE_SURFACE(3,2,(
    (#255,#256,#257)
    ,(#258,#259,#260)
    ,(#261,#262,#263)
    ,(#264,#265,#266
)),.UNSPECIFIED.,.F.,.F.,.F.) B_SPLINE_SURFACE_WITH_KNOTS((4,4),(3,3),(
    2.6623435351E-02,2.901518383461E-02),(5.872097343531E-02,1.),
.PIECEWISE_BEZIER_KNOTS.) GEOMETRIC_REPRESENTATION_ITEM() 
RATIONAL_B_SPLINE_SURFACE((
    (0.967621931256,0.724305756108,1.)
    ,(0.967621931256,0.724305756108,1.)
    ,(0.967621931256,0.724305756108,1.)
,(0.967621931256,0.724305756108,1.
  ))) REPRESENTATION_ITEM('') SURFACE() );
#255 = CARTESIAN_POINT('',(-13.78912360773,-64.99287293392,
    58.024998958681));
#256 = CARTESIAN_POINT('',(-14.00606661572,-64.83785584212,
    59.843410223756));
#257 = CARTESIAN_POINT('',(-14.00606661572,-63.,59.843410223756));
#258 = CARTESIAN_POINT('',(-12.98741119984,-64.99287293392,
    58.12064613419));
#259 = CARTESIAN_POINT('',(-13.13229096265,-64.83785584212,
    59.947654803766));
#260 = CARTESIAN_POINT('',(-13.13229096263,-63.,59.9476548037));
#261 = CARTESIAN_POINT('',(-12.17935513965,-64.99287293392,
    58.168693417857));
#262 = CARTESIAN_POINT('',(-12.25135684807,-64.83785584214,60.));
#263 = CARTESIAN_POINT('',(-12.25135684808,-63.00000000001,60.));
#264 = CARTESIAN_POINT('',(-11.36504123735,-64.99287293392,
    58.168693417893));
#265 = CARTESIAN_POINT('',(-11.36504123735,-64.83785584212,60.));
#266 = CARTESIAN_POINT('',(-11.36504123735,-63.,60.));
#267 = ADVANCED_FACE('',(#268),#412,.F.);
#268 = FACE_BOUND('',#269,.T.);
#269 = EDGE_LOOP('',(#270,#281,#290,#298,#307,#316,#324,#333,#345,#354,
    #363,#369,#370,#379,#391,#406));
#270 = ORIENTED_EDGE('',*,*,#271,.F.);
#271 = EDGE_CURVE('',#272,#274,#276,.T.);
#272 = VERTEX_POINT('',#273);
#273 = CARTESIAN_POINT('',(-11.51711826374,-55.96842605999,
    58.186353189786));
#274 = VERTEX_POINT('',#275);
#275 = CARTESIAN_POINT('',(-12.19424260821,-57.46842605841,
    58.186353189786));
#276 = CIRCLE('',#277,2.);
#277 = AXIS2_PLACEMENT_3D('',#278,#279,#280);
#278 = CARTESIAN_POINT('',(-10.19424260821,-57.46842605999,
    58.186353189786));
#279 = DIRECTION('',(-6.846180202327E-30,3.210885751379E-27,1.));
#280 = DIRECTION('',(1.,-1.58599522404E-09,6.846185294776E-30));
#281 = ORIENTED_EDGE('',*,*,#282,.T.);
#282 = EDGE_CURVE('',#272,#283,#285,.T.);
#283 = VERTEX_POINT('',#284);
#284 = CARTESIAN_POINT('',(-11.25254313263,-55.86842605999,
    58.186353189786));
#285 = CIRCLE('',#286,0.4);
#286 = AXIS2_PLACEMENT_3D('',#287,#288,#289);
#287 = CARTESIAN_POINT('',(-11.25254313263,-56.26842605999,
    58.186353189786));
#288 = DIRECTION('',(6.846180202327E-30,-3.210885751379E-27,-1.));
#289 = DIRECTION('',(-2.168404344971E-14,-1.,3.210885751379E-27));
#290 = ORIENTED_EDGE('',*,*,#291,.F.);
#291 = EDGE_CURVE('',#292,#283,#294,.T.);
#292 = VERTEX_POINT('',#293);
#293 = CARTESIAN_POINT('',(11.252543132629,-55.86842605999,
    58.186353189786));
#294 = LINE('',#295,#296);
#295 = CARTESIAN_POINT('',(-1.398472589007E-14,-55.86842605999,
    58.186353189786));
#296 = VECTOR('',#297,1.);
#297 = DIRECTION('',(-1.,2.503153726768E-16,-6.846180202328E-30));
#298 = ORIENTED_EDGE('',*,*,#299,.T.);
#299 = EDGE_CURVE('',#292,#300,#302,.T.);
#300 = VERTEX_POINT('',#301);
#301 = CARTESIAN_POINT('',(11.517118263735,-55.96842605999,
    58.186353189786));
#302 = CIRCLE('',#303,0.4);
#303 = AXIS2_PLACEMENT_3D('',#304,#305,#306);
#304 = CARTESIAN_POINT('',(11.252543132629,-56.26842605999,
    58.186353189786));
#305 = DIRECTION('',(6.846180202327E-30,-3.210885751379E-27,-1.));
#306 = DIRECTION('',(-2.168404344971E-14,-1.,3.210885751379E-27));
#307 = ORIENTED_EDGE('',*,*,#308,.F.);
#308 = EDGE_CURVE('',#309,#300,#311,.T.);
#309 = VERTEX_POINT('',#310);
#310 = CARTESIAN_POINT('',(12.194242608204,-57.46842605841,
    58.186353189786));
#311 = CIRCLE('',#312,2.);
#312 = AXIS2_PLACEMENT_3D('',#313,#314,#315);
#313 = CARTESIAN_POINT('',(10.194242608204,-57.46842605999,
    58.186353189786));
#314 = DIRECTION('',(-6.846180202327E-30,3.210885751379E-27,1.));
#315 = DIRECTION('',(1.,-1.58599522404E-09,6.846185294776E-30));
#316 = ORIENTED_EDGE('',*,*,#317,.F.);
#317 = EDGE_CURVE('',#318,#309,#320,.T.);
#318 = VERTEX_POINT('',#319);
#319 = CARTESIAN_POINT('',(12.194242608206,-59.36459036057,
    58.186353189786));
#320 = LINE('',#321,#322);
#321 = CARTESIAN_POINT('',(12.194242608204,-59.46842606017,
    58.186353189786));
#322 = VECTOR('',#323,1.);
#323 = DIRECTION('',(2.067951531383E-25,1.,-5.426512006971E-14));
#324 = ORIENTED_EDGE('',*,*,#325,.T.);
#325 = EDGE_CURVE('',#318,#326,#328,.T.);
#326 = VERTEX_POINT('',#327);
#327 = CARTESIAN_POINT('',(12.12272933609,-59.43861891337,
    58.186353189786));
#328 = B_SPLINE_CURVE_WITH_KNOTS('',3,(#329,#330,#331,#332),
  .UNSPECIFIED.,.F.,.F.,(4,4),(2.833013691535E-03,2.936945591677E-03),
  .PIECEWISE_BEZIER_KNOTS.);
#329 = CARTESIAN_POINT('',(12.194242608206,-59.36459036057,
    58.186353189786));
#330 = CARTESIAN_POINT('',(12.165833606192,-59.38437192308,
    58.186353189786));
#331 = CARTESIAN_POINT('',(12.136807347448,-59.40718782098,
    58.186353189786));
#332 = CARTESIAN_POINT('',(12.12272933609,-59.43861891337,
    58.186353189786));
#333 = ORIENTED_EDGE('',*,*,#334,.F.);
#334 = EDGE_CURVE('',#335,#326,#337,.T.);
#335 = VERTEX_POINT('',#336);
#336 = CARTESIAN_POINT('',(12.116925419966,-59.46663182293,
    58.186353189786));
#337 = B_SPLINE_CURVE_WITH_KNOTS('',3,(#338,#339,#340,#341,#342,#343,
    #344),.UNSPECIFIED.,.F.,.F.,(4,3,4),(0.,2.29833859651E-05,
    2.863623600118E-05),.UNSPECIFIED.);
#338 = CARTESIAN_POINT('',(12.116925419966,-59.46663182293,
    58.186353189786));
#339 = CARTESIAN_POINT('',(12.116925421817,-59.45897068678,
    58.18635318974));
#340 = CARTESIAN_POINT('',(12.118131557691,-59.45119215666,
    58.186353189786));
#341 = CARTESIAN_POINT('',(12.120624945042,-59.44394813072,
    58.186353189786));
#342 = CARTESIAN_POINT('',(12.12124653601,-59.44214222555,
    58.186353189786));
#343 = CARTESIAN_POINT('',(12.121948629884,-59.44036194711,
    58.186353189786));
#344 = CARTESIAN_POINT('',(12.12272933609,-59.43861891337,
    58.186353189786));
#345 = ORIENTED_EDGE('',*,*,#346,.T.);
#346 = EDGE_CURVE('',#335,#347,#349,.T.);
#347 = VERTEX_POINT('',#348);
#348 = CARTESIAN_POINT('',(12.11692541875,-64.98997134242,
    58.186353189786));
#349 = B_SPLINE_CURVE_WITH_KNOTS('',3,(#350,#351,#352,#353),
  .UNSPECIFIED.,.F.,.F.,(4,4),(7.511390948084E-03,1.303473046757E-02),
  .PIECEWISE_BEZIER_KNOTS.);
#350 = CARTESIAN_POINT('',(12.116925419966,-59.46663182293,
    58.186353189786));
#351 = CARTESIAN_POINT('',(12.11692541956,-61.3077449961,58.186353189786
    ));
#352 = CARTESIAN_POINT('',(12.116925419155,-63.14885816926,
    58.186353189786));
#353 = CARTESIAN_POINT('',(12.11692541875,-64.98997134242,
    58.186353189786));
#354 = ORIENTED_EDGE('',*,*,#355,.T.);
#355 = EDGE_CURVE('',#347,#356,#358,.T.);
#356 = VERTEX_POINT('',#357);
#357 = CARTESIAN_POINT('',(11.365041237352,-64.99129919616,
    58.186353189786));
#358 = B_SPLINE_CURVE_WITH_KNOTS('',3,(#359,#360,#361,#362),
  .UNSPECIFIED.,.F.,.F.,(4,4),(7.731762065354E-05,8.292029599467E-04),
  .PIECEWISE_BEZIER_KNOTS.);
#359 = CARTESIAN_POINT('',(12.11692541875,-64.98997134242,
    58.186353189786));
#360 = CARTESIAN_POINT('',(11.866298649095,-64.99088945782,
    58.186353189786));
#361 = CARTESIAN_POINT('',(11.615669688657,-64.99129919616,
    58.186353189786));
#362 = CARTESIAN_POINT('',(11.365041237352,-64.99129919616,
    58.186353189786));
#363 = ORIENTED_EDGE('',*,*,#364,.T.);
#364 = EDGE_CURVE('',#356,#230,#365,.T.);
#365 = LINE('',#366,#367);
#366 = CARTESIAN_POINT('',(12.517036357209,-64.99129919616,
    58.186353189786));
#367 = VECTOR('',#368,1.);
#368 = DIRECTION('',(-1.,0.,0.));
#369 = ORIENTED_EDGE('',*,*,#229,.T.);
#370 = ORIENTED_EDGE('',*,*,#371,.T.);
#371 = EDGE_CURVE('',#221,#372,#374,.T.);
#372 = VERTEX_POINT('',#373);
#373 = CARTESIAN_POINT('',(-12.11692541517,-59.46663181527,
    58.186353189786));
#374 = B_SPLINE_CURVE_WITH_KNOTS('',3,(#375,#376,#377,#378),
  .UNSPECIFIED.,.F.,.F.,(4,4),(6.262393796535E-03,1.178573332369E-02),
  .PIECEWISE_BEZIER_KNOTS.);
#375 = CARTESIAN_POINT('',(-12.1169254164,-64.98997134243,
    58.186353189786));
#376 = CARTESIAN_POINT('',(-12.11692541599,-63.14885816671,
    58.186353189786));
#377 = CARTESIAN_POINT('',(-12.11692541558,-61.30774499099,
    58.186353189786));
#378 = CARTESIAN_POINT('',(-12.11692541517,-59.46663181527,
    58.186353189786));
#379 = ORIENTED_EDGE('',*,*,#380,.F.);
#380 = EDGE_CURVE('',#381,#372,#383,.T.);
#381 = VERTEX_POINT('',#382);
#382 = CARTESIAN_POINT('',(-12.12272931875,-59.43861894662,
    58.186353189786));
#383 = B_SPLINE_CURVE_WITH_KNOTS('',3,(#384,#385,#386,#387,#388,#389,
    #390),.UNSPECIFIED.,.F.,.F.,(4,3,4),(0.,2.29767298498E-05,
    2.862962103192E-05),.UNSPECIFIED.);
#384 = CARTESIAN_POINT('',(-12.12272931875,-59.43861894662,
    58.186353189786));
#385 = CARTESIAN_POINT('',(-12.11959858236,-59.44560875286,
    58.186353189786));
#386 = CARTESIAN_POINT('',(-12.11774107728,-59.45327132,58.186353189786)
  );
#387 = CARTESIAN_POINT('',(-12.11714653142,-59.46090711837,
    58.186353189786));
#388 = CARTESIAN_POINT('',(-12.11699828871,-59.46281101099,
    58.186353189786));
#389 = CARTESIAN_POINT('',(-12.11692541536,-59.46472216007,
    58.186353189786));
#390 = CARTESIAN_POINT('',(-12.11692541517,-59.46663181527,
    58.186353189786));
#391 = ORIENTED_EDGE('',*,*,#392,.T.);
#392 = EDGE_CURVE('',#381,#393,#395,.T.);
#393 = VERTEX_POINT('',#394);
#394 = CARTESIAN_POINT('',(-12.19424258596,-59.36459037179,
    58.186353189786));
#395 = B_SPLINE_CURVE_WITH_KNOTS('',3,(#396,#397,#398,#399,#400,#401,
    #402,#403,#404,#405),.UNSPECIFIED.,.F.,.F.,(4,3,3,4),(
    1.653545760974E-04,1.701540720522E-04,2.109357980009E-04,
    2.693616669856E-04),.UNSPECIFIED.);
#396 = CARTESIAN_POINT('',(-12.12272931875,-59.43861894662,
    58.186353189786));
#397 = CARTESIAN_POINT('',(-12.12338832478,-59.43714762362,
    58.186353189786));
#398 = CARTESIAN_POINT('',(-12.12408821723,-59.43569403706,
    58.186353189786));
#399 = CARTESIAN_POINT('',(-12.12482455067,-59.43425984971,
    58.186353189786));
#400 = CARTESIAN_POINT('',(-12.13101237349,-59.42220756909,
    58.186353189786));
#401 = CARTESIAN_POINT('',(-12.13972989805,-59.41142631604,
    58.186353189786));
#402 = CARTESIAN_POINT('',(-12.14919423969,-59.40173235623,
    58.186353189786));
#403 = CARTESIAN_POINT('',(-12.16278994831,-59.3878067967,
    58.186353189786));
#404 = CARTESIAN_POINT('',(-12.17827118449,-59.37571147048,
    58.186353189786));
#405 = CARTESIAN_POINT('',(-12.19424258596,-59.36459037179,
    58.186353189786));
#406 = ORIENTED_EDGE('',*,*,#407,.F.);
#407 = EDGE_CURVE('',#274,#393,#408,.T.);
#408 = LINE('',#409,#410);
#409 = CARTESIAN_POINT('',(-12.19424260821,-57.46842605682,
    58.186353189786));
#410 = VECTOR('',#411,1.);
#411 = DIRECTION('',(-2.067951531383E-25,-1.,5.426512006971E-14));
#412 = PLANE('',#413);
#413 = AXIS2_PLACEMENT_3D('',#414,#415,#416);
#414 = CARTESIAN_POINT('',(8.797265693694E-08,4.97539885121,
    58.186353189786));
#415 = DIRECTION('',(-6.846180202327E-30,3.210885751379E-27,1.));
#416 = DIRECTION('',(1.,-1.585995564997E-09,6.846185294778E-30));
#417 = ADVANCED_FACE('',(#418),#455,.F.);
#418 = FACE_BOUND('',#419,.F.);
#419 = EDGE_LOOP('',(#420,#429,#430,#439,#448));
#420 = ORIENTED_EDGE('',*,*,#421,.T.);
#421 = EDGE_CURVE('',#422,#381,#424,.T.);
#422 = VERTEX_POINT('',#423);
#423 = CARTESIAN_POINT('',(-12.12768181349,-59.46842606024,
    58.185922952971));
#424 = B_SPLINE_CURVE_WITH_KNOTS('',3,(#425,#426,#427,#428),
  .UNSPECIFIED.,.F.,.F.,(4,4),(-8.699435154331E-06,2.150660319277E-05),
  .PIECEWISE_BEZIER_KNOTS.);
#425 = CARTESIAN_POINT('',(-12.12768181349,-59.46842606024,
    58.185922952971));
#426 = CARTESIAN_POINT('',(-12.12602858212,-59.45849419486,
    58.185984128335));
#427 = CARTESIAN_POINT('',(-12.12437696737,-59.44855360565,
    58.186127575622));
#428 = CARTESIAN_POINT('',(-12.12272931875,-59.43861894662,
    58.186353189786));
#429 = ORIENTED_EDGE('',*,*,#392,.T.);
#430 = ORIENTED_EDGE('',*,*,#431,.T.);
#431 = EDGE_CURVE('',#393,#432,#434,.T.);
#432 = VERTEX_POINT('',#433);
#433 = CARTESIAN_POINT('',(-12.19424257819,-59.46842606024,
    58.183353307724));
#434 = B_SPLINE_CURVE_WITH_KNOTS('',3,(#435,#436,#437,#438),
  .UNSPECIFIED.,.F.,.F.,(4,4),(0.,1.),.PIECEWISE_BEZIER_KNOTS.);
#435 = CARTESIAN_POINT('',(-12.19424258596,-59.36459037179,
    58.186353189786));
#436 = CARTESIAN_POINT('',(-12.19424260821,-59.3992022679,
    58.185353228101));
#437 = CARTESIAN_POINT('',(-12.19424260821,-59.43381416407,
    58.184353267308));
#438 = CARTESIAN_POINT('',(-12.19424257819,-59.46842606024,
    58.183353307724));
#439 = ORIENTED_EDGE('',*,*,#440,.F.);
#440 = EDGE_CURVE('',#441,#432,#443,.T.);
#441 = VERTEX_POINT('',#442);
#442 = CARTESIAN_POINT('',(-12.19424260821,-59.50484246685,
    58.183722019006));
#443 = B_SPLINE_CURVE_WITH_KNOTS('',3,(#444,#445,#446,#447),
  .UNSPECIFIED.,.F.,.F.,(4,4),(6.746716305457E-05,1.038790292256E-04),
  .PIECEWISE_BEZIER_KNOTS.);
#444 = CARTESIAN_POINT('',(-12.19424260821,-59.50484246685,
    58.183722019006));
#445 = CARTESIAN_POINT('',(-12.19424260821,-59.49270553112,
    58.183476223322));
#446 = CARTESIAN_POINT('',(-12.19424260821,-59.48056548462,
    58.183353306515));
#447 = CARTESIAN_POINT('',(-12.19424257819,-59.46842606024,
    58.183353307724));
#448 = ORIENTED_EDGE('',*,*,#449,.T.);
#449 = EDGE_CURVE('',#441,#422,#450,.T.);
#450 = B_SPLINE_CURVE_WITH_KNOTS('',3,(#451,#452,#453,#454),
  .UNSPECIFIED.,.F.,.F.,(4,4),(4.40133907357E-03,4.47858335791E-03),
  .PIECEWISE_BEZIER_KNOTS.);
#451 = CARTESIAN_POINT('',(-12.19424260821,-59.50484246685,
    58.183722019006));
#452 = CARTESIAN_POINT('',(-12.17213864863,-59.49272592751,
    58.184366824452));
#453 = CARTESIAN_POINT('',(-12.15025361277,-59.48078651483,
    58.185087717163));
#454 = CARTESIAN_POINT('',(-12.12768181349,-59.46842606024,
    58.185922952971));
#455 = ( BOUNDED_SURFACE() B_SPLINE_SURFACE(3,3,(
    (#456,#457,#458,#459,#460,#461,#462,#463,#464,#465,#466,#467,#468
      ,#469,#470,#471,#472,#473,#474,#475,#476,#477,#478,#479,#480,#481
      ,#482,#483,#484,#485,#486,#487,#488,#489,#490,#491,#492,#493,#494
      ,#495,#496,#497,#498,#499,#500,#501,#502,#503,#504,#505,#506,#507
      ,#508,#509)
    ,(#510,#511,#512,#513,#514,#515,#516,#517,#518,#519,#520,#521,#522
      ,#523,#524,#525,#526,#527,#528,#529,#530,#531,#532,#533,#534,#535
      ,#536,#537,#538,#539,#540,#541,#542,#543,#544,#545,#546,#547,#548
      ,#549,#550,#551,#552,#553,#554,#555,#556,#557,#558,#559,#560,#561
      ,#562,#563)
    ,(#564,#565,#566,#567,#568,#569,#570,#571,#572,#573,#574,#575,#576
      ,#577,#578,#579,#580,#581,#582,#583,#584,#585,#586,#587,#588,#589
      ,#590,#591,#592,#593,#594,#595,#596,#597,#598,#599,#600,#601,#602
      ,#603,#604,#605,#606,#607,#608,#609,#610,#611,#612,#613,#614,#615
      ,#616,#617)
    ,(#618,#619,#620,#621,#622,#623,#624,#625,#626,#627,#628,#629,#630
      ,#631,#632,#633,#634,#635,#636,#637,#638,#639,#640,#641,#642,#643
      ,#644,#645,#646,#647,#648,#649,#650,#651,#652,#653,#654,#655,#656
      ,#657,#658,#659,#660,#661,#662,#663,#664,#665,#666,#667,#668,#669
      ,#670,#671)
    ,(#672,#673,#674,#675,#676,#677,#678,#679,#680,#681,#682,#683,#684
      ,#685,#686,#687,#688,#689,#690,#691,#692,#693,#694,#695,#696,#697
      ,#698,#699,#700,#701,#702,#703,#704,#705,#706,#707,#708,#709,#710
      ,#711,#712,#713,#714,#715,#716,#717,#718,#719,#720,#721,#722,#723
      ,#724,#725)
    ,(#726,#727,#728,#729,#730,#731,#732,#733,#734,#735,#736,#737,#738
      ,#739,#740,#741,#742,#743,#744,#745,#746,#747,#748,#749,#750,#751
      ,#752,#753,#754,#755,#756,#757,#758,#759,#760,#761,#762,#763,#764
      ,#765,#766,#767,#768,#769,#770,#771,#772,#773,#774,#775,#776,#777
      ,#778,#779)
    ,(#780,#781,#782,#783,#784,#785,#786,#787,#788,#789,#790,#791,#792
      ,#793,#794,#795,#796,#797,#798,#799,#800,#801,#802,#803,#804,#805
      ,#806,#807,#808,#809,#810,#811,#812,#813,#814,#815,#816,#817,#818
      ,#819,#820,#821,#822,#823,#824,#825,#826,#827,#828,#829,#830,#831
      ,#832,#833
)),.UNSPECIFIED.,.T.,.F.,.F.) B_SPLINE_SURFACE_WITH_KNOTS((1,3,3,3,1),(4
    ,2,2,2,2,2,2,2,2,2,2,2,2,2,2,2,2,2,2,2,2,2,2,2,2,2,4),(-0.5,0.,0.5,
    1.,1.5),(-0.310540080864,-0.155270040432,-7.763502021599E-02,
    -3.8817510108E-02,-1.9408755054E-02,-9.704377526999E-03,0.,
    9.273551643185E-03,1.854710328637E-02,3.709420657274E-02,
    7.418841314548E-02,0.148376826291,0.452981221314,0.605283418825,
    0.757585616337,0.878792808168,0.939396404084,0.969698202042,
    0.984849101021,0.992424550511,1.,1.009704362525,1.01940872505,
    1.0388174501,1.0776349002,1.1552698004,1.3105396008),.UNSPECIFIED.) 
GEOMETRIC_REPRESENTATION_ITEM() RATIONAL_B_SPLINE_SURFACE((
    (1.,1.,1.,1.,1.,1.,1.,1.,1.,1.,1.,1.,1.,1.,1.,1.,1.,1.,1.,1.,1.,1.
      ,1.,1.,1.,1.,1.,1.,1.,1.,1.,1.,1.,1.,1.,1.,1.,1.,1.,1.,1.,1.,1.,1.
      ,1.,1.,1.,1.,1.,1.,1.,1.,1.,1.)
    ,(0.333333333333,0.333333333333,0.333333333333,0.333333333333
      ,0.333333333333,0.333333333333,0.333333333333,0.333333333333
      ,0.333333333333,0.333333333333,0.333333333333,0.333333333333
      ,0.333333333333,0.333333333333,0.333333333333,0.333333333333
      ,0.333333333333,0.333333333333,0.333333333333,0.333333333333
      ,0.333333333333,0.333333333333,0.333333333333,0.333333333333
      ,0.333333333333,0.333333333333,0.333333333333,0.333333333333
      ,0.333333333333,0.333333333333,0.333333333333,0.333333333333
      ,0.333333333333,0.333333333333,0.333333333333,0.333333333333
      ,0.333333333333,0.333333333333,0.333333333333,0.333333333333
      ,0.333333333333,0.333333333333,0.333333333333,0.333333333333
      ,0.333333333333,0.333333333333,0.333333333333,0.333333333333
      ,0.333333333333,0.333333333333,0.333333333333,0.333333333333
      ,0.333333333333,0.333333333333)
    ,(0.333333333333,0.333333333333,0.333333333333,0.333333333333
      ,0.333333333333,0.333333333333,0.333333333333,0.333333333333
      ,0.333333333333,0.333333333333,0.333333333333,0.333333333333
      ,0.333333333333,0.333333333333,0.333333333333,0.333333333333
      ,0.333333333333,0.333333333333,0.333333333333,0.333333333333
      ,0.333333333333,0.333333333333,0.333333333333,0.333333333333
      ,0.333333333333,0.333333333333,0.333333333333,0.333333333333
      ,0.333333333333,0.333333333333,0.333333333333,0.333333333333
      ,0.333333333333,0.333333333333,0.333333333333,0.333333333333
      ,0.333333333333,0.333333333333,0.333333333333,0.333333333333
      ,0.333333333333,0.333333333333,0.333333333333,0.333333333333
      ,0.333333333333,0.333333333333,0.333333333333,0.333333333333
      ,0.333333333333,0.333333333333,0.333333333333,0.333333333333
      ,0.333333333333,0.333333333333)
    ,(1.,1.,1.,1.,1.,1.,1.,1.,1.,1.,1.,1.,1.,1.,1.,1.,1.,1.,1.,1.,1.,1.
      ,1.,1.,1.,1.,1.,1.,1.,1.,1.,1.,1.,1.,1.,1.,1.,1.,1.,1.,1.,1.,1.,1.
      ,1.,1.,1.,1.,1.,1.,1.,1.,1.,1.)
    ,(0.333333333333,0.333333333333,0.333333333333,0.333333333333
      ,0.333333333333,0.333333333333,0.333333333333,0.333333333333
      ,0.333333333333,0.333333333333,0.333333333333,0.333333333333
      ,0.333333333333,0.333333333333,0.333333333333,0.333333333333
      ,0.333333333333,0.333333333333,0.333333333333,0.333333333333
      ,0.333333333333,0.333333333333,0.333333333333,0.333333333333
      ,0.333333333333,0.333333333333,0.333333333333,0.333333333333
      ,0.333333333333,0.333333333333,0.333333333333,0.333333333333
      ,0.333333333333,0.333333333333,0.333333333333,0.333333333333
      ,0.333333333333,0.333333333333,0.333333333333,0.333333333333
      ,0.333333333333,0.333333333333,0.333333333333,0.333333333333
      ,0.333333333333,0.333333333333,0.333333333333,0.333333333333
      ,0.333333333333,0.333333333333,0.333333333333,0.333333333333
      ,0.333333333333,0.333333333333)
    ,(0.333333333333,0.333333333333,0.333333333333,0.333333333333
      ,0.333333333333,0.333333333333,0.333333333333,0.333333333333
      ,0.333333333333,0.333333333333,0.333333333333,0.333333333333
      ,0.333333333333,0.333333333333,0.333333333333,0.333333333333
      ,0.333333333333,0.333333333333,0.333333333333,0.333333333333
      ,0.333333333333,0.333333333333,0.333333333333,0.333333333333
      ,0.333333333333,0.333333333333,0.333333333333,0.333333333333
      ,0.333333333333,0.333333333333,0.333333333333,0.333333333333
      ,0.333333333333,0.333333333333,0.333333333333,0.333333333333
      ,0.333333333333,0.333333333333,0.333333333333,0.333333333333
      ,0.333333333333,0.333333333333,0.333333333333,0.333333333333
      ,0.333333333333,0.333333333333,0.333333333333,0.333333333333
      ,0.333333333333,0.333333333333,0.333333333333,0.333333333333
      ,0.333333333333,0.333333333333)
    ,(1.,1.,1.,1.,1.,1.,1.,1.,1.,1.,1.,1.,1.,1.,1.,1.,1.,1.,1.,1.,1.,1.
      ,1.,1.,1.,1.,1.,1.,1.,1.,1.,1.,1.,1.,1.,1.,1.,1.,1.,1.,1.,1.,1.,1.
,1.,1.,1.,1.,1.,1.,1.,1.,1.,1.))) REPRESENTATION_ITEM('') SURFACE() );
#456 = CARTESIAN_POINT('',(-28.87893504472,-59.40188457255,
    54.631973564773));
#457 = CARTESIAN_POINT('',(-28.3282741364,-59.40188457256,
    55.045117017923));
#458 = CARTESIAN_POINT('',(-27.77761322808,-59.40188457255,
    55.458260471083));
#459 = CARTESIAN_POINT('',(-26.95162186561,-59.40188457255,
    56.077975650815));
#460 = CARTESIAN_POINT('',(-26.67629141145,-59.40188457255,
    56.284547377393));
#461 = CARTESIAN_POINT('',(-26.26329573021,-59.40188457255,
    56.594404967259));
#462 = CARTESIAN_POINT('',(-26.12563050313,-59.40188457255,
    56.697690830548));
#463 = CARTESIAN_POINT('',(-25.91913266251,-59.40188457255,
    56.852619625481));
#464 = CARTESIAN_POINT('',(-25.85030004898,-59.40188457255,
    56.904262557125));
#465 = CARTESIAN_POINT('',(-25.74705112867,-59.40188457255,
    56.981726954592));
#466 = CARTESIAN_POINT('',(-25.7126348219,-59.40188457255,
    57.007548420414));
#467 = CARTESIAN_POINT('',(-25.64380220836,-59.40188457255,
    57.059191352058));
#468 = CARTESIAN_POINT('',(-25.61085715437,-59.40188457255,
    57.083909677147));
#469 = CARTESIAN_POINT('',(-25.54067526363,-59.40188457255,
    57.13656357223));
#470 = CARTESIAN_POINT('',(-25.5035059473,-59.40188457255,
    57.164287667762));
#471 = CARTESIAN_POINT('',(-25.43185047693,-59.40188457255,
    57.217395189547));
#472 = CARTESIAN_POINT('',(-25.39595890643,-59.40188457255,
    57.243833718118));
#473 = CARTESIAN_POINT('',(-25.28809364399,-59.40188457255,
    57.322804113114));
#474 = CARTESIAN_POINT('',(-25.21592939989,-59.40188457255,
    57.374990785304));
#475 = CARTESIAN_POINT('',(-24.99868214048,-59.40188457255,
    57.530174200906));
#476 = CARTESIAN_POINT('',(-24.85284458622,-59.40188457255,
    57.631794286716));
#477 = CARTESIAN_POINT('',(-24.4123757441,-59.40188457256,
    57.931183354842));
#478 = CARTESIAN_POINT('',(-24.11471025848,-59.40188457255,
    58.123528101444));
#479 = CARTESIAN_POINT('',(-22.57640532707,-59.40188457255,
    59.068403591006));
#480 = CARTESIAN_POINT('',(-21.27367443604,-59.40188457254,
    59.709382237991));
#481 = CARTESIAN_POINT('',(-19.2226155657,-59.40188457256,
    60.491604033645));
#482 = CARTESIAN_POINT('',(-18.52324132009,-59.40188457257,
    60.721602918192));
#483 = CARTESIAN_POINT('',(-17.11999827442,-59.40188457254,
    61.112862448798));
#484 = CARTESIAN_POINT('',(-16.41319416598,-59.40188457255,
    61.275379387139));
#485 = CARTESIAN_POINT('',(-15.13508618774,-59.40188457256,
    61.509262812219));
#486 = CARTESIAN_POINT('',(-14.56519038704,-59.40188457255,
    61.592674680945));
#487 = CARTESIAN_POINT('',(-13.70485816861,-59.40188457255,
    61.686998653824));
#488 = CARTESIAN_POINT('',(-13.41720335608,-59.40188457255,
    61.713301978003));
#489 = CARTESIAN_POINT('',(-12.98446047667,-59.40188457255,
    61.744989601082));
#490 = CARTESIAN_POINT('',(-12.84000275469,-59.40188457255,
    61.754257654016));
#491 = CARTESIAN_POINT('',(-12.62300803715,-59.40188457255,
    61.766211113883));
#492 = CARTESIAN_POINT('',(-12.5506251091,-59.40188457255,
    61.769870835207));
#493 = CARTESIAN_POINT('',(-12.44197456034,-59.40188457255,
    61.774872449744));
#494 = CARTESIAN_POINT('',(-12.40574501796,-59.40188457255,
    61.776458326979));
#495 = CARTESIAN_POINT('',(-12.33326069359,-59.40188457255,
    61.779467293077));
#496 = CARTESIAN_POINT('',(-12.29565422154,-59.40188457255,
    61.780939978199));
#497 = CARTESIAN_POINT('',(-12.21601067343,-59.40188457255,
    61.783887141654));
#498 = CARTESIAN_POINT('',(-12.1747455506,-59.40188457255,
    61.785413132451));
#499 = CARTESIAN_POINT('',(-12.08875251852,-59.40188457255,
    61.788594253672));
#500 = CARTESIAN_POINT('',(-12.04575600248,-59.40188457255,
    61.790184814283));
#501 = CARTESIAN_POINT('',(-11.91676645436,-59.40188457255,
    61.794956496114));
#502 = CARTESIAN_POINT('',(-11.83077342228,-59.40188457255,
    61.798137617335));
#503 = CARTESIAN_POINT('',(-11.57279432604,-59.40188457255,
    61.807680980999));
#504 = CARTESIAN_POINT('',(-11.40080826188,-59.40188457255,
    61.814043223441));
#505 = CARTESIAN_POINT('',(-10.88485006941,-59.40188457255,
    61.833129950768));
#506 = CARTESIAN_POINT('',(-10.54087794109,-59.40188457255,
    61.845854435652));
#507 = CARTESIAN_POINT('',(-9.508961556145,-59.40188457255,
    61.884027890306));
#508 = CARTESIAN_POINT('',(-8.821017299509,-59.40188457255,
    61.909476860075));
#509 = CARTESIAN_POINT('',(-8.133073042875,-59.40188457255,
    61.934925829844));
#510 = CARTESIAN_POINT('',(-28.79906697781,-55.80434528553,
    54.525520898197));
#511 = CARTESIAN_POINT('',(-28.2484060695,-55.80434528553,
    54.938664351347));
#512 = CARTESIAN_POINT('',(-27.69774516118,-55.80434528553,
    55.351807804507));
#513 = CARTESIAN_POINT('',(-26.8717537987,-55.80434528553,
    55.971522984239));
#514 = CARTESIAN_POINT('',(-26.59642334455,-55.80434528553,
    56.178094710817));
#515 = CARTESIAN_POINT('',(-26.18342766331,-55.80434528553,
    56.487952300683));
#516 = CARTESIAN_POINT('',(-26.04576243623,-55.80434528553,
    56.591238163972));
#517 = CARTESIAN_POINT('',(-25.83926459561,-55.80434528553,
    56.746166958905));
#518 = CARTESIAN_POINT('',(-25.77043198207,-55.80434528553,
    56.797809890549));
#519 = CARTESIAN_POINT('',(-25.66718306176,-55.80434528553,
    56.875274288016));
#520 = CARTESIAN_POINT('',(-25.63276675499,-55.80434528553,
    56.901095753838));
#521 = CARTESIAN_POINT('',(-25.56393414145,-55.80434528553,
    56.952738685482));
#522 = CARTESIAN_POINT('',(-25.53088025457,-55.80434528553,
    56.977538660403));
#523 = CARTESIAN_POINT('',(-25.46091119798,-55.80434528553,
    57.030032880666));
#524 = CARTESIAN_POINT('',(-25.42405424899,-55.80434528553,
    57.057523565814));
#525 = CARTESIAN_POINT('',(-25.35281623038,-55.80434528553,
    57.110321692813));
#526 = CARTESIAN_POINT('',(-25.31713374258,-55.80434528553,
    57.136606206518));
#527 = CARTESIAN_POINT('',(-25.2098967601,-55.80434528553,
    57.215116624725));
#528 = CARTESIAN_POINT('',(-25.13815274525,-55.80434528553,
    57.266999403051));
#529 = CARTESIAN_POINT('',(-24.92216999003,-55.80434528553,
    57.421279561783));
#530 = CARTESIAN_POINT('',(-24.77718052802,-55.80434528553,
    57.522308713493));
#531 = CARTESIAN_POINT('',(-24.33926870152,-55.80434528553,
    57.819959764194));
#532 = CARTESIAN_POINT('',(-24.04333064938,-55.80434528553,
    58.011188736816));
#533 = CARTESIAN_POINT('',(-22.51383854833,-55.80434528553,
    58.950651106661));
#534 = CARTESIAN_POINT('',(-21.21854899971,-55.80434528552,
    59.587972906652));
#535 = CARTESIAN_POINT('',(-19.17904409063,-55.80434528553,
    60.365788317585));
#536 = CARTESIAN_POINT('',(-18.48356729128,-55.80434528554,
    60.594505711656));
#537 = CARTESIAN_POINT('',(-17.08818538686,-55.80434528552,
    60.983573356721));
#538 = CARTESIAN_POINT('',(-16.38531470856,-55.80434528553,
    61.145188263945));
#539 = CARTESIAN_POINT('',(-15.11425383587,-55.80434528553,
    61.37778212517));
#540 = CARTESIAN_POINT('',(-14.54750562119,-55.80434528553,
    61.460733151743));
#541 = CARTESIAN_POINT('',(-13.69194475103,-55.80434528553,
    61.554534009812));
#542 = CARTESIAN_POINT('',(-13.4058859529,-55.80434528553,
    61.580691407724));
#543 = CARTESIAN_POINT('',(-12.97554069706,-55.80434528553,
    61.612203464675));
#544 = CARTESIAN_POINT('',(-12.83188278219,-55.80434528553,
    61.621420210755));
#545 = CARTESIAN_POINT('',(-12.61608807525,-55.80434528553,
    61.633307566347));
#546 = CARTESIAN_POINT('',(-12.54410520071,-55.80434528553,
    61.636947061907));
#547 = CARTESIAN_POINT('',(-12.43605473227,-55.80434528553,
    61.641921052373));
#548 = CARTESIAN_POINT('',(-12.40002521667,-55.80434528553,
    61.643498173992));
#549 = CARTESIAN_POINT('',(-12.32794093341,-55.80434528553,
    61.646490533601));
#550 = CARTESIAN_POINT('',(-12.29063447656,-55.80434528553,
    61.647951670781));
#551 = CARTESIAN_POINT('',(-12.21121903352,-55.80434528553,
    61.650890390882));
#552 = CARTESIAN_POINT('',(-12.16982580662,-55.80434528553,
    61.652421123476));
#553 = CARTESIAN_POINT('',(-12.08383277454,-55.80434528553,
    61.655602244697));
#554 = CARTESIAN_POINT('',(-12.0408362585,-55.80434528553,
    61.657192805308));
#555 = CARTESIAN_POINT('',(-11.91184671038,-55.80434528553,
    61.66196448714));
#556 = CARTESIAN_POINT('',(-11.8258536783,-55.80434528553,
    61.665145608361));
#557 = CARTESIAN_POINT('',(-11.56787458206,-55.80434528553,
    61.674688972024));
#558 = CARTESIAN_POINT('',(-11.3958885179,-55.80434528553,
    61.681051214466));
#559 = CARTESIAN_POINT('',(-10.87993032543,-55.80434528553,
    61.700137941793));
#560 = CARTESIAN_POINT('',(-10.53595819711,-55.80434528553,
    61.712862426678));
#561 = CARTESIAN_POINT('',(-9.504041812164,-55.80434528553,
    61.751035881331));
#562 = CARTESIAN_POINT('',(-8.816097555528,-55.80434528553,61.7764848511
    ));
#563 = CARTESIAN_POINT('',(-8.128153298894,-55.80434528553,
    61.801933820869));
#564 = CARTESIAN_POINT('',(-26.64004920956,-55.9374282609,
    51.647860181911));
#565 = CARTESIAN_POINT('',(-26.08938830125,-55.9374282609,
    52.061003635061));
#566 = CARTESIAN_POINT('',(-25.53872739293,-55.9374282609,
    52.474147088221));
#567 = CARTESIAN_POINT('',(-24.71273603046,-55.9374282609,
    53.093862267953));
#568 = CARTESIAN_POINT('',(-24.4374055763,-55.9374282609,53.300433994531
    ));
#569 = CARTESIAN_POINT('',(-24.02440989506,-55.9374282609,
    53.610291584397));
#570 = CARTESIAN_POINT('',(-23.88674466798,-55.9374282609,
    53.713577447686));
#571 = CARTESIAN_POINT('',(-23.68024682736,-55.9374282609,
    53.868506242619));
#572 = CARTESIAN_POINT('',(-23.61141421382,-55.9374282609,
    53.920149174263));
#573 = CARTESIAN_POINT('',(-23.50816529351,-55.9374282609,53.99761357173
    ));
#574 = CARTESIAN_POINT('',(-23.47374898674,-55.9374282609,
    54.023435037552));
#575 = CARTESIAN_POINT('',(-23.4049163732,-55.9374282609,54.075077969196
    ));
#576 = CARTESIAN_POINT('',(-23.36892048264,-55.9374282609,
    54.102085127129));
#577 = CARTESIAN_POINT('',(-23.30470482316,-55.9374282609,
    54.150262969268));
#578 = CARTESIAN_POINT('',(-23.27629188253,-55.9374282609,
    54.171444034244));
#579 = CARTESIAN_POINT('',(-23.2163385465,-55.9374282609,54.215878507737
    ));
#580 = CARTESIAN_POINT('',(-23.18630804538,-55.9374282609,
    54.237999644938));
#581 = CARTESIAN_POINT('',(-23.09605491724,-55.93742826089,
    54.304075831251));
#582 = CARTESIAN_POINT('',(-23.03567066662,-55.9374282609,
    54.347743658625));
#583 = CARTESIAN_POINT('',(-22.85387037148,-55.9374282609,
    54.477606704239));
#584 = CARTESIAN_POINT('',(-22.73180679611,-55.93742826089,
    54.562661546353));
#585 = CARTESIAN_POINT('',(-22.36301698994,-55.9374282609,54.81332998381
    ));
#586 = CARTESIAN_POINT('',(-22.11377544354,-55.93742826089,
    54.974397015768));
#587 = CARTESIAN_POINT('',(-20.82251443688,-55.9374282609,55.76753029718
    ));
#588 = CARTESIAN_POINT('',(-19.728381511,-55.93742826089,56.305999100587
    ));
#589 = CARTESIAN_POINT('',(-18.00120678445,-55.9374282609,
    56.964699784137));
#590 = CARTESIAN_POINT('',(-17.41108693197,-55.9374282609,
    57.158775539852));
#591 = CARTESIAN_POINT('',(-16.22820977698,-55.93742826089,
    57.488591471761));
#592 = CARTESIAN_POINT('',(-15.63166877268,-55.93742826089,
    57.625822400658));
#593 = CARTESIAN_POINT('',(-14.55110739272,-55.9374282609,
    57.823556380908));
#594 = CARTESIAN_POINT('',(-14.06944567592,-55.93742826089,
    57.894049783011));
#595 = CARTESIAN_POINT('',(-13.34286533685,-55.9374282609,
    57.973709643161));
#596 = CARTESIAN_POINT('',(-13.09995048335,-55.9374282609,
    57.995922318057));
#597 = CARTESIAN_POINT('',(-12.73441851384,-55.93742826089,
    58.02268841826));
#598 = CARTESIAN_POINT('',(-12.61238122681,-55.93742826089,
    58.030518221928));
#599 = CARTESIAN_POINT('',(-12.4290255698,-55.9374282609,58.040618626729
    ));
#600 = CARTESIAN_POINT('',(-12.36785706282,-55.9374282609,
    58.043711373289));
#601 = CARTESIAN_POINT('',(-12.27602814722,-55.93742826089,
    58.04793862151));
#602 = CARTESIAN_POINT('',(-12.24540581619,-55.9374282609,
    58.049279058681));
#603 = CARTESIAN_POINT('',(-12.18413556538,-55.9374282609,
    58.051822506647));
#604 = CARTESIAN_POINT('',(-12.15493921035,-55.9374282609,
    58.052971476361));
#605 = CARTESIAN_POINT('',(-12.08168997262,-55.9374282609,
    58.055681953157));
#606 = CARTESIAN_POINT('',(-12.03683379764,-55.9374282609,
    58.057340867457));
#607 = CARTESIAN_POINT('',(-11.95084076556,-55.9374282609,
    58.060521988678));
#608 = CARTESIAN_POINT('',(-11.90784424952,-55.9374282609,
    58.062112549289));
#609 = CARTESIAN_POINT('',(-11.7788547014,-55.93742826089,
    58.066884231121));
#610 = CARTESIAN_POINT('',(-11.69286166933,-55.93742826089,
    58.070065352342));
#611 = CARTESIAN_POINT('',(-11.43488257309,-55.9374282609,
    58.079608716005));
#612 = CARTESIAN_POINT('',(-11.26289650893,-55.93742826089,
    58.085970958447));
#613 = CARTESIAN_POINT('',(-10.74693831645,-55.9374282609,
    58.105057685774));
#614 = CARTESIAN_POINT('',(-10.40296618814,-55.9374282609,
    58.117782170659));
#615 = CARTESIAN_POINT('',(-9.371049803189,-55.93742826089,
    58.155955625312));
#616 = CARTESIAN_POINT('',(-8.683105546553,-55.93742826089,
    58.181404595081));
#617 = CARTESIAN_POINT('',(-7.995161289919,-55.9374282609,58.20685356485
    ));
#618 = CARTESIAN_POINT('',(-26.71991727647,-59.53496754792,
    51.754312848487));
#619 = CARTESIAN_POINT('',(-26.16925636815,-59.53496754792,
    52.167456301637));
#620 = CARTESIAN_POINT('',(-25.61859545983,-59.53496754792,
    52.580599754797));
#621 = CARTESIAN_POINT('',(-24.79260409736,-59.53496754792,
    53.200314934529));
#622 = CARTESIAN_POINT('',(-24.5172736432,-59.53496754792,
    53.406886661107));
#623 = CARTESIAN_POINT('',(-24.10427796196,-59.53496754792,
    53.716744250973));
#624 = CARTESIAN_POINT('',(-23.96661273489,-59.53496754792,
    53.820030114262));
#625 = CARTESIAN_POINT('',(-23.76011489427,-59.53496754792,
    53.974958909195));
#626 = CARTESIAN_POINT('',(-23.69128228073,-59.53496754792,
    54.026601840839));
#627 = CARTESIAN_POINT('',(-23.58803336042,-59.53496754792,
    54.104066238305));
#628 = CARTESIAN_POINT('',(-23.55361705365,-59.53496754792,
    54.129887704128));
#629 = CARTESIAN_POINT('',(-23.48478444011,-59.53496754792,
    54.181530635772));
#630 = CARTESIAN_POINT('',(-23.44889738243,-59.53496754792,
    54.208456143872));
#631 = CARTESIAN_POINT('',(-23.38446888881,-59.53496754792,
    54.256793660832));
#632 = CARTESIAN_POINT('',(-23.35574358084,-59.53496754792,
    54.278208136191));
#633 = CARTESIAN_POINT('',(-23.29537279305,-59.53496754792,
    54.322952004471));
#634 = CARTESIAN_POINT('',(-23.26513320923,-59.53496754792,
    54.345227156538));
#635 = CARTESIAN_POINT('',(-23.17425180113,-59.53496754792,
    54.41176331964));
#636 = CARTESIAN_POINT('',(-23.11344732126,-59.53496754792,
    54.455735040879));
#637 = CARTESIAN_POINT('',(-22.93038252192,-59.53496754792,
    54.586501343362));
#638 = CARTESIAN_POINT('',(-22.80747085431,-59.53496754792,
    54.672147119577));
#639 = CARTESIAN_POINT('',(-22.43612403252,-59.53496754792,
    54.924553574457));
#640 = CARTESIAN_POINT('',(-22.18515505264,-59.53496754792,
    55.086736380396));
#641 = CARTESIAN_POINT('',(-20.88508121562,-59.53496754792,
    55.885282781525));
#642 = CARTESIAN_POINT('',(-19.78350694733,-59.53496754792,
    56.427408431921));
#643 = CARTESIAN_POINT('',(-18.04477825952,-59.53496754792,57.0905155002
    ));
#644 = CARTESIAN_POINT('',(-17.45076096078,-59.53496754793,
    57.28587274639));
#645 = CARTESIAN_POINT('',(-16.26002266453,-59.53496754791,
    57.617880563835));
#646 = CARTESIAN_POINT('',(-15.6595482301,-59.53496754791,57.75601352385
    ));
#647 = CARTESIAN_POINT('',(-14.5719397446,-59.53496754792,
    57.955037067959));
#648 = CARTESIAN_POINT('',(-14.08713044177,-59.53496754791,
    58.025991312212));
#649 = CARTESIAN_POINT('',(-13.35577875442,-59.53496754792,
    58.106174287173));
#650 = CARTESIAN_POINT('',(-13.11126788652,-59.53496754792,
    58.128532888336));
#651 = CARTESIAN_POINT('',(-12.74333829345,-59.53496754792,
    58.155474554666));
#652 = CARTESIAN_POINT('',(-12.62050119931,-59.53496754792,
    58.163355665189));
#653 = CARTESIAN_POINT('',(-12.4359455317,-59.53496754792,
    58.173522174265));
#654 = CARTESIAN_POINT('',(-12.37437697122,-59.53496754792,
    58.17663514659));
#655 = CARTESIAN_POINT('',(-12.2819479753,-59.53496754792,
    58.180890018882));
#656 = CARTESIAN_POINT('',(-12.25112561748,-59.53496754792,
    58.182239211669));
#657 = CARTESIAN_POINT('',(-12.18945532556,-59.53496754792,
    58.184799266124));
#658 = CARTESIAN_POINT('',(-12.15995895532,-59.53496754792,
    58.185959783779));
#659 = CARTESIAN_POINT('',(-12.08648161253,-59.53496754792,
    58.18867870393));
#660 = CARTESIAN_POINT('',(-12.04175354162,-59.53496754792,
    58.190332876432));
#661 = CARTESIAN_POINT('',(-11.95576050954,-59.53496754792,
    58.193513997653));
#662 = CARTESIAN_POINT('',(-11.9127639935,-59.53496754792,
    58.195104558264));
#663 = CARTESIAN_POINT('',(-11.78377444539,-59.53496754792,
    58.199876240096));
#664 = CARTESIAN_POINT('',(-11.69778141331,-59.53496754792,
    58.203057361317));
#665 = CARTESIAN_POINT('',(-11.43980231707,-59.53496754792,
    58.21260072498));
#666 = CARTESIAN_POINT('',(-11.26781625291,-59.53496754792,
    58.218962967422));
#667 = CARTESIAN_POINT('',(-10.75185806043,-59.53496754792,
    58.238049694749));
#668 = CARTESIAN_POINT('',(-10.40788593212,-59.53496754792,
    58.250774179633));
#669 = CARTESIAN_POINT('',(-9.37596954717,-59.53496754791,
    58.288947634287));
#670 = CARTESIAN_POINT('',(-8.688025290534,-59.53496754792,
    58.314396604056));
#671 = CARTESIAN_POINT('',(-8.0000810339,-59.53496754792,58.339845573825
    ));
#672 = CARTESIAN_POINT('',(-26.79978534337,-63.13250683494,
    51.860765515063));
#673 = CARTESIAN_POINT('',(-26.24912443505,-63.13250683494,
    52.273908968213));
#674 = CARTESIAN_POINT('',(-25.69846352674,-63.13250683494,
    52.687052421373));
#675 = CARTESIAN_POINT('',(-24.87247216426,-63.13250683494,
    53.306767601105));
#676 = CARTESIAN_POINT('',(-24.59714171011,-63.13250683494,
    53.513339327683));
#677 = CARTESIAN_POINT('',(-24.18414602887,-63.13250683494,
    53.823196917549));
#678 = CARTESIAN_POINT('',(-24.04648080179,-63.13250683494,
    53.926482780837));
#679 = CARTESIAN_POINT('',(-23.83998296117,-63.13250683494,
    54.08141157577));
#680 = CARTESIAN_POINT('',(-23.77115034763,-63.13250683494,
    54.133054507415));
#681 = CARTESIAN_POINT('',(-23.66790142732,-63.13250683494,
    54.210518904881));
#682 = CARTESIAN_POINT('',(-23.63348512055,-63.13250683494,
    54.236340370704));
#683 = CARTESIAN_POINT('',(-23.56465250701,-63.13250683494,
    54.287983302348));
#684 = CARTESIAN_POINT('',(-23.52887428223,-63.13250683494,
    54.314827160615));
#685 = CARTESIAN_POINT('',(-23.46423295445,-63.13250683494,
    54.363324352396));
#686 = CARTESIAN_POINT('',(-23.43519527916,-63.13250683494,
    54.384972238138));
#687 = CARTESIAN_POINT('',(-23.37440703959,-63.13250683494,
    54.430025501205));
#688 = CARTESIAN_POINT('',(-23.34395837308,-63.13250683494,
    54.452454668138));
#689 = CARTESIAN_POINT('',(-23.25244868501,-63.13250683494,
    54.519450808029));
#690 = CARTESIAN_POINT('',(-23.1912239759,-63.13250683494,
    54.563726423132));
#691 = CARTESIAN_POINT('',(-23.00689467237,-63.13250683494,
    54.695395982485));
#692 = CARTESIAN_POINT('',(-22.88313491251,-63.13250683494,54.7816326928
    ));
#693 = CARTESIAN_POINT('',(-22.5092310751,-63.13250683494,
    55.035777165105));
#694 = CARTESIAN_POINT('',(-22.25653466175,-63.13250683494,
    55.199075745024));
#695 = CARTESIAN_POINT('',(-20.94764799435,-63.13250683494,
    56.003035265869));
#696 = CARTESIAN_POINT('',(-19.83863238366,-63.13250683494,
    56.548817763255));
#697 = CARTESIAN_POINT('',(-18.08834973458,-63.13250683494,
    57.216331216262));
#698 = CARTESIAN_POINT('',(-17.49043498959,-63.13250683495,
    57.412969952928));
#699 = CARTESIAN_POINT('',(-16.29183555208,-63.13250683493,
    57.747169655909));
#700 = CARTESIAN_POINT('',(-15.68742768753,-63.13250683494,
    57.886204647041));
#701 = CARTESIAN_POINT('',(-14.59277209648,-63.13250683494,
    58.086517755009));
#702 = CARTESIAN_POINT('',(-14.10481520763,-63.13250683494,
    58.157932841414));
#703 = CARTESIAN_POINT('',(-13.368692172,-63.13250683494,58.238638931185
    ));
#704 = CARTESIAN_POINT('',(-13.1225852897,-63.13250683494,
    58.261143458615));
#705 = CARTESIAN_POINT('',(-12.75225807306,-63.13250683494,
    58.288260691073));
#706 = CARTESIAN_POINT('',(-12.62862117181,-63.13250683494,
    58.29619310845));
#707 = CARTESIAN_POINT('',(-12.4428654936,-63.13250683494,
    58.306425721801));
#708 = CARTESIAN_POINT('',(-12.38089687961,-63.13250683494,
    58.30955891989));
#709 = CARTESIAN_POINT('',(-12.28786780337,-63.13250683494,
    58.313841416254));
#710 = CARTESIAN_POINT('',(-12.25684541878,-63.13250683494,
    58.315199364655));
#711 = CARTESIAN_POINT('',(-12.19477508574,-63.13250683494,58.3177760256
    ));
#712 = CARTESIAN_POINT('',(-12.1649787003,-63.13250683494,
    58.318948091198));
#713 = CARTESIAN_POINT('',(-12.09127325244,-63.13250683494,
    58.321675454702));
#714 = CARTESIAN_POINT('',(-12.0466732856,-63.13250683494,
    58.323324885407));
#715 = CARTESIAN_POINT('',(-11.96068025353,-63.13250683494,
    58.326506006628));
#716 = CARTESIAN_POINT('',(-11.91768373749,-63.13250683494,
    58.328096567239));
#717 = CARTESIAN_POINT('',(-11.78869418937,-63.13250683494,
    58.33286824907));
#718 = CARTESIAN_POINT('',(-11.70270115729,-63.13250683494,
    58.336049370291));
#719 = CARTESIAN_POINT('',(-11.44472206105,-63.13250683494,
    58.345592733955));
#720 = CARTESIAN_POINT('',(-11.27273599689,-63.13250683494,
    58.351954976397));
#721 = CARTESIAN_POINT('',(-10.75677780442,-63.13250683494,
    58.371041703724));
#722 = CARTESIAN_POINT('',(-10.4128056761,-63.13250683494,
    58.383766188608));
#723 = CARTESIAN_POINT('',(-9.380889291151,-63.13250683494,
    58.421939643262));
#724 = CARTESIAN_POINT('',(-8.692945034515,-63.13250683494,
    58.447388613031));
#725 = CARTESIAN_POINT('',(-8.005000777881,-63.13250683494,58.4728375828
    ));
#726 = CARTESIAN_POINT('',(-28.95880311162,-62.99942385957,
    54.738426231349));
#727 = CARTESIAN_POINT('',(-28.4081422033,-62.99942385958,
    55.151569684499));
#728 = CARTESIAN_POINT('',(-27.85748129499,-62.99942385958,
    55.564713137659));
#729 = CARTESIAN_POINT('',(-27.03148993251,-62.99942385957,
    56.184428317391));
#730 = CARTESIAN_POINT('',(-26.75615947835,-62.99942385957,
    56.391000043969));
#731 = CARTESIAN_POINT('',(-26.34316379712,-62.99942385957,
    56.700857633835));
#732 = CARTESIAN_POINT('',(-26.20549857004,-62.99942385957,
    56.804143497124));
#733 = CARTESIAN_POINT('',(-25.99900072942,-62.99942385957,
    56.959072292057));
#734 = CARTESIAN_POINT('',(-25.93016811588,-62.99942385957,
    57.010715223701));
#735 = CARTESIAN_POINT('',(-25.82691919557,-62.99942385957,
    57.088179621168));
#736 = CARTESIAN_POINT('',(-25.7925028888,-62.99942385957,57.11400108699
    ));
#737 = CARTESIAN_POINT('',(-25.72367027526,-62.99942385957,
    57.165644018634));
#738 = CARTESIAN_POINT('',(-25.69083405416,-62.99942385957,
    57.19028069389));
#739 = CARTESIAN_POINT('',(-25.62043932928,-62.99942385957,
    57.243094263794));
#740 = CARTESIAN_POINT('',(-25.58295764562,-62.99942385957,
    57.271051769709));
#741 = CARTESIAN_POINT('',(-25.51088472347,-62.99942385957,
    57.324468686281));
#742 = CARTESIAN_POINT('',(-25.47478407029,-62.99942385957,
    57.351061229718));
#743 = CARTESIAN_POINT('',(-25.36629052787,-62.99942385957,
    57.430491601503));
#744 = CARTESIAN_POINT('',(-25.29370605453,-62.99942385957,
    57.482982167558));
#745 = CARTESIAN_POINT('',(-25.07519429093,-62.99942385957,
    57.639068840029));
#746 = CARTESIAN_POINT('',(-24.92850864441,-62.99942385957,
    57.741279859938));
#747 = CARTESIAN_POINT('',(-24.48548278668,-62.99942385958,
    58.04240694549));
#748 = CARTESIAN_POINT('',(-24.18608986759,-62.99942385957,
    58.235867466072));
#749 = CARTESIAN_POINT('',(-22.6389721058,-62.99942385958,59.18615607535
    ));
#750 = CARTESIAN_POINT('',(-21.32879987237,-62.99942385956,
    59.830791569329));
#751 = CARTESIAN_POINT('',(-19.26618704076,-62.99942385958,
    60.617419749705));
#752 = CARTESIAN_POINT('',(-18.56291534891,-62.99942385959,
    60.848700124728));
#753 = CARTESIAN_POINT('',(-17.15181116197,-62.99942385956,
    61.242151540874));
#754 = CARTESIAN_POINT('',(-16.44107362341,-62.99942385957,
    61.405570510333));
#755 = CARTESIAN_POINT('',(-15.15591853962,-62.99942385958,
    61.640743499268));
#756 = CARTESIAN_POINT('',(-14.5828751529,-62.99942385957,
    61.724616210147));
#757 = CARTESIAN_POINT('',(-13.71777158619,-62.99942385958,
    61.819463297836));
#758 = CARTESIAN_POINT('',(-13.42852075925,-62.99942385957,
    61.845912548282));
#759 = CARTESIAN_POINT('',(-12.99338025628,-62.99942385957,
    61.877775737488));
#760 = CARTESIAN_POINT('',(-12.84812272719,-62.99942385957,
    61.887095097277));
#761 = CARTESIAN_POINT('',(-12.62992799905,-62.99942385957,
    61.899114661418));
#762 = CARTESIAN_POINT('',(-12.5571450175,-62.99942385957,
    61.902794608508));
#763 = CARTESIAN_POINT('',(-12.44789438842,-62.99942385957,
    61.907823847116));
#764 = CARTESIAN_POINT('',(-12.41146481926,-62.99942385957,
    61.909418479967));
#765 = CARTESIAN_POINT('',(-12.33858045377,-62.99942385957,
    61.912444052553));
#766 = CARTESIAN_POINT('',(-12.30067396652,-62.99942385957,
    61.913928285617));
#767 = CARTESIAN_POINT('',(-12.22080231334,-62.99942385957,
    61.916883892427));
#768 = CARTESIAN_POINT('',(-12.17966529458,-62.99942385957,
    61.918405141426));
#769 = CARTESIAN_POINT('',(-12.0936722625,-62.99942385957,
    61.921586262647));
#770 = CARTESIAN_POINT('',(-12.05067574646,-62.99942385957,
    61.923176823258));
#771 = CARTESIAN_POINT('',(-11.92168619834,-62.99942385957,
    61.927948505089));
#772 = CARTESIAN_POINT('',(-11.83569316626,-62.99942385957,
    61.93112962631));
#773 = CARTESIAN_POINT('',(-11.57771407002,-62.99942385957,
    61.940672989974));
#774 = CARTESIAN_POINT('',(-11.40572800587,-62.99942385957,
    61.947035232416));
#775 = CARTESIAN_POINT('',(-10.88976981339,-62.99942385958,
    61.966121959743));
#776 = CARTESIAN_POINT('',(-10.54579768507,-62.99942385958,
    61.978846444627));
#777 = CARTESIAN_POINT('',(-9.513881300126,-62.99942385957,
    62.017019899281));
#778 = CARTESIAN_POINT('',(-8.82593704349,-62.99942385957,62.04246886905
    ));
#779 = CARTESIAN_POINT('',(-8.137992786856,-62.99942385957,
    62.067917838819));
#780 = CARTESIAN_POINT('',(-28.87893504472,-59.40188457255,
    54.631973564773));
#781 = CARTESIAN_POINT('',(-28.3282741364,-59.40188457256,
    55.045117017923));
#782 = CARTESIAN_POINT('',(-27.77761322808,-59.40188457255,
    55.458260471083));
#783 = CARTESIAN_POINT('',(-26.95162186561,-59.40188457255,
    56.077975650815));
#784 = CARTESIAN_POINT('',(-26.67629141145,-59.40188457255,
    56.284547377393));
#785 = CARTESIAN_POINT('',(-26.26329573021,-59.40188457255,
    56.594404967259));
#786 = CARTESIAN_POINT('',(-26.12563050313,-59.40188457255,
    56.697690830548));
#787 = CARTESIAN_POINT('',(-25.91913266251,-59.40188457255,
    56.852619625481));
#788 = CARTESIAN_POINT('',(-25.85030004898,-59.40188457255,
    56.904262557125));
#789 = CARTESIAN_POINT('',(-25.74705112867,-59.40188457255,
    56.981726954592));
#790 = CARTESIAN_POINT('',(-25.7126348219,-59.40188457255,
    57.007548420414));
#791 = CARTESIAN_POINT('',(-25.64380220836,-59.40188457255,
    57.059191352058));
#792 = CARTESIAN_POINT('',(-25.61085715437,-59.40188457255,
    57.083909677147));
#793 = CARTESIAN_POINT('',(-25.54067526363,-59.40188457255,
    57.13656357223));
#794 = CARTESIAN_POINT('',(-25.5035059473,-59.40188457255,
    57.164287667762));
#795 = CARTESIAN_POINT('',(-25.43185047693,-59.40188457255,
    57.217395189547));
#796 = CARTESIAN_POINT('',(-25.39595890643,-59.40188457255,
    57.243833718118));
#797 = CARTESIAN_POINT('',(-25.28809364399,-59.40188457255,
    57.322804113114));
#798 = CARTESIAN_POINT('',(-25.21592939989,-59.40188457255,
    57.374990785304));
#799 = CARTESIAN_POINT('',(-24.99868214048,-59.40188457255,
    57.530174200906));
#800 = CARTESIAN_POINT('',(-24.85284458622,-59.40188457255,
    57.631794286716));
#801 = CARTESIAN_POINT('',(-24.4123757441,-59.40188457256,
    57.931183354842));
#802 = CARTESIAN_POINT('',(-24.11471025848,-59.40188457255,
    58.123528101444));
#803 = CARTESIAN_POINT('',(-22.57640532707,-59.40188457255,
    59.068403591006));
#804 = CARTESIAN_POINT('',(-21.27367443604,-59.40188457254,
    59.709382237991));
#805 = CARTESIAN_POINT('',(-19.2226155657,-59.40188457256,
    60.491604033645));
#806 = CARTESIAN_POINT('',(-18.52324132009,-59.40188457257,
    60.721602918192));
#807 = CARTESIAN_POINT('',(-17.11999827442,-59.40188457254,
    61.112862448798));
#808 = CARTESIAN_POINT('',(-16.41319416598,-59.40188457255,
    61.275379387139));
#809 = CARTESIAN_POINT('',(-15.13508618774,-59.40188457256,
    61.509262812219));
#810 = CARTESIAN_POINT('',(-14.56519038704,-59.40188457255,
    61.592674680945));
#811 = CARTESIAN_POINT('',(-13.70485816861,-59.40188457255,
    61.686998653824));
#812 = CARTESIAN_POINT('',(-13.41720335608,-59.40188457255,
    61.713301978003));
#813 = CARTESIAN_POINT('',(-12.98446047667,-59.40188457255,
    61.744989601082));
#814 = CARTESIAN_POINT('',(-12.84000275469,-59.40188457255,
    61.754257654016));
#815 = CARTESIAN_POINT('',(-12.62300803715,-59.40188457255,
    61.766211113883));
#816 = CARTESIAN_POINT('',(-12.5506251091,-59.40188457255,
    61.769870835207));
#817 = CARTESIAN_POINT('',(-12.44197456034,-59.40188457255,
    61.774872449744));
#818 = CARTESIAN_POINT('',(-12.40574501796,-59.40188457255,
    61.776458326979));
#819 = CARTESIAN_POINT('',(-12.33326069359,-59.40188457255,
    61.779467293077));
#820 = CARTESIAN_POINT('',(-12.29565422154,-59.40188457255,
    61.780939978199));
#821 = CARTESIAN_POINT('',(-12.21601067343,-59.40188457255,
    61.783887141654));
#822 = CARTESIAN_POINT('',(-12.1747455506,-59.40188457255,
    61.785413132451));
#823 = CARTESIAN_POINT('',(-12.08875251852,-59.40188457255,
    61.788594253672));
#824 = CARTESIAN_POINT('',(-12.04575600248,-59.40188457255,
    61.790184814283));
#825 = CARTESIAN_POINT('',(-11.91676645436,-59.40188457255,
    61.794956496114));
#826 = CARTESIAN_POINT('',(-11.83077342228,-59.40188457255,
    61.798137617335));
#827 = CARTESIAN_POINT('',(-11.57279432604,-59.40188457255,
    61.807680980999));
#828 = CARTESIAN_POINT('',(-11.40080826188,-59.40188457255,
    61.814043223441));
#829 = CARTESIAN_POINT('',(-10.88485006941,-59.40188457255,
    61.833129950768));
#830 = CARTESIAN_POINT('',(-10.54087794109,-59.40188457255,
    61.845854435652));
#831 = CARTESIAN_POINT('',(-9.508961556145,-59.40188457255,
    61.884027890306));
#832 = CARTESIAN_POINT('',(-8.821017299509,-59.40188457255,
    61.909476860075));
#833 = CARTESIAN_POINT('',(-8.133073042875,-59.40188457255,
    61.934925829844));
#834 = ADVANCED_FACE('',(#835),#872,.F.);
#835 = FACE_BOUND('',#836,.F.);
#836 = EDGE_LOOP('',(#837,#846,#847,#856,#865));
#837 = ORIENTED_EDGE('',*,*,#838,.T.);
#838 = EDGE_CURVE('',#839,#318,#841,.T.);
#839 = VERTEX_POINT('',#840);
#840 = CARTESIAN_POINT('',(12.194242608204,-59.46842606017,
    58.184853248151));
#841 = B_SPLINE_CURVE_WITH_KNOTS('',3,(#842,#843,#844,#845),
  .UNSPECIFIED.,.F.,.F.,(4,4),(0.,1.),.PIECEWISE_BEZIER_KNOTS.);
#842 = CARTESIAN_POINT('',(12.194242608204,-59.46842606017,
    58.184853248151));
#843 = CARTESIAN_POINT('',(12.194242608204,-59.4338141603,
    58.184353267607));
#844 = CARTESIAN_POINT('',(12.194242608204,-59.39920226043,
    58.185353228696));
#845 = CARTESIAN_POINT('',(12.194242608206,-59.36459036057,
    58.186353189786));
#846 = ORIENTED_EDGE('',*,*,#325,.T.);
#847 = ORIENTED_EDGE('',*,*,#848,.T.);
#848 = EDGE_CURVE('',#326,#849,#851,.T.);
#849 = VERTEX_POINT('',#850);
#850 = CARTESIAN_POINT('',(12.127681845358,-59.46842606449,
    58.185922951792));
#851 = B_SPLINE_CURVE_WITH_KNOTS('',3,(#852,#853,#854,#855),
  .UNSPECIFIED.,.F.,.F.,(4,4),(2.830429018622E-03,2.860657427302E-03),
  .PIECEWISE_BEZIER_KNOTS.);
#852 = CARTESIAN_POINT('',(12.12272933609,-59.43861891337,
    58.186353189786));
#853 = CARTESIAN_POINT('',(12.124376307175,-59.44854947184,
    58.186127668434));
#854 = CARTESIAN_POINT('',(12.126027387192,-59.45848684406,
    58.185984172555));
#855 = CARTESIAN_POINT('',(12.127681845358,-59.46842606449,
    58.185922951792));
#856 = ORIENTED_EDGE('',*,*,#857,.T.);
#857 = EDGE_CURVE('',#849,#858,#860,.T.);
#858 = VERTEX_POINT('',#859);
#859 = CARTESIAN_POINT('',(12.194242608204,-59.5048424539,
    58.183722018659));
#860 = B_SPLINE_CURVE_WITH_KNOTS('',3,(#861,#862,#863,#864),
  .UNSPECIFIED.,.F.,.F.,(4,4),(-1.159469381262E-05,6.40099797691E-05),
  .PIECEWISE_BEZIER_KNOTS.);
#861 = CARTESIAN_POINT('',(12.127681845358,-59.46842606449,
    58.185922951792));
#862 = CARTESIAN_POINT('',(12.149774528575,-59.4805241526,
    58.185105444931));
#863 = CARTESIAN_POINT('',(12.172053673425,-59.49267933445,
    58.184369303075));
#864 = CARTESIAN_POINT('',(12.194242608204,-59.5048424539,
    58.183722018659));
#865 = ORIENTED_EDGE('',*,*,#866,.T.);
#866 = EDGE_CURVE('',#858,#839,#867,.T.);
#867 = B_SPLINE_CURVE_WITH_KNOTS('',3,(#868,#869,#870,#871),
  .UNSPECIFIED.,.F.,.F.,(4,4),(6.746718023806E-05,1.038790335183E-04),
  .PIECEWISE_BEZIER_KNOTS.);
#868 = CARTESIAN_POINT('',(12.194242608204,-59.5048424539,
    58.183722018659));
#869 = CARTESIAN_POINT('',(12.194242608204,-59.49270552246,
    58.183476223178));
#870 = CARTESIAN_POINT('',(12.194242608204,-59.48056548026,
    58.183353306488));
#871 = CARTESIAN_POINT('',(12.194242608204,-59.46842606017,
    58.184853248151));
#872 = ( BOUNDED_SURFACE() B_SPLINE_SURFACE(3,3,(
    (#873,#874,#875,#876,#877,#878,#879,#880,#881,#882,#883,#884,#885
      ,#886,#887,#888,#889,#890,#891,#892,#893,#894,#895,#896,#897,#898
      ,#899,#900,#901,#902,#903,#904,#905,#906,#907,#908,#909,#910,#911
      ,#912,#913,#914,#915,#916,#917,#918,#919,#920,#921,#922,#923,#924
      ,#925,#926)
    ,(#927,#928,#929,#930,#931,#932,#933,#934,#935,#936,#937,#938,#939
      ,#940,#941,#942,#943,#944,#945,#946,#947,#948,#949,#950,#951,#952
      ,#953,#954,#955,#956,#957,#958,#959,#960,#961,#962,#963,#964,#965
      ,#966,#967,#968,#969,#970,#971,#972,#973,#974,#975,#976,#977,#978
      ,#979,#980)
    ,(#981,#982,#983,#984,#985,#986,#987,#988,#989,#990,#991,#992,#993
      ,#994,#995,#996,#997,#998,#999,#1000,#1001,#1002,#1003,#1004,#1005
      ,#1006,#1007,#1008,#1009,#1010,#1011,#1012,#1013,#1014,#1015,#1016
      ,#1017,#1018,#1019,#1020,#1021,#1022,#1023,#1024,#1025,#1026,#1027
      ,#1028,#1029,#1030,#1031,#1032,#1033,#1034)
    ,(#1035,#1036,#1037,#1038,#1039,#1040,#1041,#1042,#1043,#1044,#1045
      ,#1046,#1047,#1048,#1049,#1050,#1051,#1052,#1053,#1054,#1055,#1056
      ,#1057,#1058,#1059,#1060,#1061,#1062,#1063,#1064,#1065,#1066,#1067
      ,#1068,#1069,#1070,#1071,#1072,#1073,#1074,#1075,#1076,#1077,#1078
      ,#1079,#1080,#1081,#1082,#1083,#1084,#1085,#1086,#1087,#1088)
    ,(#1089,#1090,#1091,#1092,#1093,#1094,#1095,#1096,#1097,#1098,#1099
      ,#1100,#1101,#1102,#1103,#1104,#1105,#1106,#1107,#1108,#1109,#1110
      ,#1111,#1112,#1113,#1114,#1115,#1116,#1117,#1118,#1119,#1120,#1121
      ,#1122,#1123,#1124,#1125,#1126,#1127,#1128,#1129,#1130,#1131,#1132
      ,#1133,#1134,#1135,#1136,#1137,#1138,#1139,#1140,#1141,#1142)
    ,(#1143,#1144,#1145,#1146,#1147,#1148,#1149,#1150,#1151,#1152,#1153
      ,#1154,#1155,#1156,#1157,#1158,#1159,#1160,#1161,#1162,#1163,#1164
      ,#1165,#1166,#1167,#1168,#1169,#1170,#1171,#1172,#1173,#1174,#1175
      ,#1176,#1177,#1178,#1179,#1180,#1181,#1182,#1183,#1184,#1185,#1186
      ,#1187,#1188,#1189,#1190,#1191,#1192,#1193,#1194,#1195,#1196)
    ,(#1197,#1198,#1199,#1200,#1201,#1202,#1203,#1204,#1205,#1206,#1207
      ,#1208,#1209,#1210,#1211,#1212,#1213,#1214,#1215,#1216,#1217,#1218
      ,#1219,#1220,#1221,#1222,#1223,#1224,#1225,#1226,#1227,#1228,#1229
      ,#1230,#1231,#1232,#1233,#1234,#1235,#1236,#1237,#1238,#1239,#1240
      ,#1241,#1242,#1243,#1244,#1245,#1246,#1247,#1248,#1249,#1250
)),.UNSPECIFIED.,.T.,.F.,.F.) B_SPLINE_SURFACE_WITH_KNOTS((1,3,3,3,1),(4
    ,2,2,2,2,2,2,2,2,2,2,2,2,2,2,2,2,2,2,2,2,2,2,2,2,2,4),(-0.5,0.,0.5,
    1.,1.5),(-0.31149084473,-0.155745422365,-7.787271118261E-02,
    -3.893635559131E-02,-1.946817779565E-02,-9.734088897826E-03,0.,
    7.575449373981E-03,1.515089874796E-02,3.030179749593E-02,
    6.060359499185E-02,0.121207189984,0.242414379967,0.394716576575,
    0.547018773183,0.851623166399,0.9258115832,0.9629057916,0.9814528958
    ,0.9907264479,1.,1.009734104001,1.019468208002,1.038936416003,
    1.077872832006,1.155745664012,1.311491328025),.UNSPECIFIED.) 
GEOMETRIC_REPRESENTATION_ITEM() RATIONAL_B_SPLINE_SURFACE((
    (1.,1.,1.,1.,1.,1.,1.,1.,1.,1.,1.,1.,1.,1.,1.,1.,1.,1.,1.,1.,1.,1.
      ,1.,1.,1.,1.,1.,1.,1.,1.,1.,1.,1.,1.,1.,1.,1.,1.,1.,1.,1.,1.,1.,1.
      ,1.,1.,1.,1.,1.,1.,1.,1.,1.,1.)
    ,(0.333333333333,0.333333333333,0.333333333333,0.333333333333
      ,0.333333333333,0.333333333333,0.333333333333,0.333333333333
      ,0.333333333333,0.333333333333,0.333333333333,0.333333333333
      ,0.333333333333,0.333333333333,0.333333333333,0.333333333333
      ,0.333333333333,0.333333333333,0.333333333333,0.333333333333
      ,0.333333333333,0.333333333333,0.333333333333,0.333333333333
      ,0.333333333333,0.333333333333,0.333333333333,0.333333333333
      ,0.333333333333,0.333333333333,0.333333333333,0.333333333333
      ,0.333333333333,0.333333333333,0.333333333333,0.333333333333
      ,0.333333333333,0.333333333333,0.333333333333,0.333333333333
      ,0.333333333333,0.333333333333,0.333333333333,0.333333333333
      ,0.333333333333,0.333333333333,0.333333333333,0.333333333333
      ,0.333333333333,0.333333333333,0.333333333333,0.333333333333
      ,0.333333333333,0.333333333333)
    ,(0.333333333333,0.333333333333,0.333333333333,0.333333333333
      ,0.333333333333,0.333333333333,0.333333333333,0.333333333333
      ,0.333333333333,0.333333333333,0.333333333333,0.333333333333
      ,0.333333333333,0.333333333333,0.333333333333,0.333333333333
      ,0.333333333333,0.333333333333,0.333333333333,0.333333333333
      ,0.333333333333,0.333333333333,0.333333333333,0.333333333333
      ,0.333333333333,0.333333333333,0.333333333333,0.333333333333
      ,0.333333333333,0.333333333333,0.333333333333,0.333333333333
      ,0.333333333333,0.333333333333,0.333333333333,0.333333333333
      ,0.333333333333,0.333333333333,0.333333333333,0.333333333333
      ,0.333333333333,0.333333333333,0.333333333333,0.333333333333
      ,0.333333333333,0.333333333333,0.333333333333,0.333333333333
      ,0.333333333333,0.333333333333,0.333333333333,0.333333333333
      ,0.333333333333,0.333333333333)
    ,(1.,1.,1.,1.,1.,1.,1.,1.,1.,1.,1.,1.,1.,1.,1.,1.,1.,1.,1.,1.,1.,1.
      ,1.,1.,1.,1.,1.,1.,1.,1.,1.,1.,1.,1.,1.,1.,1.,1.,1.,1.,1.,1.,1.,1.
      ,1.,1.,1.,1.,1.,1.,1.,1.,1.,1.)
    ,(0.333333333333,0.333333333333,0.333333333333,0.333333333333
      ,0.333333333333,0.333333333333,0.333333333333,0.333333333333
      ,0.333333333333,0.333333333333,0.333333333333,0.333333333333
      ,0.333333333333,0.333333333333,0.333333333333,0.333333333333
      ,0.333333333333,0.333333333333,0.333333333333,0.333333333333
      ,0.333333333333,0.333333333333,0.333333333333,0.333333333333
      ,0.333333333333,0.333333333333,0.333333333333,0.333333333333
      ,0.333333333333,0.333333333333,0.333333333333,0.333333333333
      ,0.333333333333,0.333333333333,0.333333333333,0.333333333333
      ,0.333333333333,0.333333333333,0.333333333333,0.333333333333
      ,0.333333333333,0.333333333333,0.333333333333,0.333333333333
      ,0.333333333333,0.333333333333,0.333333333333,0.333333333333
      ,0.333333333333,0.333333333333,0.333333333333,0.333333333333
      ,0.333333333333,0.333333333333)
    ,(0.333333333333,0.333333333333,0.333333333333,0.333333333333
      ,0.333333333333,0.333333333333,0.333333333333,0.333333333333
      ,0.333333333333,0.333333333333,0.333333333333,0.333333333333
      ,0.333333333333,0.333333333333,0.333333333333,0.333333333333
      ,0.333333333333,0.333333333333,0.333333333333,0.333333333333
      ,0.333333333333,0.333333333333,0.333333333333,0.333333333333
      ,0.333333333333,0.333333333333,0.333333333333,0.333333333333
      ,0.333333333333,0.333333333333,0.333333333333,0.333333333333
      ,0.333333333333,0.333333333333,0.333333333333,0.333333333333
      ,0.333333333333,0.333333333333,0.333333333333,0.333333333333
      ,0.333333333333,0.333333333333,0.333333333333,0.333333333333
      ,0.333333333333,0.333333333333,0.333333333333,0.333333333333
      ,0.333333333333,0.333333333333,0.333333333333,0.333333333333
      ,0.333333333333,0.333333333333)
    ,(1.,1.,1.,1.,1.,1.,1.,1.,1.,1.,1.,1.,1.,1.,1.,1.,1.,1.,1.,1.,1.,1.
      ,1.,1.,1.,1.,1.,1.,1.,1.,1.,1.,1.,1.,1.,1.,1.,1.,1.,1.,1.,1.,1.,1.
,1.,1.,1.,1.,1.,1.,1.,1.,1.,1.))) REPRESENTATION_ITEM('') SURFACE() );
#873 = CARTESIAN_POINT('',(8.120410472008,-59.38936907653,
    61.934887317874));
#874 = CARTESIAN_POINT('',(8.810462041264,-59.38936907654,
    61.909360391831));
#875 = CARTESIAN_POINT('',(9.500513610529,-59.38936907653,
    61.883833465777));
#876 = CARTESIAN_POINT('',(10.535590964421,-59.38936907654,
    61.845543076706));
#877 = CARTESIAN_POINT('',(10.880616749052,-59.38936907653,
    61.832779613683));
#878 = CARTESIAN_POINT('',(11.398155425998,-59.38936907654,
    61.813634419146));
#879 = CARTESIAN_POINT('',(11.570668318313,-59.38936907653,
    61.807252687634));
#880 = CARTESIAN_POINT('',(11.829437656786,-59.38936907653,
    61.797680090366));
#881 = CARTESIAN_POINT('',(11.915694102943,-59.38936907653,
    61.79448922461));
#882 = CARTESIAN_POINT('',(12.04507877218,-59.38936907653,
    61.789702925976));
#883 = CARTESIAN_POINT('',(12.088206995259,-59.38936907654,
    61.788107493098));
#884 = CARTESIAN_POINT('',(12.174463441416,-59.38936907653,
    61.784916627342));
#885 = CARTESIAN_POINT('',(12.21585545681,-59.38936907653,
    61.783385943965));
#886 = CARTESIAN_POINT('',(12.295635145438,-59.38936907653,
    61.780433742611));
#887 = CARTESIAN_POINT('',(12.333240475091,-59.38936907653,
    61.778961101412));
#888 = CARTESIAN_POINT('',(12.405723275973,-59.38936907653,
    61.775952198462));
#889 = CARTESIAN_POINT('',(12.441952056588,-59.38936907653,
    61.774366354525));
#890 = CARTESIAN_POINT('',(12.550600320043,-59.38936907654,
    61.769364845053));
#891 = CARTESIAN_POINT('',(12.622981724557,-59.38936907653,
    61.765705200666));
#892 = CARTESIAN_POINT('',(12.839971872067,-59.38936907654,
    61.753751992288));
#893 = CARTESIAN_POINT('',(12.984426548128,-59.38936907653,
    61.74448413459));
#894 = CARTESIAN_POINT('',(13.417160296614,-59.38936907654,
    61.71279717968));
#895 = CARTESIAN_POINT('',(13.704809031029,-59.38936907653,
    61.686494410993));
#896 = CARTESIAN_POINT('',(14.565123078703,-59.38936907654,
    61.59217242971));
#897 = CARTESIAN_POINT('',(15.135006892447,-59.38936907654,
    61.508762315816));
#898 = CARTESIAN_POINT('',(16.41308803981,-59.38936907652,
    61.274883800571));
#899 = CARTESIAN_POINT('',(17.119877175227,-59.38936907654,
    61.112370295902));
#900 = CARTESIAN_POINT('',(18.523090296638,-59.38936907653,
    60.721119108951));
#901 = CARTESIAN_POINT('',(19.222449706194,-59.38936907653,
    60.491125102527));
#902 = CARTESIAN_POINT('',(21.2734645951,-59.38936907655,59.708920080269
    ));
#903 = CARTESIAN_POINT('',(22.576167159882,-59.38936907652,
    59.067955353438));
#904 = CARTESIAN_POINT('',(24.11443856093,-59.38936907654,
    58.123100459307));
#905 = CARTESIAN_POINT('',(24.412097487118,-59.38936907653,57.930759949)
  );
#906 = CARTESIAN_POINT('',(24.852556619327,-59.38936907654,
    57.631377479092));
#907 = CARTESIAN_POINT('',(24.998390953018,-59.38936907653,
    57.529759636623));
#908 = CARTESIAN_POINT('',(25.215633410446,-59.38936907653,
    57.374579649887));
#909 = CARTESIAN_POINT('',(25.287796058694,-59.38936907653,
    57.322394131292));
#910 = CARTESIAN_POINT('',(25.395658935186,-59.38936907653,
    57.243425482355));
#911 = CARTESIAN_POINT('',(25.431549711666,-59.38936907653,
    57.216987538414));
#912 = CARTESIAN_POINT('',(25.503203596708,-59.38936907653,
    57.16388119106));
#913 = CARTESIAN_POINT('',(25.540371725915,-59.38936907653,
    57.136157982294));
#914 = CARTESIAN_POINT('',(25.610662737953,-59.38936907654,
    57.083422218479));
#915 = CARTESIAN_POINT('',(25.643709124957,-59.38936907653,
    57.058627864057));
#916 = CARTESIAN_POINT('',(25.712752586923,-59.38936907653,
    57.006826738953));
#917 = CARTESIAN_POINT('',(25.747274317906,-59.38936907653,
    56.980926176401));
#918 = CARTESIAN_POINT('',(25.850839510854,-59.38936907654,
    56.903224488743));
#919 = CARTESIAN_POINT('',(25.91988297282,-59.38936907653,
    56.851423363639));
#920 = CARTESIAN_POINT('',(26.127013358717,-59.38936907653,
    56.696019988326));
#921 = CARTESIAN_POINT('',(26.265100282648,-59.38936907654,
    56.592417738117));
#922 = CARTESIAN_POINT('',(26.679361054442,-59.38936907653,
    56.281610987489));
#923 = CARTESIAN_POINT('',(26.955534902305,-59.38936907654,
    56.07440648707));
#924 = CARTESIAN_POINT('',(27.784056445892,-59.38936907653,
    55.452792985817));
#925 = CARTESIAN_POINT('',(28.336404141613,-59.38936907653,
    55.038383984976));
#926 = CARTESIAN_POINT('',(28.888751837343,-59.38936907653,
    54.623974984143));
#927 = CARTESIAN_POINT('',(8.114565394473,-55.79284297895,
    61.776881417844));
#928 = CARTESIAN_POINT('',(8.80461696373,-55.79284297895,61.751354491801
    ));
#929 = CARTESIAN_POINT('',(9.494668532995,-55.79284297895,
    61.725827565748));
#930 = CARTESIAN_POINT('',(10.529745886887,-55.79284297895,
    61.687537176676));
#931 = CARTESIAN_POINT('',(10.874771671517,-55.79284297895,
    61.674773713653));
#932 = CARTESIAN_POINT('',(11.392310348463,-55.79284297895,
    61.655628519116));
#933 = CARTESIAN_POINT('',(11.564823240778,-55.79284297895,
    61.649246787604));
#934 = CARTESIAN_POINT('',(11.823592579251,-55.79284297895,
    61.639674190336));
#935 = CARTESIAN_POINT('',(11.909849025409,-55.79284297895,
    61.63648332458));
#936 = CARTESIAN_POINT('',(12.039233694645,-55.79284297895,
    61.631697025946));
#937 = CARTESIAN_POINT('',(12.082361917724,-55.79284297895,
    61.630101593068));
#938 = CARTESIAN_POINT('',(12.168618363882,-55.79284297895,
    61.626910727312));
#939 = CARTESIAN_POINT('',(12.210163044104,-55.79284297895,
    61.625374393016));
#940 = CARTESIAN_POINT('',(12.289671258153,-55.79284297895,
    61.622432240347));
#941 = CARTESIAN_POINT('',(12.326920144046,-55.79284297895,
    61.620973319093));
#942 = CARTESIAN_POINT('',(12.39892766182,-55.79284297895,
    61.617984146076));
#943 = CARTESIAN_POINT('',(12.434918793483,-55.79284297895,
    61.61640870456));
#944 = CARTESIAN_POINT('',(12.542854110119,-55.79284297895,
    61.611440014851));
#945 = CARTESIAN_POINT('',(12.614760216797,-55.79284297895,
    61.607804400406));
#946 = CARTESIAN_POINT('',(12.830324648923,-55.79284297895,
    61.595929729572));
#947 = CARTESIAN_POINT('',(12.973829085633,-55.79284297895,
    61.586722828812));
#948 = CARTESIAN_POINT('',(13.403714251937,-55.79284297895,
    61.555244461504));
#949 = CARTESIAN_POINT('',(13.689466784529,-55.79284297895,
    61.529115065723));
#950 = CARTESIAN_POINT('',(14.544112061764,-55.79284297895,
    61.435414589646));
#951 = CARTESIAN_POINT('',(15.110256273681,-55.79284297895,
    61.352551995705));
#952 = CARTESIAN_POINT('',(16.379964855966,-55.79284297894,
    61.120205592794));
#953 = CARTESIAN_POINT('',(17.082080739353,-55.79284297896,
    60.958763778385));
#954 = CARTESIAN_POINT('',(18.475954151608,-55.79284297894,
    60.570116739198));
#955 = CARTESIAN_POINT('',(19.170683061034,-55.79284297894,
    60.341645253273));
#956 = CARTESIAN_POINT('',(21.207970854227,-55.79284297896,
    59.564675393524));
#957 = CARTESIAN_POINT('',(22.501832466565,-55.79284297893,
    58.928055314292));
#958 = CARTESIAN_POINT('',(24.029633470163,-55.79284297895,
    57.989631670111));
#959 = CARTESIAN_POINT('',(24.325240057269,-55.79284297894,
    57.798616794963));
#960 = CARTESIAN_POINT('',(24.762661235679,-55.79284297895,
    57.501299238788));
#961 = CARTESIAN_POINT('',(24.907487963068,-55.79284297895,
    57.400383476697));
#962 = CARTESIAN_POINT('',(25.123228081116,-55.79284297895,
    57.246276636564));
#963 = CARTESIAN_POINT('',(25.194891460993,-55.79284297895,
    57.194452169936));
#964 = CARTESIAN_POINT('',(25.302007887015,-55.79284297895,
    57.116030012868));
#965 = CARTESIAN_POINT('',(25.33765025533,-55.79284297895,
    57.089775051795));
#966 = CARTESIAN_POINT('',(25.408808171886,-55.79284297895,
    57.037036291973));
#967 = CARTESIAN_POINT('',(25.445605181919,-55.79284297895,
    57.009590394756));
#968 = CARTESIAN_POINT('',(25.515642932668,-55.79284297895,
    56.957044635468));
#969 = CARTESIAN_POINT('',(25.548819018554,-55.79284297895,
    56.932152976896));
#970 = CARTESIAN_POINT('',(25.617862480519,-55.79284297895,
    56.880351851792));
#971 = CARTESIAN_POINT('',(25.652384211502,-55.79284297895,
    56.85445128924));
#972 = CARTESIAN_POINT('',(25.75594940445,-55.79284297895,
    56.776749601583));
#973 = CARTESIAN_POINT('',(25.824992866416,-55.79284297895,
    56.724948476478));
#974 = CARTESIAN_POINT('',(26.032123252313,-55.79284297895,
    56.569545101165));
#975 = CARTESIAN_POINT('',(26.170210176245,-55.79284297895,
    56.465942850956));
#976 = CARTESIAN_POINT('',(26.584470948038,-55.79284297895,
    56.155136100327));
#977 = CARTESIAN_POINT('',(26.860644795901,-55.79284297895,
    55.947931599909));
#978 = CARTESIAN_POINT('',(27.689166339488,-55.79284297895,
    55.326318098656));
#979 = CARTESIAN_POINT('',(28.24151403521,-55.79284297894,
    54.911909097815));
#980 = CARTESIAN_POINT('',(28.793861730939,-55.79284297895,
    54.497500096982));
#981 = CARTESIAN_POINT('',(7.98161083574,-55.95095695485,58.182813658892
    ));
#982 = CARTESIAN_POINT('',(8.671662404997,-55.95095695485,58.15728673285
    ));
#983 = CARTESIAN_POINT('',(9.361713974262,-55.95095695485,
    58.131759806796));
#984 = CARTESIAN_POINT('',(10.396791328154,-55.95095695485,
    58.093469417725));
#985 = CARTESIAN_POINT('',(10.741817112784,-55.95095695485,
    58.080705954701));
#986 = CARTESIAN_POINT('',(11.25935578973,-55.95095695485,
    58.061560760164));
#987 = CARTESIAN_POINT('',(11.431868682045,-55.95095695485,
    58.055179028652));
#988 = CARTESIAN_POINT('',(11.690638020518,-55.95095695485,
    58.045606431384));
#989 = CARTESIAN_POINT('',(11.776894466676,-55.95095695485,
    58.042415565628));
#990 = CARTESIAN_POINT('',(11.906279135912,-55.95095695485,
    58.037629266994));
#991 = CARTESIAN_POINT('',(11.949407358991,-55.95095695485,
    58.036033834116));
#992 = CARTESIAN_POINT('',(12.035663805149,-55.95095695485,
    58.03284296836));
#993 = CARTESIAN_POINT('',(12.080681062891,-55.95095695485,
    58.031178095919));
#994 = CARTESIAN_POINT('',(12.154014203533,-55.95095695485,
    58.028464514817));
#995 = CARTESIAN_POINT('',(12.183155271767,-55.95095695485,
    58.02731767312));
#996 = CARTESIAN_POINT('',(12.244351802793,-55.95095695485,
    58.024777285326));
#997 = CARTESIAN_POINT('',(12.274937272787,-55.95095695485,
    58.023438461605));
#998 = CARTESIAN_POINT('',(12.366655605274,-55.95095695485,
    58.019216303846));
#999 = CARTESIAN_POINT('',(12.427750390185,-55.95095695485,
    58.016127284426));
#1000 = CARTESIAN_POINT('',(12.610884908616,-55.95095695485,
    58.006039061138));
#1001 = CARTESIAN_POINT('',(12.732774806788,-55.95095695485,
    57.99821871219));
#1002 = CARTESIAN_POINT('',(13.097864941011,-55.95095695485,
    57.971484965031));
#1003 = CARTESIAN_POINT('',(13.340485680173,-55.95095695485,
    57.949299181295));
#1004 = CARTESIAN_POINT('',(14.066186752844,-55.95095695485,
    57.869735720506));
#1005 = CARTESIAN_POINT('',(14.547268430932,-55.95095695485,
    57.799327242463));
#1006 = CARTESIAN_POINT('',(15.626531172436,-55.95095695485,
    57.601830902636));
#1007 = CARTESIAN_POINT('',(16.222347327872,-55.95095695486,
    57.464766199206));
#1008 = CARTESIAN_POINT('',(17.403775839225,-55.95095695484,
    57.135354185879));
#1009 = CARTESIAN_POINT('',(17.993177473872,-55.95095695484,
    56.941514582053));
#1010 = CARTESIAN_POINT('',(19.71822304743,-55.95095695486,
    56.283625902907));
#1011 = CARTESIAN_POINT('',(20.810984689513,-55.95095695485,
    55.745830979914));
#1012 = CARTESIAN_POINT('',(22.100621690131,-55.95095695485,
    54.953695214488));
#1013 = CARTESIAN_POINT('',(22.349544920246,-55.95095695485,
    54.792833787118));
#1014 = CARTESIAN_POINT('',(22.717863541717,-55.95095695485,
    54.542485615083));
#1015 = CARTESIAN_POINT('',(22.839770837932,-55.95095695485,
    54.457539664646));
#1016 = CARTESIAN_POINT('',(23.021338121033,-55.95095695485,
    54.32784306244));
#1017 = CARTESIAN_POINT('',(23.081644935376,-55.95095695485,
    54.284231233662));
#1018 = CARTESIAN_POINT('',(23.171782289389,-55.95095695485,
    54.218239807357));
#1019 = CARTESIAN_POINT('',(23.201774262519,-55.95095695485,
    54.196147050499));
#1020 = CARTESIAN_POINT('',(23.261650674056,-55.95095695485,
    54.151769589215));
#1021 = CARTESIAN_POINT('',(23.290006053405,-55.95095695485,
    54.130631535564));
#1022 = CARTESIAN_POINT('',(23.354283017826,-55.95095695485,
    54.082407698067));
#1023 = CARTESIAN_POINT('',(23.390409288255,-55.95095695485,
    54.055302718927));
#1024 = CARTESIAN_POINT('',(23.459452750221,-55.95095695485,
    54.003501593823));
#1025 = CARTESIAN_POINT('',(23.493974481204,-55.95095695485,
    53.97760103127));
#1026 = CARTESIAN_POINT('',(23.597539674152,-55.95095695485,
    53.899899343613));
#1027 = CARTESIAN_POINT('',(23.666583136118,-55.95095695485,
    53.848098218509));
#1028 = CARTESIAN_POINT('',(23.873713522015,-55.95095695485,
    53.692694843196));
#1029 = CARTESIAN_POINT('',(24.011800445946,-55.95095695485,
    53.589092592986));
#1030 = CARTESIAN_POINT('',(24.42606121774,-55.95095695485,
    53.278285842358));
#1031 = CARTESIAN_POINT('',(24.702235065603,-55.95095695485,
    53.07108134194));
#1032 = CARTESIAN_POINT('',(25.53075660919,-55.95095695485,
    52.449467840687));
#1033 = CARTESIAN_POINT('',(26.083104304911,-55.95095695484,
    52.035058839846));
#1034 = CARTESIAN_POINT('',(26.635452000641,-55.95095695485,
    51.620649839013));
#1035 = CARTESIAN_POINT('',(7.987455913274,-59.54748305244,
    58.340819558922));
#1036 = CARTESIAN_POINT('',(8.677507482531,-59.54748305244,
    58.31529263288));
#1037 = CARTESIAN_POINT('',(9.367559051796,-59.54748305243,
    58.289765706826));
#1038 = CARTESIAN_POINT('',(10.402636405688,-59.54748305244,
    58.251475317755));
#1039 = CARTESIAN_POINT('',(10.747662190319,-59.54748305244,
    58.238711854731));
#1040 = CARTESIAN_POINT('',(11.265200867265,-59.54748305244,
    58.219566660194));
#1041 = CARTESIAN_POINT('',(11.43771375958,-59.54748305244,
    58.213184928682));
#1042 = CARTESIAN_POINT('',(11.696483098053,-59.54748305244,
    58.203612331414));
#1043 = CARTESIAN_POINT('',(11.78273954421,-59.54748305244,
    58.200421465658));
#1044 = CARTESIAN_POINT('',(11.912124213447,-59.54748305244,
    58.195635167024));
#1045 = CARTESIAN_POINT('',(11.955252436526,-59.54748305244,
    58.194039734146));
#1046 = CARTESIAN_POINT('',(12.041508882683,-59.54748305244,
    58.19084886839));
#1047 = CARTESIAN_POINT('',(12.086373475598,-59.54748305244,
    58.189189646867));
#1048 = CARTESIAN_POINT('',(12.159978090819,-59.54748305244,
    58.18646601708));
#1049 = CARTESIAN_POINT('',(12.189475602812,-59.54748305244,
    58.185305455439));
#1050 = CARTESIAN_POINT('',(12.251147416946,-59.54748305244,
    58.182745337712));
#1051 = CARTESIAN_POINT('',(12.281970535892,-59.54748305244,
    58.18139611157));
#1052 = CARTESIAN_POINT('',(12.374401815198,-59.54748305244,
    58.177141134048));
#1053 = CARTESIAN_POINT('',(12.435971897945,-59.54748305244,
    58.174028084686));
#1054 = CARTESIAN_POINT('',(12.620532131761,-59.54748305244,
    58.163861323855));
#1055 = CARTESIAN_POINT('',(12.743372269283,-59.54748305244,
    58.155980017969));
#1056 = CARTESIAN_POINT('',(13.111310985688,-59.54748305244,
    58.129037683207));
#1057 = CARTESIAN_POINT('',(13.355827926674,-59.54748305244,
    58.106678526565));
#1058 = CARTESIAN_POINT('',(14.087197769783,-59.54748305244,
    58.026493560571));
#1059 = CARTESIAN_POINT('',(14.572019049697,-59.54748305244,
    57.955537562573));
#1060 = CARTESIAN_POINT('',(15.65965435628,-59.54748305243,
    57.756509110415));
#1061 = CARTESIAN_POINT('',(16.260143763746,-59.54748305245,
    57.618372716723));
#1062 = CARTESIAN_POINT('',(17.450911984255,-59.54748305242,
    57.286356555632));
#1063 = CARTESIAN_POINT('',(18.044944119033,-59.54748305243,
    57.090994431306));
#1064 = CARTESIAN_POINT('',(19.783716788303,-59.54748305245,
    56.427870589651));
#1065 = CARTESIAN_POINT('',(20.88531938283,-59.54748305243,
    55.885731019061));
#1066 = CARTESIAN_POINT('',(22.185426780898,-59.54748305244,
    55.087164003684));
#1067 = CARTESIAN_POINT('',(22.436402350096,-59.54748305244,
    54.924976941154));
#1068 = CARTESIAN_POINT('',(22.807758925364,-59.54748305244,
    54.672563855386));
#1069 = CARTESIAN_POINT('',(22.930673827882,-59.54748305244,
    54.586915824571));
#1070 = CARTESIAN_POINT('',(23.113743450364,-59.54748305244,
    54.456146075763));
#1071 = CARTESIAN_POINT('',(23.174549533078,-59.54748305244,
    54.412173195017));
#1072 = CARTESIAN_POINT('',(23.26543333756,-59.54748305244,
    54.345635276843));
#1073 = CARTESIAN_POINT('',(23.295673718855,-59.54748305244,
    54.323359537119));
#1074 = CARTESIAN_POINT('',(23.356046098878,-59.54748305244,
    54.278614488303));
#1075 = CARTESIAN_POINT('',(23.3847725974,-59.54748305244,
    54.257199123102));
#1076 = CARTESIAN_POINT('',(23.449302823111,-59.54748305244,
    54.208785281077));
#1077 = CARTESIAN_POINT('',(23.485299394659,-59.54748305244,
    54.181777606088));
#1078 = CARTESIAN_POINT('',(23.554342856625,-59.54748305244,
    54.129976480983));
#1079 = CARTESIAN_POINT('',(23.588864587607,-59.54748305244,
    54.104075918431));
#1080 = CARTESIAN_POINT('',(23.692429780556,-59.54748305244,
    54.026374230774));
#1081 = CARTESIAN_POINT('',(23.761473242522,-59.54748305244,
    53.97457310567));
#1082 = CARTESIAN_POINT('',(23.968603628418,-59.54748305244,
    53.819169730357));
#1083 = CARTESIAN_POINT('',(24.10669055235,-59.54748305244,
    53.715567480147));
#1084 = CARTESIAN_POINT('',(24.520951324143,-59.54748305244,
    53.404760729519));
#1085 = CARTESIAN_POINT('',(24.797125172007,-59.54748305244,
    53.197556229101));
#1086 = CARTESIAN_POINT('',(25.625646715593,-59.54748305244,
    52.575942727848));
#1087 = CARTESIAN_POINT('',(26.177994411315,-59.54748305243,
    52.161533727007));
#1088 = CARTESIAN_POINT('',(26.730342107044,-59.54748305244,
    51.747124726174));
#1089 = CARTESIAN_POINT('',(7.993300990809,-63.14400915002,
    58.498825458952));
#1090 = CARTESIAN_POINT('',(8.683352560066,-63.14400915003,
    58.47329853291));
#1091 = CARTESIAN_POINT('',(9.373404129331,-63.14400915002,
    58.447771606856));
#1092 = CARTESIAN_POINT('',(10.408481483223,-63.14400915002,
    58.409481217785));
#1093 = CARTESIAN_POINT('',(10.753507267853,-63.14400915002,
    58.396717754761));
#1094 = CARTESIAN_POINT('',(11.271045944799,-63.14400915002,
    58.377572560224));
#1095 = CARTESIAN_POINT('',(11.443558837114,-63.14400915002,
    58.371190828712));
#1096 = CARTESIAN_POINT('',(11.702328175587,-63.14400915002,
    58.361618231444));
#1097 = CARTESIAN_POINT('',(11.788584621745,-63.14400915002,
    58.358427365688));
#1098 = CARTESIAN_POINT('',(11.917969290981,-63.14400915002,
    58.353641067054));
#1099 = CARTESIAN_POINT('',(11.96109751406,-63.14400915002,
    58.352045634176));
#1100 = CARTESIAN_POINT('',(12.047353960218,-63.14400915002,
    58.34885476842));
#1101 = CARTESIAN_POINT('',(12.092065888304,-63.14400915002,
    58.347201197816));
#1102 = CARTESIAN_POINT('',(12.165941978104,-63.14400915002,
    58.344467519344));
#1103 = CARTESIAN_POINT('',(12.195795933857,-63.14400915002,
    58.343293237757));
#1104 = CARTESIAN_POINT('',(12.2579430311,-63.14400915002,
    58.340713390098));
#1105 = CARTESIAN_POINT('',(12.289003798997,-63.14400915002,
    58.339353761535));
#1106 = CARTESIAN_POINT('',(12.382148025122,-63.14400915002,
    58.33506596425));
#1107 = CARTESIAN_POINT('',(12.444193405705,-63.14400915002,
    58.331928884946));
#1108 = CARTESIAN_POINT('',(12.630179354905,-63.14400915002,
    58.321683586572));
#1109 = CARTESIAN_POINT('',(12.753969731778,-63.14400915002,
    58.313741323747));
#1110 = CARTESIAN_POINT('',(13.124757030364,-63.14400915002,
    58.286590401383));
#1111 = CARTESIAN_POINT('',(13.371170173174,-63.14400915002,
    58.264057871835));
#1112 = CARTESIAN_POINT('',(14.108208786722,-63.14400915003,
    58.183251400636));
#1113 = CARTESIAN_POINT('',(14.596769668463,-63.14400915003,
    58.111747882682));
#1114 = CARTESIAN_POINT('',(15.692777540125,-63.14400915002,
    57.911187318195));
#1115 = CARTESIAN_POINT('',(16.297940199619,-63.14400915004,
    57.77197923424));
#1116 = CARTESIAN_POINT('',(17.498048129284,-63.14400915001,
    57.437358925384));
#1117 = CARTESIAN_POINT('',(18.096710764194,-63.14400915002,
    57.24047428056));
#1118 = CARTESIAN_POINT('',(19.849210529176,-63.14400915003,
    56.572115276396));
#1119 = CARTESIAN_POINT('',(20.959654076148,-63.14400915002,
    56.025631058207));
#1120 = CARTESIAN_POINT('',(22.270231871665,-63.14400915003,
    55.22063279288));
#1121 = CARTESIAN_POINT('',(22.523259779946,-63.14400915002,
    55.057120095191));
#1122 = CARTESIAN_POINT('',(22.897654309011,-63.14400915003,
    54.80264209569));
#1123 = CARTESIAN_POINT('',(23.021576817832,-63.14400915002,
    54.716291984497));
#1124 = CARTESIAN_POINT('',(23.206148779694,-63.14400915002,
    54.584449089086));
#1125 = CARTESIAN_POINT('',(23.26745413078,-63.14400915002,
    54.540115156373));
#1126 = CARTESIAN_POINT('',(23.35908438573,-63.14400915002,
    54.47303074633));
#1127 = CARTESIAN_POINT('',(23.389573175191,-63.14400915002,
    54.450572023737));
#1128 = CARTESIAN_POINT('',(23.4504415237,-63.14400915002,54.40545938739
    ));
#1129 = CARTESIAN_POINT('',(23.479539141396,-63.14400915002,
    54.383766710639));
#1130 = CARTESIAN_POINT('',(23.544322628395,-63.14400915002,
    54.335162864088));
#1131 = CARTESIAN_POINT('',(23.580189501063,-63.14400915002,
    54.308252493249));
#1132 = CARTESIAN_POINT('',(23.649232963028,-63.14400915002,
    54.256451368144));
#1133 = CARTESIAN_POINT('',(23.683754694011,-63.14400915002,
    54.230550805592));
#1134 = CARTESIAN_POINT('',(23.787319886959,-63.14400915002,
    54.152849117935));
#1135 = CARTESIAN_POINT('',(23.856363348925,-63.14400915002,
    54.101047992831));
#1136 = CARTESIAN_POINT('',(24.063493734822,-63.14400915002,
    53.945644617517));
#1137 = CARTESIAN_POINT('',(24.201580658754,-63.14400915002,
    53.842042367308));
#1138 = CARTESIAN_POINT('',(24.615841430547,-63.14400915002,
    53.53123561668));
#1139 = CARTESIAN_POINT('',(24.89201527841,-63.14400915002,
    53.324031116262));
#1140 = CARTESIAN_POINT('',(25.720536821997,-63.14400915002,
    52.702417615009));
#1141 = CARTESIAN_POINT('',(26.272884517719,-63.14400915002,
    52.288008614168));
#1142 = CARTESIAN_POINT('',(26.825232213448,-63.14400915002,
    51.873599613335));
#1143 = CARTESIAN_POINT('',(8.126255549542,-62.98589517412,
    62.092893217904));
#1144 = CARTESIAN_POINT('',(8.816307118799,-62.98589517412,
    62.067366291861));
#1145 = CARTESIAN_POINT('',(9.506358688064,-62.98589517412,
    62.041839365807));
#1146 = CARTESIAN_POINT('',(10.541436041956,-62.98589517412,
    62.003548976736));
#1147 = CARTESIAN_POINT('',(10.886461826586,-62.98589517412,
    61.990785513713));
#1148 = CARTESIAN_POINT('',(11.404000503532,-62.98589517412,
    61.971640319176));
#1149 = CARTESIAN_POINT('',(11.576513395847,-62.98589517412,
    61.965258587664));
#1150 = CARTESIAN_POINT('',(11.83528273432,-62.98589517412,
    61.955685990396));
#1151 = CARTESIAN_POINT('',(11.921539180478,-62.98589517412,
    61.95249512464));
#1152 = CARTESIAN_POINT('',(12.050923849714,-62.98589517412,
    61.947708826006));
#1153 = CARTESIAN_POINT('',(12.094052072793,-62.98589517412,
    61.946113393128));
#1154 = CARTESIAN_POINT('',(12.180308518951,-62.98589517412,
    61.942922527372));
#1155 = CARTESIAN_POINT('',(12.221547869517,-62.98589517412,
    61.941397494914));
#1156 = CARTESIAN_POINT('',(12.301599032724,-62.98589517412,
    61.938435244874));
#1157 = CARTESIAN_POINT('',(12.339560806136,-62.98589517412,
    61.93694888373));
#1158 = CARTESIAN_POINT('',(12.412518890126,-62.98589517412,
    61.933920250848));
#1159 = CARTESIAN_POINT('',(12.448985319694,-62.98589517412,
    61.93232400449));
#1160 = CARTESIAN_POINT('',(12.558346529966,-62.98589517412,
    61.927289675255));
#1161 = CARTESIAN_POINT('',(12.631203232317,-62.98589517412,
    61.923606000926));
#1162 = CARTESIAN_POINT('',(12.849619095211,-62.98589517412,
    61.911574255005));
#1163 = CARTESIAN_POINT('',(12.995024010622,-62.98589517412,
    61.902245440369));
#1164 = CARTESIAN_POINT('',(13.43060634129,-62.98589517412,
    61.870349897855));
#1165 = CARTESIAN_POINT('',(13.720151277529,-62.98589517412,
    61.843873756264));
#1166 = CARTESIAN_POINT('',(14.586134095642,-62.98589517413,
    61.748930269773));
#1167 = CARTESIAN_POINT('',(15.159757511212,-62.98589517413,
    61.664972635927));
#1168 = CARTESIAN_POINT('',(16.446211223655,-62.98589517411,
    61.429562008348));
#1169 = CARTESIAN_POINT('',(17.1576736111,-62.98589517413,
    61.265976813418));
#1170 = CARTESIAN_POINT('',(18.570226441667,-62.98589517411,
    60.872121478705));
#1171 = CARTESIAN_POINT('',(19.274216351355,-62.98589517412,
    60.64060495178));
#1172 = CARTESIAN_POINT('',(21.338958335973,-62.98589517413,
    59.853164767013));
#1173 = CARTESIAN_POINT('',(22.6505018532,-62.98589517412,
    59.207855392585));
#1174 = CARTESIAN_POINT('',(24.199243651697,-62.98589517412,
    58.256569248502));
#1175 = CARTESIAN_POINT('',(24.498954916967,-62.98589517412,
    58.062903103036));
#1176 = CARTESIAN_POINT('',(24.942452002974,-62.98589517412,
    57.761455719395));
#1177 = CARTESIAN_POINT('',(25.089293942968,-62.98589517412,
    57.659135796548));
#1178 = CARTESIAN_POINT('',(25.308038739777,-62.98589517412,
    57.50288266321));
#1179 = CARTESIAN_POINT('',(25.380700656396,-62.98589517412,
    57.450336092647));
#1180 = CARTESIAN_POINT('',(25.489309983357,-62.98589517412,
    57.370820951841));
#1181 = CARTESIAN_POINT('',(25.525449168002,-62.98589517412,
    57.344200025033));
#1182 = CARTESIAN_POINT('',(25.59759902153,-62.98589517412,
    57.290726090148));
#1183 = CARTESIAN_POINT('',(25.635138269911,-62.98589517412,
    57.262725569831));
#1184 = CARTESIAN_POINT('',(25.705682543237,-62.98589517412,
    57.20979980149));
#1185 = CARTESIAN_POINT('',(25.738599231361,-62.98589517412,
    57.185102751218));
#1186 = CARTESIAN_POINT('',(25.807642693326,-62.98589517412,
    57.133301626114));
#1187 = CARTESIAN_POINT('',(25.842164424309,-62.98589517412,
    57.107401063561));
#1188 = CARTESIAN_POINT('',(25.945729617258,-62.98589517412,
    57.029699375904));
#1189 = CARTESIAN_POINT('',(26.014773079224,-62.98589517412,
    56.9778982508));
#1190 = CARTESIAN_POINT('',(26.22190346512,-62.98589517412,
    56.822494875487));
#1191 = CARTESIAN_POINT('',(26.359990389052,-62.98589517412,
    56.718892625278));
#1192 = CARTESIAN_POINT('',(26.774251160845,-62.98589517412,
    56.408085874649));
#1193 = CARTESIAN_POINT('',(27.050425008708,-62.98589517412,
    56.200881374231));
#1194 = CARTESIAN_POINT('',(27.878946552295,-62.98589517412,
    55.579267872978));
#1195 = CARTESIAN_POINT('',(28.431294248017,-62.98589517411,
    55.164858872137));
#1196 = CARTESIAN_POINT('',(28.983641943746,-62.98589517412,
    54.750449871304));
#1197 = CARTESIAN_POINT('',(8.120410472008,-59.38936907653,
    61.934887317874));
#1198 = CARTESIAN_POINT('',(8.810462041264,-59.38936907654,
    61.909360391831));
#1199 = CARTESIAN_POINT('',(9.500513610529,-59.38936907653,
    61.883833465777));
#1200 = CARTESIAN_POINT('',(10.535590964421,-59.38936907654,
    61.845543076706));
#1201 = CARTESIAN_POINT('',(10.880616749052,-59.38936907653,
    61.832779613683));
#1202 = CARTESIAN_POINT('',(11.398155425998,-59.38936907654,
    61.813634419146));
#1203 = CARTESIAN_POINT('',(11.570668318313,-59.38936907653,
    61.807252687634));
#1204 = CARTESIAN_POINT('',(11.829437656786,-59.38936907653,
    61.797680090366));
#1205 = CARTESIAN_POINT('',(11.915694102943,-59.38936907653,
    61.79448922461));
#1206 = CARTESIAN_POINT('',(12.04507877218,-59.38936907653,
    61.789702925976));
#1207 = CARTESIAN_POINT('',(12.088206995259,-59.38936907654,
    61.788107493098));
#1208 = CARTESIAN_POINT('',(12.174463441416,-59.38936907653,
    61.784916627342));
#1209 = CARTESIAN_POINT('',(12.21585545681,-59.38936907653,
    61.783385943965));
#1210 = CARTESIAN_POINT('',(12.295635145438,-59.38936907653,
    61.780433742611));
#1211 = CARTESIAN_POINT('',(12.333240475091,-59.38936907653,
    61.778961101412));
#1212 = CARTESIAN_POINT('',(12.405723275973,-59.38936907653,
    61.775952198462));
#1213 = CARTESIAN_POINT('',(12.441952056588,-59.38936907653,
    61.774366354525));
#1214 = CARTESIAN_POINT('',(12.550600320043,-59.38936907654,
    61.769364845053));
#1215 = CARTESIAN_POINT('',(12.622981724557,-59.38936907653,
    61.765705200666));
#1216 = CARTESIAN_POINT('',(12.839971872067,-59.38936907654,
    61.753751992288));
#1217 = CARTESIAN_POINT('',(12.984426548128,-59.38936907653,
    61.74448413459));
#1218 = CARTESIAN_POINT('',(13.417160296614,-59.38936907654,
    61.71279717968));
#1219 = CARTESIAN_POINT('',(13.704809031029,-59.38936907653,
    61.686494410993));
#1220 = CARTESIAN_POINT('',(14.565123078703,-59.38936907654,
    61.59217242971));
#1221 = CARTESIAN_POINT('',(15.135006892447,-59.38936907654,
    61.508762315816));
#1222 = CARTESIAN_POINT('',(16.41308803981,-59.38936907652,
    61.274883800571));
#1223 = CARTESIAN_POINT('',(17.119877175227,-59.38936907654,
    61.112370295902));
#1224 = CARTESIAN_POINT('',(18.523090296638,-59.38936907653,
    60.721119108951));
#1225 = CARTESIAN_POINT('',(19.222449706194,-59.38936907653,
    60.491125102527));
#1226 = CARTESIAN_POINT('',(21.2734645951,-59.38936907655,
    59.708920080269));
#1227 = CARTESIAN_POINT('',(22.576167159882,-59.38936907652,
    59.067955353438));
#1228 = CARTESIAN_POINT('',(24.11443856093,-59.38936907654,
    58.123100459307));
#1229 = CARTESIAN_POINT('',(24.412097487118,-59.38936907653,57.930759949
    ));
#1230 = CARTESIAN_POINT('',(24.852556619327,-59.38936907654,
    57.631377479092));
#1231 = CARTESIAN_POINT('',(24.998390953018,-59.38936907653,
    57.529759636623));
#1232 = CARTESIAN_POINT('',(25.215633410446,-59.38936907653,
    57.374579649887));
#1233 = CARTESIAN_POINT('',(25.287796058694,-59.38936907653,
    57.322394131292));
#1234 = CARTESIAN_POINT('',(25.395658935186,-59.38936907653,
    57.243425482355));
#1235 = CARTESIAN_POINT('',(25.431549711666,-59.38936907653,
    57.216987538414));
#1236 = CARTESIAN_POINT('',(25.503203596708,-59.38936907653,
    57.16388119106));
#1237 = CARTESIAN_POINT('',(25.540371725915,-59.38936907653,
    57.136157982294));
#1238 = CARTESIAN_POINT('',(25.610662737953,-59.38936907654,
    57.083422218479));
#1239 = CARTESIAN_POINT('',(25.643709124957,-59.38936907653,
    57.058627864057));
#1240 = CARTESIAN_POINT('',(25.712752586923,-59.38936907653,
    57.006826738953));
#1241 = CARTESIAN_POINT('',(25.747274317906,-59.38936907653,
    56.980926176401));
#1242 = CARTESIAN_POINT('',(25.850839510854,-59.38936907654,
    56.903224488743));
#1243 = CARTESIAN_POINT('',(25.91988297282,-59.38936907653,
    56.851423363639));
#1244 = CARTESIAN_POINT('',(26.127013358717,-59.38936907653,
    56.696019988326));
#1245 = CARTESIAN_POINT('',(26.265100282648,-59.38936907654,
    56.592417738117));
#1246 = CARTESIAN_POINT('',(26.679361054442,-59.38936907653,
    56.281610987489));
#1247 = CARTESIAN_POINT('',(26.955534902305,-59.38936907654,
    56.07440648707));
#1248 = CARTESIAN_POINT('',(27.784056445892,-59.38936907653,
    55.452792985817));
#1249 = CARTESIAN_POINT('',(28.336404141613,-59.38936907653,
    55.038383984976));
#1250 = CARTESIAN_POINT('',(28.888751837343,-59.38936907653,
    54.623974984143));
#1251 = ADVANCED_FACE('',(#1252),#1271,.F.);
#1252 = FACE_BOUND('',#1253,.F.);
#1253 = EDGE_LOOP('',(#1254,#1255,#1264));
#1254 = ORIENTED_EDGE('',*,*,#857,.F.);
#1255 = ORIENTED_EDGE('',*,*,#1256,.F.);
#1256 = EDGE_CURVE('',#1257,#849,#1259,.T.);
#1257 = VERTEX_POINT('',#1258);
#1258 = CARTESIAN_POINT('',(12.194242608204,-59.60056774156,
    58.184691881959));
#1259 = B_SPLINE_CURVE_WITH_KNOTS('',3,(#1260,#1261,#1262,#1263),
  .UNSPECIFIED.,.F.,.F.,(4,4),(4.404257699518E-03,4.554268315464E-03),
  .PIECEWISE_BEZIER_KNOTS.);
#1260 = CARTESIAN_POINT('',(12.194242608204,-59.60056774156,
    58.184691881959));
#1261 = CARTESIAN_POINT('',(12.172079710514,-59.55658970109,
    58.184691882006));
#1262 = CARTESIAN_POINT('',(12.150267135238,-59.513030562,
    58.185087216706));
#1263 = CARTESIAN_POINT('',(12.127681845358,-59.46842606449,
    58.185922951792));
#1264 = ORIENTED_EDGE('',*,*,#1265,.T.);
#1265 = EDGE_CURVE('',#1257,#858,#1266,.T.);
#1266 = B_SPLINE_CURVE_WITH_KNOTS('',3,(#1267,#1268,#1269,#1270),
  .UNSPECIFIED.,.F.,.F.,(4,4),(0.,9.573020073375E-05),
  .PIECEWISE_BEZIER_KNOTS.);
#1267 = CARTESIAN_POINT('',(12.194242608204,-59.60056774156,
    58.184691881959));
#1268 = CARTESIAN_POINT('',(12.194242608204,-59.56865767465,
    58.184691881956));
#1269 = CARTESIAN_POINT('',(12.194242608204,-59.53674597906,
    58.184368124503));
#1270 = CARTESIAN_POINT('',(12.194242608204,-59.5048424539,
    58.183722018659));
#1271 = ( BOUNDED_SURFACE() B_SPLINE_SURFACE(3,2,(
    (#1272,#1273,#1274)
    ,(#1275,#1276,#1277)
    ,(#1278,#1279,#1280)
    ,(#1281,#1282,#1283
)),.UNSPECIFIED.,.F.,.F.,.F.) B_SPLINE_SURFACE_WITH_KNOTS((4,4),(3,3),(
    -1.149673471001E-05,1.671579106825E-04),(0.,1.),
.PIECEWISE_BEZIER_KNOTS.) GEOMETRIC_REPRESENTATION_ITEM() 
RATIONAL_B_SPLINE_SURFACE((
    (1.,1.,1.)
    ,(1.,1.000000409804,1.)
    ,(1.,0.999852437662,1.)
,(1.,0.999559057328,1.))) REPRESENTATION_ITEM('') SURFACE() );
#1272 = CARTESIAN_POINT('',(12.127681845357,-59.46842606449,
    58.185922951784));
#1273 = CARTESIAN_POINT('',(12.127681845357,-59.46842606449,
    58.185922951784));
#1274 = CARTESIAN_POINT('',(12.127681845356,-59.46842606449,
    58.185922951784));
#1275 = CARTESIAN_POINT('',(12.149983221302,-59.51245647078,
    58.185097722558));
#1276 = CARTESIAN_POINT('',(12.160742231579,-59.50252598922,
    58.184699646936));
#1277 = CARTESIAN_POINT('',(12.171587914732,-59.49257181676,
    58.184298273032));
#1278 = CARTESIAN_POINT('',(12.17239031738,-59.55720648409,
    58.184686992642));
#1279 = CARTESIAN_POINT('',(12.194265224611,-59.53704693457,
    58.184287466669));
#1280 = CARTESIAN_POINT('',(12.216108514261,-59.51687139515,
    58.182999399959));
#1281 = CARTESIAN_POINT('',(12.194641706597,-59.60135967214,
    58.184691926202));
#1282 = CARTESIAN_POINT('',(12.227370400588,-59.57112082729,
    58.184699182775));
#1283 = CARTESIAN_POINT('',(12.260041967858,-59.54093530507,
    58.182061353878));
#1284 = ADVANCED_FACE('',(#1285),#1327,.T.);
#1285 = FACE_BOUND('',#1286,.T.);
#1286 = EDGE_LOOP('',(#1287,#1310,#1319,#1326));
#1287 = ORIENTED_EDGE('',*,*,#1288,.F.);
#1288 = EDGE_CURVE('',#1289,#347,#1291,.T.);
#1289 = VERTEX_POINT('',#1290);
#1290 = CARTESIAN_POINT('',(13.988849453042,-63.00168888996,
    59.8454574763));
#1291 = B_SPLINE_CURVE_WITH_KNOTS('',3,(#1292,#1293,#1294,#1295,#1296,
    #1297,#1298,#1299,#1300,#1301,#1302,#1303,#1304,#1305,#1306,#1307,
    #1308,#1309),.UNSPECIFIED.,.F.,.F.,(4,2,2,2,2,2,2,2,4),(0.,
    4.823318601885E-04,9.646637203769E-04,1.446995580565E-03,
    1.929327440754E-03,2.411659300942E-03,2.893991161131E-03,
    3.376323021319E-03,3.858654881508E-03),.UNSPECIFIED.);
#1292 = CARTESIAN_POINT('',(13.988849453042,-63.00168888996,
    59.8454574763));
#1293 = CARTESIAN_POINT('',(13.988849466054,-63.16307279717,
    59.845457474756));
#1294 = CARTESIAN_POINT('',(13.98763345066,-63.32281154187,
    59.82581355633));
#1295 = CARTESIAN_POINT('',(13.979163347885,-63.63585166405,
    59.748999312214));
#1296 = CARTESIAN_POINT('',(13.97169346152,-63.78963982244,
    59.690918209846));
#1297 = CARTESIAN_POINT('',(13.941062747183,-64.07371180343,
    59.543949432298));
#1298 = CARTESIAN_POINT('',(13.917425817742,-64.20799020556,
    59.453103219742));
#1299 = CARTESIAN_POINT('',(13.840442278922,-64.44701339453,
    59.248503371676));
#1300 = CARTESIAN_POINT('',(13.787010306541,-64.55158319476,
    59.134985960429));
#1301 = CARTESIAN_POINT('',(13.639454233053,-64.724508373,
    58.902900564973));
#1302 = CARTESIAN_POINT('',(13.547675953567,-64.79067262884,
    58.787862071186));
#1303 = CARTESIAN_POINT('',(13.322354463335,-64.89073154075,
    58.573470049658));
#1304 = CARTESIAN_POINT('',(13.194582628413,-64.92240568729,
    58.479524243575));
#1305 = CARTESIAN_POINT('',(12.909947278464,-64.96524439516,
    58.325180929025));
#1306 = CARTESIAN_POINT('',(12.759278019298,-64.97570241005,
    58.267932601519));
#1307 = CARTESIAN_POINT('',(12.441942800126,-64.9882006599,
    58.194392448782));
#1308 = CARTESIAN_POINT('',(12.2800914271,-64.99007832151,
    58.179338083154));
#1309 = CARTESIAN_POINT('',(12.11692541875,-64.98997134242,
    58.186353189786));
#1310 = ORIENTED_EDGE('',*,*,#1311,.F.);
#1311 = EDGE_CURVE('',#1312,#1289,#1314,.T.);
#1312 = VERTEX_POINT('',#1313);
#1313 = CARTESIAN_POINT('',(11.365041237352,-63.,60.));
#1314 = B_SPLINE_CURVE_WITH_KNOTS('',3,(#1315,#1316,#1317,#1318),
  .UNSPECIFIED.,.F.,.F.,(4,4),(0.,8.130385277575E-02),
  .PIECEWISE_BEZIER_KNOTS.);
#1315 = CARTESIAN_POINT('',(11.365041237352,-63.,60.));
#1316 = CARTESIAN_POINT('',(12.24833732753,-63.,60.));
#1317 = CARTESIAN_POINT('',(13.122872574035,-63.,59.948085914828));
#1318 = CARTESIAN_POINT('',(13.988849453042,-63.00168888996,
    59.8454574763));
#1319 = ORIENTED_EDGE('',*,*,#1320,.T.);
#1320 = EDGE_CURVE('',#1312,#356,#1321,.T.);
#1321 = CIRCLE('',#1322,2.);
#1322 = AXIS2_PLACEMENT_3D('',#1323,#1324,#1325);
#1323 = CARTESIAN_POINT('',(11.365041237352,-63.,58.));
#1324 = DIRECTION('',(1.,1.040834085586E-14,0.));
#1325 = DIRECTION('',(-1.040834085586E-14,1.,0.));
#1326 = ORIENTED_EDGE('',*,*,#355,.F.);
#1327 = ( BOUNDED_SURFACE() B_SPLINE_SURFACE(3,2,(
    (#1328,#1329,#1330)
    ,(#1331,#1332,#1333)
    ,(#1334,#1335,#1336)
    ,(#1337,#1338,#1339
)),.UNSPECIFIED.,.F.,.F.,.F.) B_SPLINE_SURFACE_WITH_KNOTS((4,4),(3,3),(
    -8.673617379884E-18,2.395178689029E-03),(5.872097343531E-02,1.),
.PIECEWISE_BEZIER_KNOTS.) GEOMETRIC_REPRESENTATION_ITEM() 
RATIONAL_B_SPLINE_SURFACE((
    (0.967621931256,0.724305756108,1.)
    ,(0.967621931256,0.724305756108,1.)
    ,(0.967621931256,0.724305756108,1.)
,(0.967621931256,0.724305756108,1.
  ))) REPRESENTATION_ITEM('') SURFACE() );
#1328 = CARTESIAN_POINT('',(11.365041237352,-64.99287293392,
    58.168693417893));
#1329 = CARTESIAN_POINT('',(11.365041237352,-64.83785584212,60.));
#1330 = CARTESIAN_POINT('',(11.365041237352,-63.,60.));
#1331 = CARTESIAN_POINT('',(12.18140355792,-64.99287293392,
    58.168693417778));
#1332 = CARTESIAN_POINT('',(12.253587190374,-64.83785584212,
    59.999999999923));
#1333 = CARTESIAN_POINT('',(12.253587190389,-63.,60.));
#1334 = CARTESIAN_POINT('',(12.989735315393,-64.99287293392,
    58.120406690702));
#1335 = CARTESIAN_POINT('',(13.134824912941,-64.83785584212,
    59.947393726762));
#1336 = CARTESIAN_POINT('',(13.134824912922,-63.,59.947393726634));
#1337 = CARTESIAN_POINT('',(13.790067085433,-64.99287293392,
    58.024886376083));
#1338 = CARTESIAN_POINT('',(14.007094892973,-64.83785584212,
    59.843287522262));
#1339 = CARTESIAN_POINT('',(14.007094892973,-63.,59.843287522262));
#1340 = ADVANCED_FACE('',(#1341),#1352,.T.);
#1341 = FACE_BOUND('',#1342,.T.);
#1342 = EDGE_LOOP('',(#1343,#1344,#1345,#1351));
#1343 = ORIENTED_EDGE('',*,*,#364,.F.);
#1344 = ORIENTED_EDGE('',*,*,#1320,.F.);
#1345 = ORIENTED_EDGE('',*,*,#1346,.F.);
#1346 = EDGE_CURVE('',#239,#1312,#1347,.T.);
#1347 = LINE('',#1348,#1349);
#1348 = CARTESIAN_POINT('',(0.,-63.,60.));
#1349 = VECTOR('',#1350,1.);
#1350 = DIRECTION('',(1.,-0.,-0.));
#1351 = ORIENTED_EDGE('',*,*,#238,.T.);
#1352 = CYLINDRICAL_SURFACE('',#1353,2.);
#1353 = AXIS2_PLACEMENT_3D('',#1354,#1355,#1356);
#1354 = CARTESIAN_POINT('',(12.517036357209,-63.,58.));
#1355 = DIRECTION('',(-1.,0.,0.));
#1356 = DIRECTION('',(0.,0.,1.));
#1357 = ADVANCED_FACE('',(#1358),#1420,.T.);
#1358 = FACE_BOUND('',#1359,.T.);
#1359 = EDGE_LOOP('',(#1360,#1368,#1369,#1377,#1392,#1407));
#1360 = ORIENTED_EDGE('',*,*,#1361,.F.);
#1361 = EDGE_CURVE('',#239,#1362,#1364,.T.);
#1362 = VERTEX_POINT('',#1363);
#1363 = CARTESIAN_POINT('',(-11.36504123735,-55.,60.));
#1364 = LINE('',#1365,#1366);
#1365 = CARTESIAN_POINT('',(-11.36504123735,-65.,60.));
#1366 = VECTOR('',#1367,1.);
#1367 = DIRECTION('',(0.,1.,0.));
#1368 = ORIENTED_EDGE('',*,*,#1346,.T.);
#1369 = ORIENTED_EDGE('',*,*,#1370,.T.);
#1370 = EDGE_CURVE('',#1312,#1371,#1373,.T.);
#1371 = VERTEX_POINT('',#1372);
#1372 = CARTESIAN_POINT('',(11.365041237352,-55.,60.));
#1373 = LINE('',#1374,#1375);
#1374 = CARTESIAN_POINT('',(11.365041237352,-65.,60.));
#1375 = VECTOR('',#1376,1.);
#1376 = DIRECTION('',(0.,1.,0.));
#1377 = ORIENTED_EDGE('',*,*,#1378,.F.);
#1378 = EDGE_CURVE('',#1379,#1371,#1381,.T.);
#1379 = VERTEX_POINT('',#1380);
#1380 = CARTESIAN_POINT('',(19.682428022442,-27.40863060494,60.));
#1381 = B_SPLINE_CURVE_WITH_KNOTS('',3,(#1382,#1383,#1384,#1385,#1386,
    #1387,#1388,#1389,#1390,#1391),.UNSPECIFIED.,.F.,.F.,(4,2,2,2,4),(
    1.539064204181E-03,1.595183360751E-02,2.315821830917E-02,
    2.676141066E-02,3.036460301084E-02),.UNSPECIFIED.);
#1382 = CARTESIAN_POINT('',(19.682428022442,-27.40863060494,60.));
#1383 = CARTESIAN_POINT('',(18.573120934717,-32.0848671511,60.));
#1384 = CARTESIAN_POINT('',(17.313553402904,-36.72197706298,60.));
#1385 = CARTESIAN_POINT('',(15.206434571877,-43.617113391,60.));
#1386 = CARTESIAN_POINT('',(14.468311678921,-45.90366617005,60.));
#1387 = CARTESIAN_POINT('',(13.3085833065,-49.31611389931,60.));
#1388 = CARTESIAN_POINT('',(12.918643469526,-50.45248376764,60.));
#1389 = CARTESIAN_POINT('',(12.141842353439,-52.72624188382,60.));
#1390 = CARTESIAN_POINT('',(11.753441795396,-53.86312094191,60.));
#1391 = CARTESIAN_POINT('',(11.365041237352,-55.,60.));
#1392 = ORIENTED_EDGE('',*,*,#1393,.T.);
#1393 = EDGE_CURVE('',#1379,#1394,#1396,.T.);
#1394 = VERTEX_POINT('',#1395);
#1395 = CARTESIAN_POINT('',(-19.68242802244,-27.40863060494,60.));
#1396 = B_SPLINE_CURVE_WITH_KNOTS('',3,(#1397,#1398,#1399,#1400,#1401,
    #1402,#1403,#1404,#1405,#1406),.UNSPECIFIED.,.F.,.F.,(4,2,2,2,4),(
    -1.817117036228E-04,9.670558131503E-03,1.952282796663E-02,
    2.937509780175E-02,3.922736763688E-02),.UNSPECIFIED.);
#1397 = CARTESIAN_POINT('',(19.682428022442,-27.40863060494,60.));
#1398 = CARTESIAN_POINT('',(16.40836007825,-27.69743831231,60.));
#1399 = CARTESIAN_POINT('',(13.13135877803,-27.92757945978,60.));
#1400 = CARTESIAN_POINT('',(6.571072748635,-28.24984745561,60.));
#1401 = CARTESIAN_POINT('',(3.287517612238,-28.33815437612,60.));
#1402 = CARTESIAN_POINT('',(-3.287865885667,-28.33814829393,60.));
#1403 = CARTESIAN_POINT('',(-6.57138713487,-28.24983569879,60.));
#1404 = CARTESIAN_POINT('',(-13.13155145219,-27.92756630744,60.));
#1405 = CARTESIAN_POINT('',(-16.40837527564,-27.69743697174,60.));
#1406 = CARTESIAN_POINT('',(-19.68242802244,-27.40863060494,60.));
#1407 = ORIENTED_EDGE('',*,*,#1408,.T.);
#1408 = EDGE_CURVE('',#1394,#1362,#1409,.T.);
#1409 = B_SPLINE_CURVE_WITH_KNOTS('',3,(#1410,#1411,#1412,#1413,#1414,
    #1415,#1416,#1417,#1418,#1419),.UNSPECIFIED.,.F.,.F.,(4,2,2,2,4),(
    1.539064204181E-03,1.595183360751E-02,2.315821830917E-02,
    2.676141066E-02,3.036460301084E-02),.UNSPECIFIED.);
#1410 = CARTESIAN_POINT('',(-19.68242802244,-27.40863060494,60.));
#1411 = CARTESIAN_POINT('',(-18.57312093471,-32.0848671511,60.));
#1412 = CARTESIAN_POINT('',(-17.3135534029,-36.72197706298,60.));
#1413 = CARTESIAN_POINT('',(-15.20643457187,-43.617113391,60.));
#1414 = CARTESIAN_POINT('',(-14.46831167892,-45.90366617005,60.));
#1415 = CARTESIAN_POINT('',(-13.3085833065,-49.31611389931,60.));
#1416 = CARTESIAN_POINT('',(-12.91864346952,-50.45248376764,60.));
#1417 = CARTESIAN_POINT('',(-12.14184235343,-52.72624188382,60.));
#1418 = CARTESIAN_POINT('',(-11.75344179539,-53.86312094191,60.));
#1419 = CARTESIAN_POINT('',(-11.36504123735,-55.,60.));
#1420 = PLANE('',#1421);
#1421 = AXIS2_PLACEMENT_3D('',#1422,#1423,#1424);
#1422 = CARTESIAN_POINT('',(0.,0.,60.));
#1423 = DIRECTION('',(0.,0.,1.));
#1424 = DIRECTION('',(1.,0.,-0.));
#1425 = ADVANCED_FACE('',(#1426),#1460,.T.);
#1426 = FACE_BOUND('',#1427,.T.);
#1427 = EDGE_LOOP('',(#1428,#1429,#1438,#1453));
#1428 = ORIENTED_EDGE('',*,*,#1393,.F.);
#1429 = ORIENTED_EDGE('',*,*,#1430,.F.);
#1430 = EDGE_CURVE('',#1431,#1379,#1433,.T.);
#1431 = VERTEX_POINT('',#1432);
#1432 = CARTESIAN_POINT('',(19.37595379196,-23.93428616006,
    57.958316681345));
#1433 = CIRCLE('',#1434,4.);
#1434 = AXIS2_PLACEMENT_3D('',#1435,#1436,#1437);
#1435 = CARTESIAN_POINT('',(19.682428022442,-27.40863060494,56.));
#1436 = DIRECTION('',(0.996131997842,8.786946497165E-02,0.));
#1437 = DIRECTION('',(-8.786946497165E-02,0.996131997842,0.));
#1438 = ORIENTED_EDGE('',*,*,#1439,.F.);
#1439 = EDGE_CURVE('',#1440,#1431,#1442,.T.);
#1440 = VERTEX_POINT('',#1441);
#1441 = CARTESIAN_POINT('',(-19.37595379196,-23.93428616006,
    57.958316681345));
#1442 = B_SPLINE_CURVE_WITH_KNOTS('',3,(#1443,#1444,#1445,#1446,#1447,
    #1448,#1449,#1450,#1451,#1452),.UNSPECIFIED.,.F.,.F.,(4,2,2,2,4),(
    1.210590960316E-03,1.094244341244E-02,2.067429586456E-02,
    3.040614831668E-02,4.013800076879E-02),.UNSPECIFIED.);
#1443 = CARTESIAN_POINT('',(-19.37595379196,-23.93428616006,
    57.958316681345));
#1444 = CARTESIAN_POINT('',(-16.1489196571,-24.04046943649,
    57.641674571041));
#1445 = CARTESIAN_POINT('',(-12.91365845503,-24.18298047946,
    57.40063716662));
#1446 = CARTESIAN_POINT('',(-6.444686694242,-24.39642623615,
    57.079797537537));
#1447 = CARTESIAN_POINT('',(-3.212156422324,-24.46540753674,
    56.999700191877));
#1448 = CARTESIAN_POINT('',(3.248442000438,-24.46492709186,
    57.00030149672));
#1449 = CARTESIAN_POINT('',(6.476510946034,-24.39553567224,
    57.080991123149));
#1450 = CARTESIAN_POINT('',(12.928771909636,-24.18232115375,
    57.401774345643));
#1451 = CARTESIAN_POINT('',(16.152975774923,-24.0403359728,
    57.642072564261));
#1452 = CARTESIAN_POINT('',(19.37595379196,-23.93428616006,
    57.958316681345));
#1453 = ORIENTED_EDGE('',*,*,#1454,.T.);
#1454 = EDGE_CURVE('',#1440,#1394,#1455,.T.);
#1455 = CIRCLE('',#1456,4.);
#1456 = AXIS2_PLACEMENT_3D('',#1457,#1458,#1459);
#1457 = CARTESIAN_POINT('',(-19.68242802244,-27.40863060494,56.));
#1458 = DIRECTION('',(0.996131997842,-8.786946497165E-02,0.));
#1459 = DIRECTION('',(8.786946497165E-02,0.996131997842,0.));
#1460 = ( BOUNDED_SURFACE() B_SPLINE_SURFACE(3,2,(
    (#1461,#1462,#1463)
    ,(#1464,#1465,#1466)
    ,(#1467,#1468,#1469)
    ,(#1470,#1471,#1472)
    ,(#1473,#1474,#1475)
    ,(#1476,#1477,#1478)
    ,(#1479,#1480,#1481)
    ,(#1482,#1483,#1484)
    ,(#1485,#1486,#1487)
    ,(#1488,#1489,#1490
)),.UNSPECIFIED.,.F.,.F.,.F.) B_SPLINE_SURFACE_WITH_KNOTS((4,2,2,2,4),(3
    ,3),(1.283968000746E-02,2.268121254734E-02,3.252274508723E-02,
    4.236427762712E-02,5.2205810167E-02),(0.,1.),.UNSPECIFIED.) 
GEOMETRIC_REPRESENTATION_ITEM() RATIONAL_B_SPLINE_SURFACE((
    (1.,0.863011926434,1.)
    ,(1.,0.839965547788,1.)
    ,(1.,0.821680786183,1.)
    ,(1.,0.796977769963,1.)
    ,(1.,0.790583475571,1.)
    ,(1.,0.790555401278,1.)
    ,(1.,0.796922493435,1.)
    ,(1.,0.821615700233,1.)
    ,(1.,0.839917551351,1.)
,(1.,0.863011926434,1.))) REPRESENTATION_ITEM('') SURFACE() );
#1461 = CARTESIAN_POINT('',(19.37595379196,-23.93428616006,
    57.958316681345));
#1462 = CARTESIAN_POINT('',(19.476682509491,-25.07619704648,60.));
#1463 = CARTESIAN_POINT('',(19.682428022442,-27.40863060494,60.));
#1464 = CARTESIAN_POINT('',(16.135705142096,-24.04090425093,
    57.640377940513));
#1465 = CARTESIAN_POINT('',(16.126736100654,-25.11922101378,60.));
#1466 = CARTESIAN_POINT('',(16.414501863928,-27.69689654122,60.));
#1467 = CARTESIAN_POINT('',(12.902611953526,-24.18335960883,
    57.40005403713));
#1468 = CARTESIAN_POINT('',(12.914855678758,-25.15825358575,60.));
#1469 = CARTESIAN_POINT('',(13.141905158302,-27.92687771212,60.));
#1470 = CARTESIAN_POINT('',(6.451445771948,-24.39618856194,
    57.080168048411));
#1471 = CARTESIAN_POINT('',(6.428628900356,-25.22003825046,60.));
#1472 = CARTESIAN_POINT('',(6.585755244059,-28.24930915259,60.));
#1473 = CARTESIAN_POINT('',(3.233960000067,-24.46502588345,
    57.000177853189));
#1474 = CARTESIAN_POINT('',(3.247488380244,-25.23972279081,60.));
#1475 = CARTESIAN_POINT('',(3.301889203193,-28.33795935866,60.));
#1476 = CARTESIAN_POINT('',(-3.212483637333,-24.4653096217,
    56.999822738344));
#1477 = CARTESIAN_POINT('',(-3.226036737672,-25.23980638769,60.));
#1478 = CARTESIAN_POINT('',(-3.2799617302,-28.33834267304,60.));
#1479 = CARTESIAN_POINT('',(-6.432012947751,-24.39672161528,
    57.079464175325));
#1480 = CARTESIAN_POINT('',(-6.409061937543,-25.22019190178,60.));
#1481 = CARTESIAN_POINT('',(-6.565965126576,-28.25004929556,60.));
#1482 = CARTESIAN_POINT('',(-12.89058796576,-24.18386381525,
    57.399199362127));
#1483 = CARTESIAN_POINT('',(-12.90272083603,-25.1584007725,60.));
#1484 = CARTESIAN_POINT('',(-13.1297263486,-27.92770866829,60.));
#1485 = CARTESIAN_POINT('',(-16.12901892236,-24.04112425615,
    57.639721876996));
#1486 = CARTESIAN_POINT('',(-16.11963167799,-25.11931225673,60.));
#1487 = CARTESIAN_POINT('',(-16.40776198051,-27.69749107045,60.));
#1488 = CARTESIAN_POINT('',(-19.37595379196,-23.93428616006,
    57.958316681345));
#1489 = CARTESIAN_POINT('',(-19.47668250949,-25.07619704648,60.));
#1490 = CARTESIAN_POINT('',(-19.68242802244,-27.40863060494,60.));
#1491 = ADVANCED_FACE('',(#1492),#1677,.F.);
#1492 = FACE_BOUND('',#1493,.F.);
#1493 = EDGE_LOOP('',(#1494,#1503,#1504,#1513,#1522,#1531,#1540,#1551,
    #1566,#1577,#1598,#1613,#1628,#1643,#1652,#1661,#1670));
#1494 = ORIENTED_EDGE('',*,*,#1495,.T.);
#1495 = EDGE_CURVE('',#1496,#1431,#1498,.T.);
#1496 = VERTEX_POINT('',#1497);
#1497 = CARTESIAN_POINT('',(20.414081788756,-23.88453382395,
    58.034630408198));
#1498 = B_SPLINE_CURVE_WITH_KNOTS('',3,(#1499,#1500,#1501,#1502),
  .UNSPECIFIED.,.F.,.F.,(4,4),(3.552527792788E-04,1.397315585835E-03),
  .PIECEWISE_BEZIER_KNOTS.);
#1499 = CARTESIAN_POINT('',(20.414081788756,-23.88453382395,
    58.034630408198));
#1500 = CARTESIAN_POINT('',(20.06778312227,-23.90677102223,
    58.01780129908));
#1501 = CARTESIAN_POINT('',(19.721724251339,-23.92290882758,
    57.992244270383));
#1502 = CARTESIAN_POINT('',(19.37595379196,-23.93428616006,
    57.958316681345));
#1503 = ORIENTED_EDGE('',*,*,#1439,.F.);
#1504 = ORIENTED_EDGE('',*,*,#1505,.F.);
#1505 = EDGE_CURVE('',#1506,#1440,#1508,.T.);
#1506 = VERTEX_POINT('',#1507);
#1507 = CARTESIAN_POINT('',(-20.41408178875,-23.88453382395,
    58.034630408198));
#1508 = B_SPLINE_CURVE_WITH_KNOTS('',3,(#1509,#1510,#1511,#1512),
  .UNSPECIFIED.,.F.,.F.,(4,4),(3.552527792789E-04,1.397315585835E-03),
  .PIECEWISE_BEZIER_KNOTS.);
#1509 = CARTESIAN_POINT('',(-20.41408178875,-23.88453382395,
    58.034630408198));
#1510 = CARTESIAN_POINT('',(-20.06778312227,-23.90677102223,
    58.01780129908));
#1511 = CARTESIAN_POINT('',(-19.72172425133,-23.92290882758,
    57.992244270383));
#1512 = CARTESIAN_POINT('',(-19.37595379196,-23.93428616006,
    57.958316681345));
#1513 = ORIENTED_EDGE('',*,*,#1514,.T.);
#1514 = EDGE_CURVE('',#1506,#1515,#1517,.T.);
#1515 = VERTEX_POINT('',#1516);
#1516 = CARTESIAN_POINT('',(-21.03698889109,-23.80453758892,
    58.0033678063));
#1517 = B_SPLINE_CURVE_WITH_KNOTS('',3,(#1518,#1519,#1520,#1521),
  .UNSPECIFIED.,.F.,.F.,(4,4),(3.469446951954E-18,6.288004501009E-04),
  .PIECEWISE_BEZIER_KNOTS.);
#1518 = CARTESIAN_POINT('',(-20.41408178875,-23.88453382395,
    58.034630408198));
#1519 = CARTESIAN_POINT('',(-20.62444327646,-23.87102568614,
    58.044853365355));
#1520 = CARTESIAN_POINT('',(-20.83266790694,-23.84742325698,
    58.038329212145));
#1521 = CARTESIAN_POINT('',(-21.03698889109,-23.80453758892,
    58.0033678063));
#1522 = ORIENTED_EDGE('',*,*,#1523,.F.);
#1523 = EDGE_CURVE('',#1524,#1515,#1526,.T.);
#1524 = VERTEX_POINT('',#1525);
#1525 = CARTESIAN_POINT('',(-23.91703644981,-22.99480750869,
    57.421951090037));
#1526 = B_SPLINE_CURVE_WITH_KNOTS('',3,(#1527,#1528,#1529,#1530),
  .UNSPECIFIED.,.F.,.F.,(4,4),(2.028908756086E-02,2.330104794853E-02),
  .PIECEWISE_BEZIER_KNOTS.);
#1527 = CARTESIAN_POINT('',(-23.91703644981,-22.99480750869,
    57.421951090037));
#1528 = CARTESIAN_POINT('',(-22.99340866611,-23.34003542657,
    57.645782789984));
#1529 = CARTESIAN_POINT('',(-22.02086913311,-23.59802741743,
    57.835015854659));
#1530 = CARTESIAN_POINT('',(-21.03698889109,-23.80453758892,
    58.0033678063));
#1531 = ORIENTED_EDGE('',*,*,#1532,.F.);
#1532 = EDGE_CURVE('',#1533,#1524,#1535,.T.);
#1533 = VERTEX_POINT('',#1534);
#1534 = CARTESIAN_POINT('',(-23.79429733002,-22.86371600984,
    57.236042395058));
#1535 = B_SPLINE_CURVE_WITH_KNOTS('',3,(#1536,#1537,#1538,#1539),
  .UNSPECIFIED.,.F.,.F.,(4,4),(0.,2.584532073725E-04),
  .PIECEWISE_BEZIER_KNOTS.);
#1536 = CARTESIAN_POINT('',(-23.79429733002,-22.86371600984,
    57.236042395058));
#1537 = CARTESIAN_POINT('',(-23.83458491417,-22.90762153485,
    57.298292198606));
#1538 = CARTESIAN_POINT('',(-23.87553793654,-22.95129111114,
    57.360253952385));
#1539 = CARTESIAN_POINT('',(-23.91703644981,-22.99480750869,
    57.421951090037));
#1540 = ORIENTED_EDGE('',*,*,#1541,.F.);
#1541 = EDGE_CURVE('',#1542,#1533,#1544,.T.);
#1542 = VERTEX_POINT('',#1543);
#1543 = CARTESIAN_POINT('',(-21.29227861653,-20.95135173912,
    54.257453539233));
#1544 = B_SPLINE_CURVE_WITH_KNOTS('',3,(#1545,#1546,#1547,#1548,#1549,
    #1550),.UNSPECIFIED.,.F.,.F.,(4,2,4),(8.224858010726E-17,
    2.172226538463E-03,4.344453076926E-03),.UNSPECIFIED.);
#1545 = CARTESIAN_POINT('',(-21.29227861653,-20.95135173912,
    54.257453539233));
#1546 = CARTESIAN_POINT('',(-21.79266054402,-21.21008509708,
    54.714959335725));
#1547 = CARTESIAN_POINT('',(-22.24932000525,-21.50314457733,
    55.19670762757));
#1548 = CARTESIAN_POINT('',(-23.0810464814,-22.14565911715,
    56.195808691044));
#1549 = CARTESIAN_POINT('',(-23.4551183184,-22.49407774816,
    56.711964635557));
#1550 = CARTESIAN_POINT('',(-23.79429733002,-22.86371600984,
    57.236042395058));
#1551 = ORIENTED_EDGE('',*,*,#1552,.F.);
#1552 = EDGE_CURVE('',#1553,#1542,#1555,.T.);
#1553 = VERTEX_POINT('',#1554);
#1554 = CARTESIAN_POINT('',(-21.20761847455,-20.90655308691,
    54.17890077003));
#1555 = B_SPLINE_CURVE_WITH_KNOTS('',3,(#1556,#1557,#1558,#1559,#1560,
    #1561,#1562,#1563,#1564,#1565),.UNSPECIFIED.,.F.,.F.,(4,3,3,4),(0.,
    6.193531835077E-05,9.290486432249E-05,1.238750086473E-04),
  .UNSPECIFIED.);
#1556 = CARTESIAN_POINT('',(-21.20761847455,-20.90655308691,
    54.17890077003));
#1557 = CARTESIAN_POINT('',(-21.22160350984,-20.9141231055,
    54.192066407618));
#1558 = CARTESIAN_POINT('',(-21.23565021334,-20.92164206796,
    54.205196201351));
#1559 = CARTESIAN_POINT('',(-21.24975932688,-20.92910862111,
    54.218288332798));
#1560 = CARTESIAN_POINT('',(-21.25681436235,-20.93284215102,
    54.224834842716));
#1561 = CARTESIAN_POINT('',(-21.26388505155,-20.93656260253,
    54.23137198104));
#1562 = CARTESIAN_POINT('',(-21.27097148441,-20.94026980255,
    54.237899515068));
#1563 = CARTESIAN_POINT('',(-21.27805805392,-20.94397707405,
    54.244427174968));
#1564 = CARTESIAN_POINT('',(-21.28516040199,-20.94767111149,
    54.250945261793));
#1565 = CARTESIAN_POINT('',(-21.29227861653,-20.95135173912,
    54.257453539233));
#1566 = ORIENTED_EDGE('',*,*,#1567,.F.);
#1567 = EDGE_CURVE('',#1568,#1553,#1570,.T.);
#1568 = VERTEX_POINT('',#1569);
#1569 = CARTESIAN_POINT('',(-16.65328616514,-19.79431484453,51.421582432
    ));
#1570 = B_SPLINE_CURVE_WITH_KNOTS('',3,(#1571,#1572,#1573,#1574,#1575,
    #1576),.UNSPECIFIED.,.F.,.F.,(4,2,4),(0.,2.737755731529E-03,
    5.475511463058E-03),.UNSPECIFIED.);
#1571 = CARTESIAN_POINT('',(-16.65328616514,-19.79431484453,51.421582432
    ));
#1572 = CARTESIAN_POINT('',(-17.53593061423,-19.7856238322,
    51.700609654288));
#1573 = CARTESIAN_POINT('',(-18.35462136005,-19.89331143871,
    52.094291996361));
#1574 = CARTESIAN_POINT('',(-19.88771521267,-20.28660776264,
    53.044163543121));
#1575 = CARTESIAN_POINT('',(-20.58225623605,-20.56804812975,
    53.590179152743));
#1576 = CARTESIAN_POINT('',(-21.20761847455,-20.90655308691,
    54.17890077003));
#1577 = ORIENTED_EDGE('',*,*,#1578,.F.);
#1578 = EDGE_CURVE('',#1579,#1568,#1581,.T.);
#1579 = VERTEX_POINT('',#1580);
#1580 = CARTESIAN_POINT('',(16.654086887286,-19.79430695971,
    51.421835564716));
#1581 = B_SPLINE_CURVE_WITH_KNOTS('',3,(#1582,#1583,#1584,#1585,#1586,
    #1587,#1588,#1589,#1590,#1591,#1592,#1593,#1594,#1595,#1596,#1597),
  .UNSPECIFIED.,.F.,.F.,(4,2,2,2,2,2,2,4),(0.,8.497629473864E-03,
    1.27464442108E-02,1.699525894773E-02,1.911966631619E-02,
    2.124407368466E-02,2.549288842159E-02,3.399051789546E-02),
  .UNSPECIFIED.);
#1582 = CARTESIAN_POINT('',(16.654086887286,-19.79430695971,
    51.421835564716));
#1583 = CARTESIAN_POINT('',(13.952918341258,-19.8209072449,
    50.567902579089));
#1584 = CARTESIAN_POINT('',(11.217177805987,-19.8326791643,
    49.81855688357));
#1585 = CARTESIAN_POINT('',(7.046202036634,-19.84313496389,
    49.038296587985));
#1586 = CARTESIAN_POINT('',(5.641001132594,-19.8463191172,
    48.835586931726));
#1587 = CARTESIAN_POINT('',(2.826240456698,-19.84904445003,
    48.562342941419));
#1588 = CARTESIAN_POINT('',(1.415045903148,-19.84858556652,
    48.491229100743));
#1589 = CARTESIAN_POINT('',(-0.707952328544,-19.84852995885,
    48.491182609989));
#1590 = CARTESIAN_POINT('',(-1.417370107625,-19.84854530754,
    48.508872666308));
#1591 = CARTESIAN_POINT('',(-2.831027552817,-19.84818093097,
    48.578572853441));
#1592 = CARTESIAN_POINT('',(-3.535997798732,-19.84780961815,
    48.630555417144));
#1593 = CARTESIAN_POINT('',(-5.64557804816,-19.84579318061,
    48.835638473827));
#1594 = CARTESIAN_POINT('',(-7.044842934228,-19.84314013386,
    49.038008026723));
#1595 = CARTESIAN_POINT('',(-11.22368300196,-19.83266071047,
    49.819843997325));
#1596 = CARTESIAN_POINT('',(-13.9528069983,-19.82090527713,
    50.567889643762));
#1597 = CARTESIAN_POINT('',(-16.65328616514,-19.79431484453,51.421582432
    ));
#1598 = ORIENTED_EDGE('',*,*,#1599,.F.);
#1599 = EDGE_CURVE('',#1600,#1579,#1602,.T.);
#1600 = VERTEX_POINT('',#1601);
#1601 = CARTESIAN_POINT('',(21.207891503153,-20.90625810512,
    54.178660791036));
#1602 = B_SPLINE_CURVE_WITH_KNOTS('',3,(#1603,#1604,#1605,#1606,#1607,
    #1608,#1609,#1610,#1611,#1612),.UNSPECIFIED.,.F.,.F.,(4,2,2,2,4),(
    1.512559504635E-15,1.379468889021E-03,2.75893777804E-03,
    4.13840666706E-03,5.517875556079E-03),.UNSPECIFIED.);
#1603 = CARTESIAN_POINT('',(21.207891503153,-20.90625810512,
    54.178660791036));
#1604 = CARTESIAN_POINT('',(20.895553450184,-20.73721790529,
    53.884657515409));
#1605 = CARTESIAN_POINT('',(20.567943623605,-20.5820360442,
    53.601579211836));
#1606 = CARTESIAN_POINT('',(19.875193274757,-20.306140168,
    53.062051128188));
#1607 = CARTESIAN_POINT('',(19.510012042312,-20.18563474388,
    52.805783564001));
#1608 = CARTESIAN_POINT('',(18.74646756744,-19.98913263416,
    52.332059527231));
#1609 = CARTESIAN_POINT('',(18.345269798102,-19.91287110145,
    52.113314762991));
#1610 = CARTESIAN_POINT('',(17.520126857882,-19.81363032889,
    51.728498699076));
#1611 = CARTESIAN_POINT('',(17.09445450609,-19.78997035352,
    51.561051029842));
#1612 = CARTESIAN_POINT('',(16.654086887286,-19.79430695971,
    51.421835564716));
#1613 = ORIENTED_EDGE('',*,*,#1614,.F.);
#1614 = EDGE_CURVE('',#1615,#1600,#1617,.T.);
#1615 = VERTEX_POINT('',#1616);
#1616 = CARTESIAN_POINT('',(21.380480546013,-20.99541236165,
    54.336352353168));
#1617 = B_SPLINE_CURVE_WITH_KNOTS('',3,(#1618,#1619,#1620,#1621,#1622,
    #1623,#1624,#1625,#1626,#1627),.UNSPECIFIED.,.F.,.F.,(4,3,3,4),(0.,
    6.254124128193E-05,1.563713411224E-04,2.502182547404E-04),
  .UNSPECIFIED.);
#1618 = CARTESIAN_POINT('',(21.380480546013,-20.99541236165,
    54.336352353168));
#1619 = CARTESIAN_POINT('',(21.365839006608,-20.98820702762,
    54.323378947767));
#1620 = CARTESIAN_POINT('',(21.351264159962,-20.98094415879,
    54.310361872903));
#1621 = CARTESIAN_POINT('',(21.33675535801,-20.97362527816,
    54.297303181752));
#1622 = CARTESIAN_POINT('',(21.314988197581,-20.96264496088,
    54.277711583065));
#1623 = CARTESIAN_POINT('',(21.293368848427,-20.95153814046,
    54.258025548547));
#1624 = CARTESIAN_POINT('',(21.271894815115,-20.9403098881,
    54.238251838166));
#1625 = CARTESIAN_POINT('',(21.250416910785,-20.92907961169,
    54.218474563275));
#1626 = CARTESIAN_POINT('',(21.229083414996,-20.91772736088,
    54.198608701447));
#1627 = CARTESIAN_POINT('',(21.207891503153,-20.90625810512,
    54.178660791036));
#1628 = ORIENTED_EDGE('',*,*,#1629,.F.);
#1629 = EDGE_CURVE('',#1630,#1615,#1632,.T.);
#1630 = VERTEX_POINT('',#1631);
#1631 = CARTESIAN_POINT('',(22.15982940288,-21.42792871694,
    55.08124050136));
#1632 = B_SPLINE_CURVE_WITH_KNOTS('',3,(#1633,#1634,#1635,#1636,#1637,
    #1638,#1639,#1640,#1641,#1642),.UNSPECIFIED.,.F.,.F.,(4,3,3,4),(0.,
    3.467928787878E-04,6.935893862324E-04,1.161979072028E-03),
  .UNSPECIFIED.);
#1633 = CARTESIAN_POINT('',(22.15982940288,-21.42792871694,
    55.08124050136));
#1634 = CARTESIAN_POINT('',(22.085914781154,-21.38199230026,
    55.005153146862));
#1635 = CARTESIAN_POINT('',(22.010931782114,-21.33686999897,
    54.929597337904));
#1636 = CARTESIAN_POINT('',(21.934874271691,-21.2926143836,
    54.854633968092));
#1637 = CARTESIAN_POINT('',(21.85881628274,-21.24835848978,
    54.779670126637));
#1638 = CARTESIAN_POINT('',(21.781670912628,-21.20496188887,
    54.705286110802));
#1639 = CARTESIAN_POINT('',(21.703440116507,-21.16247686865,
    54.631543687859));
#1640 = CARTESIAN_POINT('',(21.597788776411,-21.10510049588,
    54.53195393303));
#1641 = CARTESIAN_POINT('',(21.490125943813,-21.04937060293,
    54.433505675412));
#1642 = CARTESIAN_POINT('',(21.380480546013,-20.99541236165,
    54.336352353168));
#1643 = ORIENTED_EDGE('',*,*,#1644,.F.);
#1644 = EDGE_CURVE('',#1645,#1630,#1647,.T.);
#1645 = VERTEX_POINT('',#1646);
#1646 = CARTESIAN_POINT('',(23.869308316867,-22.82834456008,
    57.21007691513));
#1647 = B_SPLINE_CURVE_WITH_KNOTS('',3,(#1648,#1649,#1650,#1651),
  .UNSPECIFIED.,.F.,.F.,(4,4),(0.,3.074039587401E-03),
  .PIECEWISE_BEZIER_KNOTS.);
#1648 = CARTESIAN_POINT('',(23.869308316867,-22.82834456008,
    57.21007691513));
#1649 = CARTESIAN_POINT('',(23.380958719801,-22.30842435328,
    56.473920839791));
#1650 = CARTESIAN_POINT('',(22.815329908462,-21.83530879495,
    55.756009554878));
#1651 = CARTESIAN_POINT('',(22.15982940288,-21.42792871694,
    55.08124050136));
#1652 = ORIENTED_EDGE('',*,*,#1653,.F.);
#1653 = EDGE_CURVE('',#1654,#1645,#1656,.T.);
#1654 = VERTEX_POINT('',#1655);
#1655 = CARTESIAN_POINT('',(23.999009910106,-22.96388554294,
    57.401962127065));
#1656 = B_SPLINE_CURVE_WITH_KNOTS('',3,(#1657,#1658,#1659,#1660),
  .UNSPECIFIED.,.F.,.F.,(4,4),(1.291001585953E-03,1.559339379903E-03),
  .PIECEWISE_BEZIER_KNOTS.);
#1657 = CARTESIAN_POINT('',(23.999009910106,-22.96388554294,
    57.401962127065));
#1658 = CARTESIAN_POINT('',(23.955209991502,-22.91886934606,
    57.338276996609));
#1659 = CARTESIAN_POINT('',(23.911929242559,-22.87372082462,
    57.274325260114));
#1660 = CARTESIAN_POINT('',(23.869308316867,-22.82834456008,
    57.21007691513));
#1661 = ORIENTED_EDGE('',*,*,#1662,.T.);
#1662 = EDGE_CURVE('',#1654,#1663,#1665,.T.);
#1663 = VERTEX_POINT('',#1664);
#1664 = CARTESIAN_POINT('',(21.036988891099,-23.80453758892,
    58.0033678063));
#1665 = B_SPLINE_CURVE_WITH_KNOTS('',3,(#1666,#1667,#1668,#1669),
  .UNSPECIFIED.,.F.,.F.,(4,4),(2.019984817236E-02,2.330104794853E-02),
  .PIECEWISE_BEZIER_KNOTS.);
#1666 = CARTESIAN_POINT('',(23.999009910106,-22.96388554294,
    57.401962127065));
#1667 = CARTESIAN_POINT('',(23.050878756472,-23.3248329173,
    57.634601382512));
#1668 = CARTESIAN_POINT('',(22.050019872119,-23.59190886372,
    57.830027865681));
#1669 = CARTESIAN_POINT('',(21.036988891099,-23.80453758892,
    58.0033678063));
#1670 = ORIENTED_EDGE('',*,*,#1671,.T.);
#1671 = EDGE_CURVE('',#1663,#1496,#1672,.T.);
#1672 = B_SPLINE_CURVE_WITH_KNOTS('',3,(#1673,#1674,#1675,#1676),
  .UNSPECIFIED.,.F.,.F.,(4,4),(6.938893903907E-18,6.288004501007E-04),
  .PIECEWISE_BEZIER_KNOTS.);
#1673 = CARTESIAN_POINT('',(21.036988891099,-23.80453758892,
    58.0033678063));
#1674 = CARTESIAN_POINT('',(20.832667906945,-23.84742325698,
    58.038329212145));
#1675 = CARTESIAN_POINT('',(20.624443276467,-23.87102568614,
    58.044853365355));
#1676 = CARTESIAN_POINT('',(20.414081788756,-23.88453382395,
    58.034630408198));
#1677 = ( BOUNDED_SURFACE() B_SPLINE_SURFACE(3,2,(
    (#1678,#1679,#1680)
    ,(#1681,#1682,#1683)
    ,(#1684,#1685,#1686)
    ,(#1687,#1688,#1689)
    ,(#1690,#1691,#1692)
    ,(#1693,#1694,#1695)
    ,(#1696,#1697,#1698)
    ,(#1699,#1700,#1701)
    ,(#1702,#1703,#1704)
    ,(#1705,#1706,#1707)
    ,(#1708,#1709,#1710)
    ,(#1711,#1712,#1713)
    ,(#1714,#1715,#1716)
    ,(#1717,#1718,#1719)
    ,(#1720,#1721,#1722)
    ,(#1723,#1724,#1725)
    ,(#1726,#1727,#1728)
    ,(#1729,#1730,#1731)
    ,(#1732,#1733,#1734)
    ,(#1735,#1736,#1737)
    ,(#1738,#1739,#1740)
    ,(#1741,#1742,#1743)
    ,(#1744,#1745,#1746)
    ,(#1747,#1748,#1749)
    ,(#1750,#1751,#1752)
    ,(#1753,#1754,#1755)
    ,(#1756,#1757,#1758)
    ,(#1759,#1760,#1761)
    ,(#1762,#1763,#1764)
    ,(#1765,#1766,#1767)
    ,(#1768,#1769,#1770)
    ,(#1771,#1772,#1773)
    ,(#1774,#1775,#1776)
    ,(#1777,#1778,#1779)
    ,(#1780,#1781,#1782)
    ,(#1783,#1784,#1785)
    ,(#1786,#1787,#1788)
    ,(#1789,#1790,#1791)
    ,(#1792,#1793,#1794)
    ,(#1795,#1796,#1797)
    ,(#1798,#1799,#1800)
    ,(#1801,#1802,#1803
)),.UNSPECIFIED.,.F.,.F.,.F.) B_SPLINE_SURFACE_WITH_KNOTS((4,2,2,2,2,2,2
    ,2,2,2,2,2,2,2,2,2,2,2,2,2,4),(3,3),(2.424623142519E-02,
    2.719739385236E-02,3.014855627952E-02,3.309971870669E-02,
    3.605088113385E-02,3.752646234743E-02,3.900204356102E-02,
    4.195320598818E-02,4.490436841535E-02,4.637994962893E-02,
    4.785553084251E-02,5.080669326968E-02,5.375785569684E-02,
    5.523343691043E-02,5.670901812401E-02,5.966018055117E-02,
    6.261134297834E-02,6.55625054055E-02,6.703808661909E-02,
    6.851366783267E-02,7.146483025984E-02),(0.559736024891,
0.895612180915),.UNSPECIFIED.) GEOMETRIC_REPRESENTATION_ITEM() 
RATIONAL_B_SPLINE_SURFACE((
    (0.921344354472,0.92774831997,0.970159691699)
    ,(0.918698266056,0.925317670113,0.969155821047)
    ,(0.916008071053,0.922846504727,0.968135217278)
    ,(0.910623402542,0.917900243799,0.966092386565)
    ,(0.907923452558,0.915420117661,0.96506808196)
    ,(0.902562567657,0.910495703934,0.963034274251)
    ,(0.899901275095,0.908051087819,0.962024635464)
    ,(0.894696719622,0.90327027553,0.960050135874)
    ,(0.892152988421,0.900933649194,0.959085097411)
    ,(0.888513428312,0.897590413871,0.957704324359)
    ,(0.88732767849,0.896501205129,0.957254475654)
    ,(0.885053791543,0.894412452936,0.956391810462)
    ,(0.88396389147,0.893411290072,0.955978325149)
    ,(0.880863389694,0.890563224167,0.954802059564)
    ,(0.879021502966,0.888871299708,0.954103286229)
    ,(0.875955333167,0.886054770547,0.952940045478)
    ,(0.874732394527,0.884931400817,0.952476088113)
    ,(0.873487530173,0.883787890514,0.95200381259)
    ,(0.873170693779,0.883496850226,0.951883611483)
    ,(0.872749898,0.883110314692,0.951723970358)
    ,(0.872647883079,0.883016605596,0.951685268028)
    ,(0.872666852351,0.883034030433,0.951692464574)
    ,(0.873114267171,0.883445017746,0.951862204407)
    ,(0.874793129111,0.884987190528,0.952499129545)
    ,(0.876022913849,0.886116848963,0.952965684177)
    ,(0.878344390654,0.888249316355,0.953846403967)
    ,(0.879197386918,0.889032863585,0.954170012925)
    ,(0.881041944551,0.89072724149,0.954869799546)
    ,(0.882036353402,0.891640687811,0.955247057485)
    ,(0.885171007734,0.894520125648,0.956436279836)
    ,(0.887461336307,0.896623980828,0.957305182637)
    ,(0.892285066603,0.901054973868,0.959135205113)
    ,(0.894818825939,0.903382440225,0.960096460459)
    ,(0.900017883829,0.908158202532,0.962068874381)
    ,(0.902683566393,0.910606851226,0.963080178643)
    ,(0.906722863495,0.914317277855,0.964612603557)
    ,(0.908076322392,0.915560541178,0.96512607758)
    ,(0.910789910912,0.918053195432,0.966155556361)
    ,(0.912153011931,0.919305315836,0.966672688404)
    ,(0.916212475591,0.923034267109,0.968212764089)
    ,(0.918882745256,0.925487129432,0.969225808601)
,(0.92149754983,0.927889042507,0.970217810816
))) REPRESENTATION_ITEM('') SURFACE() );
#1678 = CARTESIAN_POINT('',(-27.64418151476,-19.11567100838,
    54.896312510652));
#1679 = CARTESIAN_POINT('',(-25.43737080333,-22.08404544278,
    56.206718176321));
#1680 = CARTESIAN_POINT('',(-22.9359975372,-23.99184535261,
    58.55232142391));
#1681 = CARTESIAN_POINT('',(-26.79956215797,-19.07236972875,
    54.522417461863));
#1682 = CARTESIAN_POINT('',(-24.62711292525,-22.09862464914,
    55.971209819053));
#1683 = CARTESIAN_POINT('',(-22.15433714178,-24.00227424983,
    58.467847345607));
#1684 = CARTESIAN_POINT('',(-25.92435572589,-19.04952313713,
    54.150306910083));
#1685 = CARTESIAN_POINT('',(-23.79007241878,-22.12642124823,
    55.737795217955));
#1686 = CARTESIAN_POINT('',(-21.34947516617,-24.01758824302,
    58.384537161722));
#1687 = CARTESIAN_POINT('',(-24.11480696603,-19.03667320625,
    53.417008521908));
#1688 = CARTESIAN_POINT('',(-22.06657242032,-22.20236103912,
    55.279548168881));
#1689 = CARTESIAN_POINT('',(-19.70239096622,-24.05551869016,
    58.222030351665));
#1690 = CARTESIAN_POINT('',(-23.1785155263,-19.04677639457,
    53.055112950994));
#1691 = CARTESIAN_POINT('',(-21.17830624985,-22.25064323253,
    55.054276191034));
#1692 = CARTESIAN_POINT('',(-18.85861602833,-24.07817116917,
    58.142671166475));
#1693 = CARTESIAN_POINT('',(-21.23232546906,-19.09201717656,
    52.344899825106));
#1694 = CARTESIAN_POINT('',(-19.34088284444,-22.362007095,54.61349530484
    ));
#1695 = CARTESIAN_POINT('',(-17.12652256718,-24.12857275214,
    57.988369728432));
#1696 = CARTESIAN_POINT('',(-20.222100574,-19.12732905883,
    51.996644533996));
#1697 = CARTESIAN_POINT('',(-18.39149149294,-22.4251855566,
    54.398024017315));
#1698 = CARTESIAN_POINT('',(-16.23814911531,-24.15633997271,
    57.913427585481));
#1699 = CARTESIAN_POINT('',(-18.11282893043,-19.21514165213,
    51.320146757688));
#1700 = CARTESIAN_POINT('',(-16.42031526411,-22.56025782378,
    53.980260467112));
#1701 = CARTESIAN_POINT('',(-14.41080812917,-24.2145585537,
    57.768978694579));
#1702 = CARTESIAN_POINT('',(-17.01355407668,-19.26775572984,
    50.992029293292));
#1703 = CARTESIAN_POINT('',(-15.39839847973,-22.63220335149,
    53.778033632227));
#1704 = CARTESIAN_POINT('',(-13.47183567347,-24.2450213154,
    57.699470375885));
#1705 = CARTESIAN_POINT('',(-15.28594041858,-19.35273159073,
    50.523688698001));
#1706 = CARTESIAN_POINT('',(-13.80213989307,-22.74103862362,
    53.489545149231));
#1707 = CARTESIAN_POINT('',(-12.02005140901,-24.29056656917,
    57.600739862459));
#1708 = CARTESIAN_POINT('',(-14.69445848007,-19.3821804004,
    50.371043250121));
#1709 = CARTESIAN_POINT('',(-13.25731072693,-22.77759527616,
    53.395561966443));
#1710 = CARTESIAN_POINT('',(-11.52749768001,-24.30575934845,
    57.568681014997));
#1711 = CARTESIAN_POINT('',(-13.49207399445,-19.44131685746,
    50.078096011893));
#1712 = CARTESIAN_POINT('',(-12.15320814101,-22.84933700971,
    53.215204825919));
#1713 = CARTESIAN_POINT('',(-10.53497227073,-24.33542300631,
    57.507297519279));
#1714 = CARTESIAN_POINT('',(-12.88050547921,-19.47103361147,
    49.937623276417));
#1715 = CARTESIAN_POINT('',(-11.59331619154,-22.88456129495,
    53.128722007842));
#1716 = CARTESIAN_POINT('',(-10.03440090001,-24.34991292124,
    57.477928497037));
#1717 = CARTESIAN_POINT('',(-11.01063961001,-19.55866517813,
    49.536755070462));
#1718 = CARTESIAN_POINT('',(-9.886851202236,-22.98672110366,
    52.881902929802));
#1719 = CARTESIAN_POINT('',(-8.518409524649,-24.39173545453,
    57.394326326538));
#1720 = CARTESIAN_POINT('',(-9.721924430126,-19.61477429267,
    49.298082677178));
#1721 = CARTESIAN_POINT('',(-8.71751903766,-23.04984287608,
    52.734828611912));
#1722 = CARTESIAN_POINT('',(-7.49012260606,-24.41737252869,
    57.344654761607));
#1723 = CARTESIAN_POINT('',(-7.053690674713,-19.71156782006,
    48.897970197708));
#1724 = CARTESIAN_POINT('',(-6.309457366908,-23.1570605739,52.4880563689
    ));
#1725 = CARTESIAN_POINT('',(-5.394855635331,-24.46069321674,
    57.26152922377));
#1726 = CARTESIAN_POINT('',(-5.675509300548,-19.75206578959,
    48.737292005797));
#1727 = CARTESIAN_POINT('',(-5.071891197333,-23.20096940694,
    52.38880565912));
#1728 = CARTESIAN_POINT('',(-4.328281265274,-24.47833389024,
    57.228163328649));
#1729 = CARTESIAN_POINT('',(-3.551833189133,-19.79380080327,
    48.572952193535));
#1730 = CARTESIAN_POINT('',(-3.171105574299,-23.24600021643,
    52.287239044432));
#1731 = CARTESIAN_POINT('',(-2.700928132749,-24.49638504457,
    57.194060179719));
#1732 = CARTESIAN_POINT('',(-2.8346091563,-19.80455215031,
    48.530991726448));
#1733 = CARTESIAN_POINT('',(-2.530144545579,-23.25754145315,
    52.261292500299));
#1734 = CARTESIAN_POINT('',(-2.153912438687,-24.50100362988,
    57.185354122797));
#1735 = CARTESIAN_POINT('',(-1.385363828759,-19.81887322529,
    48.475193436147));
#1736 = CARTESIAN_POINT('',(-1.236075807039,-23.27289806872,
    52.226786106128));
#1737 = CARTESIAN_POINT('',(-1.051460264261,-24.50714527755,
    57.173780475204));
#1738 = CARTESIAN_POINT('',(-0.659111943103,-19.82236852429,
    48.461644048284));
#1739 = CARTESIAN_POINT('',(-0.588085261772,-23.27663496427,
    52.218403617951));
#1740 = CARTESIAN_POINT('',(-0.500225617222,-24.5086386719,
    57.170969297205));
#1741 = CARTESIAN_POINT('',(1.508928725276,-19.82171995546,
    48.464162827593));
#1742 = CARTESIAN_POINT('',(1.346327405964,-23.2759408428,52.21996162227
    ));
#1743 = CARTESIAN_POINT('',(1.145200608349,-24.50836125,57.171491727961)
  );
#1744 = CARTESIAN_POINT('',(2.941341347896,-19.8063190977,
    48.523594350364));
#1745 = CARTESIAN_POINT('',(2.624643273613,-23.2595145478,
    52.256742727045));
#1746 = CARTESIAN_POINT('',(2.233374179955,-24.50179737209,
    57.183831440069));
#1747 = CARTESIAN_POINT('',(5.749818866414,-19.75005262174,
    48.745287781021));
#1748 = CARTESIAN_POINT('',(5.138560448571,-23.19878658635,
    52.393744754649));
#1749 = CARTESIAN_POINT('',(4.38562325285,-24.4774575572,57.229822656517
    ));
#1750 = CARTESIAN_POINT('',(7.123338476552,-19.70936479805,
    48.906826453877));
#1751 = CARTESIAN_POINT('',(6.372102462301,-23.15465509373,
    52.493523368506));
#1752 = CARTESIAN_POINT('',(5.449013606027,-24.45972505463,
    57.26336805452));
#1753 = CARTESIAN_POINT('',(9.128552328685,-19.63612500141,
    49.209960922913));
#1754 = CARTESIAN_POINT('',(8.181976334131,-23.07348048545,
    52.680461765455));
#1755 = CARTESIAN_POINT('',(7.023575381013,-24.42693668122,
    57.326312890414));
#1756 = CARTESIAN_POINT('',(9.786704918978,-19.60975818737,
    49.320881869411));
#1757 = CARTESIAN_POINT('',(8.777621952534,-23.04400264435,
    52.748839475075));
#1758 = CARTESIAN_POINT('',(7.544703904006,-24.41499191799,
    57.349377463068));
#1759 = CARTESIAN_POINT('',(11.083410728718,-19.5544043891,
    49.560113220836));
#1760 = CARTESIAN_POINT('',(9.954503388543,-22.98127394844,
    52.896242753951));
#1761 = CARTESIAN_POINT('',(8.579881381559,-24.38948327371,
    57.399172998616));
#1762 = CARTESIAN_POINT('',(11.723442811352,-19.52535375593,
    49.688719050969));
#1763 = CARTESIAN_POINT('',(10.537098655569,-22.94794679989,
    52.975454231085));
#1764 = CARTESIAN_POINT('',(9.095212220683,-24.37588407404,
    57.425975437537));
#1765 = CARTESIAN_POINT('',(13.596360929902,-19.43727506197,
    50.092981450627));
#1766 = CARTESIAN_POINT('',(12.247213777447,-22.84507262057,
    53.224411460962));
#1767 = CARTESIAN_POINT('',(10.617268617069,-24.33369639393,
    57.510428309846));
#1768 = CARTESIAN_POINT('',(14.787818443391,-19.37717596318,
    50.387469828472));
#1769 = CARTESIAN_POINT('',(13.341894850921,-22.77250810679,
    53.405677324004));
#1770 = CARTESIAN_POINT('',(11.602465247954,-24.3037064164,
    57.572120325221));
#1771 = CARTESIAN_POINT('',(17.071838063496,-19.26494878364,
    51.00907950037));
#1772 = CARTESIAN_POINT('',(15.452501899707,-22.62842003003,
    53.788539987048));
#1773 = CARTESIAN_POINT('',(13.521404481016,-24.24342447269,
    57.703075839026));
#1774 = CARTESIAN_POINT('',(18.164384416353,-19.21279217096,
    51.335948608561));
#1775 = CARTESIAN_POINT('',(16.468334193228,-22.55691126838,
    53.990006429435));
#1776 = CARTESIAN_POINT('',(14.455067989482,-24.21313254103,
    57.772335550581));
#1777 = CARTESIAN_POINT('',(20.267218454271,-19.12566216591,
    52.01187838509));
#1778 = CARTESIAN_POINT('',(18.433821202315,-22.42234340532,
    54.407444100108));
#1779 = CARTESIAN_POINT('',(16.277644813571,-24.15509826473,
    57.916697862111));
#1780 = CARTESIAN_POINT('',(21.277672658159,-19.09057916371,
    52.360782653014));
#1781 = CARTESIAN_POINT('',(19.383555818382,-22.35923818539,
    54.623331538417));
#1782 = CARTESIAN_POINT('',(17.166547637865,-24.12734592648,
    57.99179824751));
#1783 = CARTESIAN_POINT('',(22.744034854444,-19.05708188752,
    52.896916679704));
#1784 = CARTESIAN_POINT('',(20.768002464348,-22.27560904012,
    54.95606281558));
#1785 = CARTESIAN_POINT('',(18.470885658957,-24.08948698582,
    58.108204319421));
#1786 = CARTESIAN_POINT('',(23.223533951216,-19.04910010311,
    53.077353931112));
#1787 = CARTESIAN_POINT('',(21.221865790696,-22.24961019853,
    55.068228030069));
#1788 = CARTESIAN_POINT('',(18.900477426699,-24.07750225552,
    58.147603217157));
#1789 = CARTESIAN_POINT('',(24.166742781287,-19.04054878921,
    53.441695327471));
#1790 = CARTESIAN_POINT('',(22.11659449619,-22.20207381565,
    55.295114148491));
#1791 = CARTESIAN_POINT('',(19.750243244847,-24.05509338416,
    58.2275616739));
#1792 = CARTESIAN_POINT('',(24.631477875226,-19.03997306904,
    53.625997383141));
#1793 = CARTESIAN_POINT('',(22.55842911649,-22.18048770386,
    55.410083773757));
#1794 = CARTESIAN_POINT('',(20.171322993033,-24.04464857912,
    58.268210938917));
#1795 = CARTESIAN_POINT('',(25.991598071706,-19.05081893311,
    54.178411892376));
#1796 = CARTESIAN_POINT('',(23.854289371525,-22.12403852126,
    55.755401856674));
#1797 = CARTESIAN_POINT('',(21.411103862624,-24.01632717868,
    58.390808457041));
#1798 = CARTESIAN_POINT('',(26.858988547044,-19.07460533112,
    54.548158041555));
#1799 = CARTESIAN_POINT('',(24.684028630767,-22.09713091882,
    55.987385609151));
#1800 = CARTESIAN_POINT('',(22.209164764682,-24.00137364722,
    58.473635146122));
#1801 = CARTESIAN_POINT('',(27.692914796533,-19.11819390883,
    54.917902492035));
#1802 = CARTESIAN_POINT('',(25.484136496653,-22.08321809901,
    56.220321717497));
#1803 = CARTESIAN_POINT('',(22.981188909641,-23.99124749468,
    58.557209191717));
#1804 = ADVANCED_FACE('',(#1805),#1825,.T.);
#1805 = FACE_BOUND('',#1806,.T.);
#1806 = EDGE_LOOP('',(#1807,#1808,#1817,#1824));
#1807 = ORIENTED_EDGE('',*,*,#1505,.F.);
#1808 = ORIENTED_EDGE('',*,*,#1809,.T.);
#1809 = EDGE_CURVE('',#1506,#1810,#1812,.T.);
#1810 = VERTEX_POINT('',#1811);
#1811 = CARTESIAN_POINT('',(-20.97599944392,-27.35206982805,
    59.96115780101));
#1812 = CIRCLE('',#1813,4.);
#1813 = AXIS2_PLACEMENT_3D('',#1814,#1815,#1816);
#1814 = CARTESIAN_POINT('',(-20.73346450525,-27.29493863471,
    55.968926240808));
#1815 = DIRECTION('',(0.99005310664,-0.128039816387,5.831510484255E-02)
  );
#1816 = DIRECTION('',(0.128258082624,0.991740825136,1.892496576117E-14)
  );
#1817 = ORIENTED_EDGE('',*,*,#1818,.F.);
#1818 = EDGE_CURVE('',#1394,#1810,#1819,.T.);
#1819 = B_SPLINE_CURVE_WITH_KNOTS('',3,(#1820,#1821,#1822,#1823),
  .UNSPECIFIED.,.F.,.F.,(4,4),(5.261676819282E-17,1.291213861991E-03),
  .PIECEWISE_BEZIER_KNOTS.);
#1820 = CARTESIAN_POINT('',(-19.68242802244,-27.40863060494,60.));
#1821 = CARTESIAN_POINT('',(-20.11551313245,-27.39694331388,60.));
#1822 = CARTESIAN_POINT('',(-20.54671894524,-27.37846636786,
    59.986859580091));
#1823 = CARTESIAN_POINT('',(-20.97599944392,-27.35206982805,
    59.96115780101));
#1824 = ORIENTED_EDGE('',*,*,#1454,.F.);
#1825 = ( BOUNDED_SURFACE() B_SPLINE_SURFACE(3,2,(
    (#1826,#1827,#1828)
    ,(#1829,#1830,#1831)
    ,(#1832,#1833,#1834)
    ,(#1835,#1836,#1837
)),.UNSPECIFIED.,.F.,.F.,.F.) B_SPLINE_SURFACE_WITH_KNOTS((4,4),(3,3),(
    2.515349040166E-17,1.049101032182E-03),(0.,1.),
.PIECEWISE_BEZIER_KNOTS.) GEOMETRIC_REPRESENTATION_ITEM() 
RATIONAL_B_SPLINE_SURFACE((
    (1.,0.863011926434,1.)
    ,(1.,0.863824034729,1.)
    ,(1.,0.864692883761,1.)
,(1.,0.865564617152,1.))) REPRESENTATION_ITEM('') SURFACE() );
#1826 = CARTESIAN_POINT('',(-19.37595379196,-23.93428616006,
    57.958316681345));
#1827 = CARTESIAN_POINT('',(-19.47668250949,-25.07619704648,60.));
#1828 = CARTESIAN_POINT('',(-19.68242802244,-27.40863060494,60.));
#1829 = CARTESIAN_POINT('',(-19.72588539672,-23.92277190808,
    57.992652569162));
#1830 = CARTESIAN_POINT('',(-19.88253289256,-25.07565064404,
    60.015506995867));
#1831 = CARTESIAN_POINT('',(-20.1171983434,-27.39689783536,60.));
#1832 = CARTESIAN_POINT('',(-20.07205323627,-23.90649682131,
    58.018008814018));
#1833 = CARTESIAN_POINT('',(-20.28445968986,-25.06969898521,
    60.019136549022));
#1834 = CARTESIAN_POINT('',(-20.54844196438,-27.37836041844,
    59.986756419911));
#1835 = CARTESIAN_POINT('',(-20.41408178875,-23.88453382395,
    58.034630408198));
#1836 = CARTESIAN_POINT('',(-20.6821780919,-25.05704208552,
    60.011851157402));
#1837 = CARTESIAN_POINT('',(-20.97599944392,-27.35206982805,
    59.96115780101));
#1838 = ADVANCED_FACE('',(#1839),#1859,.T.);
#1839 = FACE_BOUND('',#1840,.T.);
#1840 = EDGE_LOOP('',(#1841,#1850,#1857,#1858));
#1841 = ORIENTED_EDGE('',*,*,#1842,.T.);
#1842 = EDGE_CURVE('',#1379,#1843,#1845,.T.);
#1843 = VERTEX_POINT('',#1844);
#1844 = CARTESIAN_POINT('',(20.975999443922,-27.35206982805,
    59.96115780101));
#1845 = B_SPLINE_CURVE_WITH_KNOTS('',3,(#1846,#1847,#1848,#1849),
  .UNSPECIFIED.,.F.,.F.,(4,4),(5.261676819282E-17,1.291213861991E-03),
  .PIECEWISE_BEZIER_KNOTS.);
#1846 = CARTESIAN_POINT('',(19.682428022442,-27.40863060494,60.));
#1847 = CARTESIAN_POINT('',(20.115513132455,-27.39694331388,60.));
#1848 = CARTESIAN_POINT('',(20.546718945246,-27.37846636786,
    59.986859580091));
#1849 = CARTESIAN_POINT('',(20.975999443922,-27.35206982805,
    59.96115780101));
#1850 = ORIENTED_EDGE('',*,*,#1851,.T.);
#1851 = EDGE_CURVE('',#1843,#1496,#1852,.T.);
#1852 = CIRCLE('',#1853,4.);
#1853 = AXIS2_PLACEMENT_3D('',#1854,#1855,#1856);
#1854 = CARTESIAN_POINT('',(20.733464505256,-27.29493863471,
    55.968926240808));
#1855 = DIRECTION('',(-0.99005310664,-0.128039816387,5.831510484255E-02)
  );
#1856 = DIRECTION('',(0.128258082624,-0.991740825136,-1.891802686727E-14
    ));
#1857 = ORIENTED_EDGE('',*,*,#1495,.T.);
#1858 = ORIENTED_EDGE('',*,*,#1430,.T.);
#1859 = ( BOUNDED_SURFACE() B_SPLINE_SURFACE(3,2,(
    (#1860,#1861,#1862)
    ,(#1863,#1864,#1865)
    ,(#1866,#1867,#1868)
    ,(#1869,#1870,#1871
)),.UNSPECIFIED.,.F.,.F.,.F.) B_SPLINE_SURFACE_WITH_KNOTS((4,4),(3,3),(
    2.515349040166E-17,1.049101032182E-03),(0.,1.),
.PIECEWISE_BEZIER_KNOTS.) GEOMETRIC_REPRESENTATION_ITEM() 
RATIONAL_B_SPLINE_SURFACE((
    (1.,0.863011926434,1.)
    ,(1.,0.863824034729,1.)
    ,(1.,0.864692883761,1.)
,(1.,0.865564617152,1.))) REPRESENTATION_ITEM('') SURFACE() );
#1860 = CARTESIAN_POINT('',(19.682428022442,-27.40863060494,60.));
#1861 = CARTESIAN_POINT('',(19.476682509491,-25.07619704648,60.));
#1862 = CARTESIAN_POINT('',(19.37595379196,-23.93428616006,
    57.958316681345));
#1863 = CARTESIAN_POINT('',(20.117198343407,-27.39689783536,60.));
#1864 = CARTESIAN_POINT('',(19.882532892561,-25.07565064404,
    60.015506995867));
#1865 = CARTESIAN_POINT('',(19.725885396721,-23.92277190808,
    57.992652569162));
#1866 = CARTESIAN_POINT('',(20.548441964383,-27.37836041844,
    59.986756419911));
#1867 = CARTESIAN_POINT('',(20.284459689869,-25.06969898521,
    60.019136549022));
#1868 = CARTESIAN_POINT('',(20.072053236279,-23.90649682131,
    58.018008814018));
#1869 = CARTESIAN_POINT('',(20.975999443922,-27.35206982805,
    59.96115780101));
#1870 = CARTESIAN_POINT('',(20.682178091903,-25.05704208552,
    60.011851157402));
#1871 = CARTESIAN_POINT('',(20.414081788756,-23.88453382395,
    58.034630408198));
#1872 = ADVANCED_FACE('',(#1873),#1893,.T.);
#1873 = FACE_BOUND('',#1874,.T.);
#1874 = EDGE_LOOP('',(#1875,#1876,#1885,#1892));
#1875 = ORIENTED_EDGE('',*,*,#1514,.T.);
#1876 = ORIENTED_EDGE('',*,*,#1877,.F.);
#1877 = EDGE_CURVE('',#1878,#1515,#1880,.T.);
#1878 = VERTEX_POINT('',#1879);
#1879 = CARTESIAN_POINT('',(-22.11659405599,-25.97744732607,
    59.61003472461));
#1880 = CIRCLE('',#1881,4.);
#1881 = AXIS2_PLACEMENT_3D('',#1882,#1883,#1884);
#1882 = CARTESIAN_POINT('',(-21.37653317484,-27.16683088507,
    55.863345967616));
#1883 = DIRECTION('',(-0.927080058037,0.263392171683,-0.26673419332));
#1884 = DIRECTION('',(-0.276497645062,1.356970091848E-13,0.961014595246)
  );
#1885 = ORIENTED_EDGE('',*,*,#1886,.F.);
#1886 = EDGE_CURVE('',#1810,#1878,#1887,.T.);
#1887 = B_SPLINE_CURVE_WITH_KNOTS('',3,(#1888,#1889,#1890,#1891),
  .UNSPECIFIED.,.F.,.F.,(4,4),(0.,1.820392953958E-03),
  .PIECEWISE_BEZIER_KNOTS.);
#1888 = CARTESIAN_POINT('',(-20.97599944392,-27.35206982805,
    59.96115780101));
#1889 = CARTESIAN_POINT('',(-21.4196719878,-26.92194679274,
    59.940359245197));
#1890 = CARTESIAN_POINT('',(-21.80447773598,-26.4666282682,
    59.826975309073));
#1891 = CARTESIAN_POINT('',(-22.11659405599,-25.97744732607,
    59.61003472461));
#1892 = ORIENTED_EDGE('',*,*,#1809,.F.);
#1893 = ( BOUNDED_SURFACE() B_SPLINE_SURFACE(3,2,(
    (#1894,#1895,#1896)
    ,(#1897,#1898,#1899)
    ,(#1900,#1901,#1902)
    ,(#1903,#1904,#1905)
    ,(#1906,#1907,#1908)
    ,(#1909,#1910,#1911
)),.UNSPECIFIED.,.F.,.F.,.F.) B_SPLINE_SURFACE_WITH_KNOTS((4,2,4),(3,3),
  (4.961813084934E-03,5.297160534599E-03,5.632507984264E-03),(0.,1.),
.UNSPECIFIED.) GEOMETRIC_REPRESENTATION_ITEM() RATIONAL_B_SPLINE_SURFACE
((
    (1.,0.931493570292,1.)
    ,(1.,0.921553523912,1.)
    ,(1.,0.911107068245,1.)
    ,(1.,0.889155938307,1.)
    ,(1.,0.877651029887,1.)
,(1.,0.865564617152,1.))) REPRESENTATION_ITEM('') SURFACE() );
#1894 = CARTESIAN_POINT('',(-22.11659405599,-25.97744732607,
    59.61003472461));
#1895 = CARTESIAN_POINT('',(-21.60733051492,-24.54393106547,
    59.255557816303));
#1896 = CARTESIAN_POINT('',(-21.03698889109,-23.80453758892,
    58.0033678063));
#1897 = CARTESIAN_POINT('',(-21.95462345175,-26.23130430633,
    59.72261451282));
#1898 = CARTESIAN_POINT('',(-21.47642435332,-24.64279819918,
    59.399498615164));
#1899 = CARTESIAN_POINT('',(-20.93810707511,-23.8252922383,
    58.020287476214));
#1900 = CARTESIAN_POINT('',(-21.77690499083,-26.46975596713,
    59.803846708339));
#1901 = CARTESIAN_POINT('',(-21.33455715285,-24.73214859105,
    59.530765810299));
#1902 = CARTESIAN_POINT('',(-20.83634674552,-23.84162547213,
    58.030431052158));
#1903 = CARTESIAN_POINT('',(-21.39542283461,-26.9257176332,
    59.918221856878));
#1904 = CARTESIAN_POINT('',(-21.02704904933,-24.90147537018,
    59.780822728391));
#1905 = CARTESIAN_POINT('',(-20.62842955113,-23.86779791417,
    58.040267961319));
#1906 = CARTESIAN_POINT('',(-21.1915173814,-27.14313370185,
    59.951054714826));
#1907 = CARTESIAN_POINT('',(-20.86032262448,-24.98130373458,
    59.899433772968));
#1908 = CARTESIAN_POINT('',(-20.52223914225,-23.87758861595,
    58.039886542522));
#1909 = CARTESIAN_POINT('',(-20.97599944392,-27.35206982805,
    59.961157801011));
#1910 = CARTESIAN_POINT('',(-20.6821780919,-25.05704208552,
    60.011851157402));
#1911 = CARTESIAN_POINT('',(-20.41408178875,-23.88453382395,
    58.034630408199));
#1912 = ADVANCED_FACE('',(#1913),#1944,.T.);
#1913 = FACE_BOUND('',#1914,.T.);
#1914 = EDGE_LOOP('',(#1915,#1926,#1935,#1942,#1943));
#1915 = ORIENTED_EDGE('',*,*,#1916,.F.);
#1916 = EDGE_CURVE('',#1917,#1524,#1919,.T.);
#1917 = VERTEX_POINT('',#1918);
#1918 = CARTESIAN_POINT('',(-25.20483315206,-24.81035098202,
    58.629249969871));
#1919 = B_SPLINE_CURVE_WITH_KNOTS('',3,(#1920,#1921,#1922,#1923,#1924,
    #1925),.UNSPECIFIED.,.F.,.F.,(4,2,4),(0.,1.281512504848E-03,
    2.563025009696E-03),.UNSPECIFIED.);
#1920 = CARTESIAN_POINT('',(-25.20483315206,-24.81035098202,
    58.629249969871));
#1921 = CARTESIAN_POINT('',(-25.01118845834,-24.43260930099,
    58.54219900333));
#1922 = CARTESIAN_POINT('',(-24.79762883632,-24.09197232892,
    58.397802072343));
#1923 = CARTESIAN_POINT('',(-24.34986263488,-23.47556685407,
    57.988490498341));
#1924 = CARTESIAN_POINT('',(-24.12574222107,-23.21366169397,
    57.73224048796));
#1925 = CARTESIAN_POINT('',(-23.91703644981,-22.99480750869,
    57.421951090037));
#1926 = ORIENTED_EDGE('',*,*,#1927,.F.);
#1927 = EDGE_CURVE('',#1928,#1917,#1930,.T.);
#1928 = VERTEX_POINT('',#1929);
#1929 = CARTESIAN_POINT('',(-25.22550882996,-24.85109526835,
    58.638389877051));
#1930 = B_SPLINE_CURVE_WITH_KNOTS('',3,(#1931,#1932,#1933,#1934),
  .UNSPECIFIED.,.F.,.F.,(4,4),(0.,4.659526186505E-05),
  .PIECEWISE_BEZIER_KNOTS.);
#1931 = CARTESIAN_POINT('',(-25.22550882996,-24.85109526835,
    58.638389877051));
#1932 = CARTESIAN_POINT('',(-25.21866624664,-24.83747263367,
    58.635416956109));
#1933 = CARTESIAN_POINT('',(-25.21177410148,-24.82389065539,
    58.632370201797));
#1934 = CARTESIAN_POINT('',(-25.20483315206,-24.81035098202,
    58.629249969871));
#1935 = ORIENTED_EDGE('',*,*,#1936,.F.);
#1936 = EDGE_CURVE('',#1878,#1928,#1937,.T.);
#1937 = B_SPLINE_CURVE_WITH_KNOTS('',3,(#1938,#1939,#1940,#1941),
  .UNSPECIFIED.,.F.,.F.,(4,4),(1.418912452298E-03,4.865046931309E-03),
  .PIECEWISE_BEZIER_KNOTS.);
#1938 = CARTESIAN_POINT('',(-22.11659405599,-25.97744732607,
    59.61003472461));
#1939 = CARTESIAN_POINT('',(-23.18528213762,-25.67382298184,
    59.302557877391));
#1940 = CARTESIAN_POINT('',(-24.2264919841,-25.30925148817,
    58.981161013336));
#1941 = CARTESIAN_POINT('',(-25.22550882996,-24.85109526835,
    58.638389877051));
#1942 = ORIENTED_EDGE('',*,*,#1877,.T.);
#1943 = ORIENTED_EDGE('',*,*,#1523,.F.);
#1944 = ( BOUNDED_SURFACE() B_SPLINE_SURFACE(3,2,(
    (#1945,#1946,#1947)
    ,(#1948,#1949,#1950)
    ,(#1951,#1952,#1953)
    ,(#1954,#1955,#1956
)),.UNSPECIFIED.,.F.,.F.,.F.) B_SPLINE_SURFACE_WITH_KNOTS((4,4),(3,3),(
    2.374985147271E-02,2.722564827072E-02),(0.,1.),
.PIECEWISE_BEZIER_KNOTS.) GEOMETRIC_REPRESENTATION_ITEM() 
RATIONAL_B_SPLINE_SURFACE((
    (1.,0.946989435698,1.)
    ,(1.,0.942795473917,1.)
    ,(1.,0.937484187513,1.)
,(1.,0.931493570292,1.))) REPRESENTATION_ITEM('') SURFACE() );
#1945 = CARTESIAN_POINT('',(-25.25170245155,-24.83905642701,
    58.629394287392));
#1946 = CARTESIAN_POINT('',(-24.62384649115,-23.66221986981,
    58.379825006859));
#1947 = CARTESIAN_POINT('',(-23.97282896465,-22.9738232425,
    57.408373269073));
#1948 = CARTESIAN_POINT('',(-24.24462595201,-25.30293014829,
    58.975572415147));
#1949 = CARTESIAN_POINT('',(-23.65861389283,-24.04361363696,
    58.691554760553));
#1950 = CARTESIAN_POINT('',(-23.04672785188,-23.32431973273,
    57.634704502238));
#1951 = CARTESIAN_POINT('',(-23.19428714621,-25.67126457578,
    59.29996700814));
#1952 = CARTESIAN_POINT('',(-22.64450825695,-24.32545084663,
    58.981333956107));
#1953 = CARTESIAN_POINT('',(-22.06112736203,-23.58957747351,
    57.8281272622));
#1954 = CARTESIAN_POINT('',(-22.11659405599,-25.97744732607,
    59.61003472461));
#1955 = CARTESIAN_POINT('',(-21.60733051492,-24.54393106547,
    59.255557816303));
#1956 = CARTESIAN_POINT('',(-21.03698889109,-23.80453758892,
    58.0033678063));
#1957 = ADVANCED_FACE('',(#1958),#2003,.T.);
#1958 = FACE_BOUND('',#1959,.T.);
#1959 = EDGE_LOOP('',(#1960,#1971,#1980,#1993,#1994));
#1960 = ORIENTED_EDGE('',*,*,#1961,.F.);
#1961 = EDGE_CURVE('',#1962,#1964,#1966,.T.);
#1962 = VERTEX_POINT('',#1963);
#1963 = CARTESIAN_POINT('',(-26.11822572596,-27.61630042316,
    58.976230944594));
#1964 = VERTEX_POINT('',#1965);
#1965 = CARTESIAN_POINT('',(-25.65179953578,-25.82710810257,
    58.864021787747));
#1966 = B_SPLINE_CURVE_WITH_KNOTS('',3,(#1967,#1968,#1969,#1970),
  .UNSPECIFIED.,.F.,.F.,(4,4),(0.,1.860549031909E-03),
  .PIECEWISE_BEZIER_KNOTS.);
#1967 = CARTESIAN_POINT('',(-26.11822572596,-27.61630042316,
    58.976230944594));
#1968 = CARTESIAN_POINT('',(-26.02691214378,-27.00389209232,
    59.038705124597));
#1969 = CARTESIAN_POINT('',(-25.86790535172,-26.39432541609,
    59.001398420793));
#1970 = CARTESIAN_POINT('',(-25.65179953578,-25.82710810257,
    58.864021787747));
#1971 = ORIENTED_EDGE('',*,*,#1972,.F.);
#1972 = EDGE_CURVE('',#1973,#1962,#1975,.T.);
#1973 = VERTEX_POINT('',#1974);
#1974 = CARTESIAN_POINT('',(-26.13285478128,-27.72000290039,
    58.964769620115));
#1975 = B_SPLINE_CURVE_WITH_KNOTS('',3,(#1976,#1977,#1978,#1979),
  .UNSPECIFIED.,.F.,.F.,(4,4),(0.,1.053545205491E-04),
  .PIECEWISE_BEZIER_KNOTS.);
#1976 = CARTESIAN_POINT('',(-26.13285478128,-27.72000290039,
    58.964769620115));
#1977 = CARTESIAN_POINT('',(-26.12825587914,-27.68543112872,
    58.96888408416));
#1978 = CARTESIAN_POINT('',(-26.12337862786,-27.65085913802,
    58.972705474309));
#1979 = CARTESIAN_POINT('',(-26.11822572596,-27.61630042316,
    58.976230944594));
#1980 = ORIENTED_EDGE('',*,*,#1981,.F.);
#1981 = EDGE_CURVE('',#1810,#1973,#1982,.T.);
#1982 = B_SPLINE_CURVE_WITH_KNOTS('',3,(#1983,#1984,#1985,#1986,#1987,
    #1988,#1989,#1990,#1991,#1992),.UNSPECIFIED.,.F.,.F.,(4,2,2,2,4),(0.
    ,1.34453231888E-03,2.68906463776E-03,4.03359695664E-03,
    5.37812927552E-03),.UNSPECIFIED.);
#1983 = CARTESIAN_POINT('',(-20.97599944392,-27.35206982805,
    59.96115780101));
#1984 = CARTESIAN_POINT('',(-21.39612878377,-27.50624919988,
    59.93342782255));
#1985 = CARTESIAN_POINT('',(-21.82588395135,-27.63023452503,
    59.890463778528));
#1986 = CARTESIAN_POINT('',(-22.68695165814,-27.81306973738,
    59.77612048317));
#1987 = CARTESIAN_POINT('',(-23.12023773808,-27.87279247251,
    59.704675169421));
#1988 = CARTESIAN_POINT('',(-23.99219835487,-27.93040424894,
    59.53406020925));
#1989 = CARTESIAN_POINT('',(-24.43120856595,-27.92775867352,
    59.434587037899));
#1990 = CARTESIAN_POINT('',(-25.29079764657,-27.86498843779,
    59.215235485096));
#1991 = CARTESIAN_POINT('',(-25.7145348971,-27.80521845261,
    59.094801334801));
#1992 = CARTESIAN_POINT('',(-26.13285478128,-27.72000290039,
    58.964769620115));
#1993 = ORIENTED_EDGE('',*,*,#1886,.T.);
#1994 = ORIENTED_EDGE('',*,*,#1995,.F.);
#1995 = EDGE_CURVE('',#1964,#1878,#1996,.T.);
#1996 = B_SPLINE_CURVE_WITH_KNOTS('',3,(#1997,#1998,#1999,#2000,#2001,
    #2002),.UNSPECIFIED.,.F.,.F.,(4,2,4),(1.56484244993E-02,
    1.747002106311E-02,1.929161762693E-02),.UNSPECIFIED.);
#1997 = CARTESIAN_POINT('',(-25.65179953578,-25.82710810257,
    58.864021787747));
#1998 = CARTESIAN_POINT('',(-25.09315618407,-26.02276881622,
    59.036479594885));
#1999 = CARTESIAN_POINT('',(-24.51565041967,-26.1512468733,
    59.191336096527));
#2000 = CARTESIAN_POINT('',(-23.30722088302,-26.21794294142,
    59.451202527321));
#2001 = CARTESIAN_POINT('',(-22.70805654979,-26.15290939967,
    59.548907002608));
#2002 = CARTESIAN_POINT('',(-22.11659405599,-25.97744732607,
    59.61003472461));
#2003 = ( BOUNDED_SURFACE() B_SPLINE_SURFACE(3,2,(
    (#2004,#2005,#2006)
    ,(#2007,#2008,#2009)
    ,(#2010,#2011,#2012)
    ,(#2013,#2014,#2015)
    ,(#2016,#2017,#2018)
    ,(#2019,#2020,#2021)
    ,(#2022,#2023,#2024)
    ,(#2025,#2026,#2027)
    ,(#2028,#2029,#2030)
    ,(#2031,#2032,#2033)
    ,(#2034,#2035,#2036)
    ,(#2037,#2038,#2039
)),.UNSPECIFIED.,.F.,.F.,.F.) B_SPLINE_SURFACE_WITH_KNOTS((4,2,2,2,2,4),
  (3,3),(1.562327559671E-02,1.668372095195E-02,1.721394362958E-02,
    1.77441663072E-02,1.880461166245E-02,1.98650570177E-02),(0.,1.),
.UNSPECIFIED.) GEOMETRIC_REPRESENTATION_ITEM() RATIONAL_B_SPLINE_SURFACE
((
    (1.,0.980339308711,1.)
    ,(1.,0.981360356007,1.)
    ,(1.,0.982269037383,1.)
    ,(1.,0.983426641767,1.)
    ,(1.,0.983778208528,1.)
    ,(1.,0.984404543137,1.)
    ,(1.,0.984680038319,1.)
    ,(1.,0.985363196543,1.)
    ,(1.,0.985634189456,1.)
    ,(1.,0.985781870378,1.)
    ,(1.,0.985655066074,1.)
,(1.,0.985325860593,1.))) REPRESENTATION_ITEM('') SURFACE() );
#2004 = CARTESIAN_POINT('',(-26.34452058087,-27.67461445276,
    58.898010289975));
#2005 = CARTESIAN_POINT('',(-26.06076366941,-26.72414727789,
    59.068005982688));
#2006 = CARTESIAN_POINT('',(-25.6749263499,-25.81896499446,
    58.856868663723));
#2007 = CARTESIAN_POINT('',(-25.92492805392,-27.76908520901,
    59.032259259551));
#2008 = CARTESIAN_POINT('',(-25.68425935863,-26.82957164635,
    59.175841500596));
#2009 = CARTESIAN_POINT('',(-25.35002821378,-25.93396928607,
    58.957551864017));
#2010 = CARTESIAN_POINT('',(-25.49529601146,-27.83927574576,
    59.158451340389));
#2011 = CARTESIAN_POINT('',(-25.29957348821,-26.91141019896,
    59.277805773042));
#2012 = CARTESIAN_POINT('',(-25.01864234766,-26.02592392714,
    59.052199452153));
#2013 = CARTESIAN_POINT('',(-24.83259437443,-27.90094336237,
    59.333225344525));
#2014 = CARTESIAN_POINT('',(-24.70823337587,-26.99129916692,
    59.419970319982));
#2015 = CARTESIAN_POINT('',(-24.50990710872,-26.12229552542,
    59.183279954326));
#2016 = CARTESIAN_POINT('',(-24.60864088088,-27.91420159715,
    59.389054515986));
#2017 = CARTESIAN_POINT('',(-24.50880748762,-27.01076445366,
    59.46554095626));
#2018 = CARTESIAN_POINT('',(-24.33837655772,-26.14746642036,
    59.225151833604));
#2019 = CARTESIAN_POINT('',(-24.15390852566,-27.92448123692,
    59.495299184457));
#2020 = CARTESIAN_POINT('',(-24.10462791457,-27.03372716545,
    59.552665610594));
#2021 = CARTESIAN_POINT('',(-23.99096428614,-26.18231055765,
    59.304835334213));
#2022 = CARTESIAN_POINT('',(-23.92203500631,-27.92137933561,
    59.545907057685));
#2023 = CARTESIAN_POINT('',(-23.8988775875,-27.03714422767,
    59.594390978275));
#2024 = CARTESIAN_POINT('',(-23.81425414834,-26.19192285096,
    59.342791239584));
#2025 = CARTESIAN_POINT('',(-23.22986442962,-27.88582989004,
    59.685708974166));
#2026 = CARTESIAN_POINT('',(-23.28596323721,-27.02115125038,
    59.710379302389));
#2027 = CARTESIAN_POINT('',(-23.28816241028,-26.19487041601,
    59.44764267671));
#2028 = CARTESIAN_POINT('',(-22.76955910341,-27.82756384616,
    59.763838341065));
#2029 = CARTESIAN_POINT('',(-22.87953919907,-26.97603200097,
    59.776334724463));
#2030 = CARTESIAN_POINT('',(-22.94016001272,-26.16292265296,
    59.506239702272));
#2031 = CARTESIAN_POINT('',(-21.85124186017,-27.63832685937,
    59.888263122962));
#2032 = CARTESIAN_POINT('',(-22.07168422672,-26.81307299899,
    59.884174241202));
#2033 = CARTESIAN_POINT('',(-22.24991169718,-26.02739860056,
    59.599558288232));
#2034 = CARTESIAN_POINT('',(-21.38923820637,-27.50542591737,
    59.934620878063));
#2035 = CARTESIAN_POINT('',(-21.66646936818,-26.69336364472,
    59.926212248025));
#2036 = CARTESIAN_POINT('',(-21.90474897651,-25.92215027934,
    59.634325201841));
#2037 = CARTESIAN_POINT('',(-20.94443125309,-27.34042218994,
    59.963214259706));
#2038 = CARTESIAN_POINT('',(-21.27775398303,-26.54104676762,
    59.954639979254));
#2039 = CARTESIAN_POINT('',(-21.5744644242,-25.78419852861,
    59.655771641021));
#2040 = ADVANCED_FACE('',(#2041),#2100,.F.);
#2041 = FACE_BOUND('',#2042,.F.);
#2042 = EDGE_LOOP('',(#2043,#2053,#2079,#2080,#2081,#2082,#2083));
#2043 = ORIENTED_EDGE('',*,*,#2044,.F.);
#2044 = EDGE_CURVE('',#2045,#2047,#2049,.T.);
#2045 = VERTEX_POINT('',#2046);
#2046 = CARTESIAN_POINT('',(-25.88741283943,-58.33592666666,
    54.530746167092));
#2047 = VERTEX_POINT('',#2048);
#2048 = CARTESIAN_POINT('',(-25.88741283944,-61.26675575795,
    54.530746167085));
#2049 = LINE('',#2050,#2051);
#2050 = CARTESIAN_POINT('',(-25.88741283944,-64.99999999999,
    54.530746167085));
#2051 = VECTOR('',#2052,1.);
#2052 = DIRECTION('',(-2.067951531383E-25,-1.,5.426512006971E-14));
#2053 = ORIENTED_EDGE('',*,*,#2054,.F.);
#2054 = EDGE_CURVE('',#1362,#2045,#2055,.T.);
#2055 = B_SPLINE_CURVE_WITH_KNOTS('',3,(#2056,#2057,#2058,#2059,#2060,
    #2061,#2062,#2063,#2064,#2065,#2066,#2067,#2068,#2069,#2070,#2071,
    #2072,#2073,#2074,#2075,#2076,#2077,#2078),.UNSPECIFIED.,.F.,.F.,(4,
    2,1,2,2,2,2,2,2,2,2,4),(-3.612974361074E-05,4.680085785798E-04,
    9.721469007703E-04,1.980423545151E-03,3.996976833913E-03,
    6.013530122675E-03,7.021806767056E-03,8.030083411437E-03,
    1.00466367002E-02,1.206318998896E-02,1.407974327772E-02,
    1.609629656649E-02),.UNSPECIFIED.);
#2056 = CARTESIAN_POINT('',(-11.36504123735,-55.,60.));
#2057 = CARTESIAN_POINT('',(-11.52947454902,-55.03465828695,60.));
#2058 = CARTESIAN_POINT('',(-11.69760317783,-55.07064750224,
    59.998157376042));
#2059 = CARTESIAN_POINT('',(-12.02938705422,-55.14281893689,
    59.990796165892));
#2060 = CARTESIAN_POINT('',(-12.52582308117,-55.25237950689,
    59.974250121571));
#2061 = CARTESIAN_POINT('',(-13.0188006893,-55.36479583499,
    59.941317397049));
#2062 = CARTESIAN_POINT('',(-14.00081364287,-55.59066319068,
    59.85383390141));
#2063 = CARTESIAN_POINT('',(-14.65024219671,-55.74260455976,
    59.76672170289));
#2064 = CARTESIAN_POINT('',(-15.94194280653,-56.03479167698,
    59.535289164958));
#2065 = CARTESIAN_POINT('',(-16.58293411839,-56.18072766199,
    59.391031473791));
#2066 = CARTESIAN_POINT('',(-17.53722714971,-56.3981255884,
    59.130703784248));
#2067 = CARTESIAN_POINT('',(-17.85391935882,-56.47125894179,
    59.036615811805));
#2068 = CARTESIAN_POINT('',(-18.48522469127,-56.61534810032,
    58.833434820981));
#2069 = CARTESIAN_POINT('',(-18.80052759633,-56.68678490854,
    58.72407769212));
#2070 = CARTESIAN_POINT('',(-19.73437499079,-56.90132583578,
    58.376007243331));
#2071 = CARTESIAN_POINT('',(-20.34296944123,-57.03970902679,
    58.117008631983));
#2072 = CARTESIAN_POINT('',(-21.53085895269,-57.31531593798,
    57.546063232314));
#2073 = CARTESIAN_POINT('',(-22.11026610641,-57.45182499514,
    57.234019331738));
#2074 = CARTESIAN_POINT('',(-23.24101104369,-57.71608148446,
    56.556017740491));
#2075 = CARTESIAN_POINT('',(-23.79192099597,-57.84627635886,
    56.190313908972));
#2076 = CARTESIAN_POINT('',(-24.86415078637,-58.09806824294,
    55.40233758042));
#2077 = CARTESIAN_POINT('',(-25.38666383218,-58.21984066629,
    54.978793979506));
#2078 = CARTESIAN_POINT('',(-25.88741283943,-58.33592666666,
    54.530746167092));
#2079 = ORIENTED_EDGE('',*,*,#1361,.F.);
#2080 = ORIENTED_EDGE('',*,*,#247,.F.);
#2081 = ORIENTED_EDGE('',*,*,#63,.F.);
#2082 = ORIENTED_EDGE('',*,*,#108,.T.);
#2083 = ORIENTED_EDGE('',*,*,#2084,.F.);
#2084 = EDGE_CURVE('',#2047,#109,#2085,.T.);
#2085 = B_SPLINE_CURVE_WITH_KNOTS('',3,(#2086,#2087,#2088,#2089,#2090,
    #2091,#2092,#2093,#2094,#2095,#2096,#2097,#2098,#2099),
  .UNSPECIFIED.,.F.,.F.,(4,2,2,2,2,2,4),(1.103064444845E-04,
    3.040200429515E-03,4.50514742203E-03,5.970094414545E-03,
    8.899988399575E-03,1.036493539209E-02,1.182988238461E-02),
  .UNSPECIFIED.);
#2086 = CARTESIAN_POINT('',(-25.88741283944,-61.26675575795,
    54.530746167085));
#2087 = CARTESIAN_POINT('',(-25.15719079728,-61.2703940386,
    55.184116186455));
#2088 = CARTESIAN_POINT('',(-24.38517641456,-61.26842606023,
    55.782372642664));
#2089 = CARTESIAN_POINT('',(-23.16576950975,-61.26842606024,
    56.598794680547));
#2090 = CARTESIAN_POINT('',(-22.74874371247,-61.26842606024,
    56.857495587788));
#2091 = CARTESIAN_POINT('',(-21.90085698367,-61.26842606024,
    57.344280580525));
#2092 = CARTESIAN_POINT('',(-21.46919330067,-61.26842606023,
    57.572826396731));
#2093 = CARTESIAN_POINT('',(-20.1511495177,-61.26842606023,
    58.214131922505));
#2094 = CARTESIAN_POINT('',(-19.24015063798,-61.26842606024,
    58.58293296401));
#2095 = CARTESIAN_POINT('',(-17.84910870388,-61.26842606024,
    59.041122069409));
#2096 = CARTESIAN_POINT('',(-17.38052561795,-61.26842606023,
    59.178411798685));
#2097 = CARTESIAN_POINT('',(-16.43350176815,-61.26842606023,
    59.421945035737));
#2098 = CARTESIAN_POINT('',(-15.95435048482,-61.26842606023,
    59.528303036709));
#2099 = CARTESIAN_POINT('',(-15.47385244263,-61.26842606023,
    59.618414434852));
#2100 = B_SPLINE_SURFACE_WITH_KNOTS('',3,1,(
    (#2101,#2102)
    ,(#2103,#2104)
    ,(#2105,#2106)
    ,(#2107,#2108)
    ,(#2109,#2110)
    ,(#2111,#2112)
    ,(#2113,#2114)
    ,(#2115,#2116)
    ,(#2117,#2118)
    ,(#2119,#2120)
    ,(#2121,#2122)
    ,(#2123,#2124)
    ,(#2125,#2126)
    ,(#2127,#2128
    )),.UNSPECIFIED.,.F.,.F.,.F.,(4,2,2,2,2,2,4),(2,2),(0.,0.125,0.1875,
    0.25,0.375,0.4375,0.491297486146),(0.,1.),.UNSPECIFIED.);
#2101 = CARTESIAN_POINT('',(-11.36504123735,-63.05139804667,60.));
#2102 = CARTESIAN_POINT('',(-11.36504123735,-54.95197973331,60.));
#2103 = CARTESIAN_POINT('',(-12.72305820091,-63.05139804667,60.));
#2104 = CARTESIAN_POINT('',(-12.72305820091,-54.95197973331,60.));
#2105 = CARTESIAN_POINT('',(-14.06036689991,-63.05139804667,
    59.877289145878));
#2106 = CARTESIAN_POINT('',(-14.06036689991,-54.95197973331,
    59.877289145878));
#2107 = CARTESIAN_POINT('',(-16.03637120672,-63.05139804667,
    59.515696506951));
#2108 = CARTESIAN_POINT('',(-16.03637120672,-54.95197973331,
    59.515696506951));
#2109 = CARTESIAN_POINT('',(-16.69001129768,-63.05139804667,
    59.365371167133));
#2110 = CARTESIAN_POINT('',(-16.69001129768,-54.95197973331,
    59.365371167133));
#2111 = CARTESIAN_POINT('',(-17.98700031224,-63.05139804667,
    59.003738171467));
#2112 = CARTESIAN_POINT('',(-17.98700031224,-54.95197973331,
    59.003738171467));
#2113 = CARTESIAN_POINT('',(-18.63369685973,-63.05139804667,
    58.791059956004));
#2114 = CARTESIAN_POINT('',(-18.63369685973,-54.95197973331,
    58.791059956004));
#2115 = CARTESIAN_POINT('',(-20.52859079745,-63.05139804667,
    58.068394956781));
#2116 = CARTESIAN_POINT('',(-20.52859079745,-54.95197973331,
    58.068394956781));
#2117 = CARTESIAN_POINT('',(-21.73074322035,-63.05139804667,
    57.476843094663));
#2118 = CARTESIAN_POINT('',(-21.73074322035,-54.95197973331,
    57.476843094663));
#2119 = CARTESIAN_POINT('',(-23.44259466182,-63.05139804667,
    56.425370054312));
#2120 = CARTESIAN_POINT('',(-23.44259466182,-54.95197973331,
    56.425370054312));
#2121 = CARTESIAN_POINT('',(-23.99787994792,-63.05139804667,
    56.047337681324));
#2122 = CARTESIAN_POINT('',(-23.99787994792,-54.95197973331,
    56.047337681324));
#2123 = CARTESIAN_POINT('',(-25.00141117101,-63.05139804667,
    55.290520440842));
#2124 = CARTESIAN_POINT('',(-25.00141117101,-54.95197973331,
    55.290520440842));
#2125 = CARTESIAN_POINT('',(-25.45421476922,-63.05139804667,
    54.918352422708));
#2126 = CARTESIAN_POINT('',(-25.45421476922,-54.95197973331,
    54.918352422708));
#2127 = CARTESIAN_POINT('',(-25.88741283972,-63.05139804667,
    54.530746166834));
#2128 = CARTESIAN_POINT('',(-25.88741283972,-54.95197973331,
    54.530746166834));
#2129 = ADVANCED_FACE('',(#2130),#2179,.F.);
#2130 = FACE_BOUND('',#2131,.F.);
#2131 = EDGE_LOOP('',(#2132,#2143,#2162,#2163,#2172));
#2132 = ORIENTED_EDGE('',*,*,#2133,.F.);
#2133 = EDGE_CURVE('',#2134,#2136,#2138,.T.);
#2134 = VERTEX_POINT('',#2135);
#2135 = CARTESIAN_POINT('',(-25.9648672301,-52.00045670883,
    55.328107775508));
#2136 = VERTEX_POINT('',#2137);
#2137 = CARTESIAN_POINT('',(-25.9643966417,-52.02690686177,
    55.321390283851));
#2138 = B_SPLINE_CURVE_WITH_KNOTS('',3,(#2139,#2140,#2141,#2142),
  .UNSPECIFIED.,.F.,.F.,(4,4),(0.,2.729389561667E-05),
  .PIECEWISE_BEZIER_KNOTS.);
#2139 = CARTESIAN_POINT('',(-25.9648672301,-52.00045670883,
    55.328107775508));
#2140 = CARTESIAN_POINT('',(-25.96470765846,-52.00927274905,
    55.325866137122));
#2141 = CARTESIAN_POINT('',(-25.96455079391,-52.01808946858,
    55.323626974572));
#2142 = CARTESIAN_POINT('',(-25.9643966417,-52.02690686177,
    55.321390283851));
#2143 = ORIENTED_EDGE('',*,*,#2144,.T.);
#2144 = EDGE_CURVE('',#2134,#1362,#2145,.T.);
#2145 = B_SPLINE_CURVE_WITH_KNOTS('',3,(#2146,#2147,#2148,#2149,#2150,
    #2151,#2152,#2153,#2154,#2155,#2156,#2157,#2158,#2159,#2160,#2161),
  .UNSPECIFIED.,.F.,.F.,(4,2,2,2,2,2,2,4),(1.809103470095E-02,
    1.908881226468E-02,2.008658982842E-02,2.20821449559E-02,
    2.607325521086E-02,2.806881033833E-02,3.006436546581E-02,
    3.405547572077E-02),.UNSPECIFIED.);
#2146 = CARTESIAN_POINT('',(-25.9648672301,-52.00045670883,
    55.328107775508));
#2147 = CARTESIAN_POINT('',(-25.70052923932,-52.04658087612,
    55.52558159584));
#2148 = CARTESIAN_POINT('',(-25.43243973835,-52.09333833271,
    55.716520001625));
#2149 = CARTESIAN_POINT('',(-24.89026909863,-52.18872085503,
    56.084702551089));
#2150 = CARTESIAN_POINT('',(-24.61569887848,-52.2331522434,
    56.263186335425));
#2151 = CARTESIAN_POINT('',(-23.78527985113,-52.40535683383,
    56.769795118611));
#2152 = CARTESIAN_POINT('',(-23.2197380936,-52.52287117564,
    57.082799401675));
#2153 = CARTESIAN_POINT('',(-21.48862634706,-52.88094411116,
    57.951226614382));
#2154 = CARTESIAN_POINT('',(-20.28873183082,-53.13221022174,
    58.435595078679));
#2155 = CARTESIAN_POINT('',(-18.42346304782,-53.52311976093,
    59.022957855668));
#2156 = CARTESIAN_POINT('',(-17.79579344377,-53.65351406529,
    59.193938535972));
#2157 = CARTESIAN_POINT('',(-16.52953964244,-53.91802854912,
    59.487003186372));
#2158 = CARTESIAN_POINT('',(-15.89020502271,-54.05282677997,
    59.609212971208));
#2159 = CARTESIAN_POINT('',(-13.96041098753,-54.45373160686,
    59.902811879237));
#2160 = CARTESIAN_POINT('',(-12.66393259516,-54.71230808507,60.));
#2161 = CARTESIAN_POINT('',(-11.36504123735,-55.,60.));
#2162 = ORIENTED_EDGE('',*,*,#2054,.T.);
#2163 = ORIENTED_EDGE('',*,*,#2164,.F.);
#2164 = EDGE_CURVE('',#2165,#2045,#2167,.T.);
#2165 = VERTEX_POINT('',#2166);
#2166 = CARTESIAN_POINT('',(-25.88851244039,-58.01144039859,
    54.532088631162));
#2167 = B_SPLINE_CURVE_WITH_KNOTS('',3,(#2168,#2169,#2170,#2171),
  .UNSPECIFIED.,.F.,.F.,(4,4),(0.,3.244909081828E-04),
  .PIECEWISE_BEZIER_KNOTS.);
#2168 = CARTESIAN_POINT('',(-25.88851244039,-58.01144039859,
    54.532088631162));
#2169 = CARTESIAN_POINT('',(-25.88777983302,-58.11959784817,
    54.5311933366));
#2170 = CARTESIAN_POINT('',(-25.88741283944,-58.22776303059,
    54.530746167085));
#2171 = CARTESIAN_POINT('',(-25.88741283943,-58.33592666666,
    54.530746167092));
#2172 = ORIENTED_EDGE('',*,*,#2173,.F.);
#2173 = EDGE_CURVE('',#2136,#2165,#2174,.T.);
#2174 = B_SPLINE_CURVE_WITH_KNOTS('',3,(#2175,#2176,#2177,#2178),
  .UNSPECIFIED.,.F.,.F.,(4,4),(0.,6.051366048393E-03),
  .PIECEWISE_BEZIER_KNOTS.);
#2175 = CARTESIAN_POINT('',(-25.9643966417,-52.02690686177,
    55.321390283851));
#2176 = CARTESIAN_POINT('',(-25.93020004111,-53.98292738628,
    54.825210419032));
#2177 = CARTESIAN_POINT('',(-25.90218342166,-55.99314447659,
    54.548795472625));
#2178 = CARTESIAN_POINT('',(-25.88851244039,-58.01144039859,
    54.532088631162));
#2179 = ( BOUNDED_SURFACE() B_SPLINE_SURFACE(3,2,(
    (#2180,#2181,#2182)
    ,(#2183,#2184,#2185)
    ,(#2186,#2187,#2188)
    ,(#2189,#2190,#2191)
    ,(#2192,#2193,#2194)
    ,(#2195,#2196,#2197)
    ,(#2198,#2199,#2200)
    ,(#2201,#2202,#2203)
    ,(#2204,#2205,#2206)
    ,(#2207,#2208,#2209)
    ,(#2210,#2211,#2212)
    ,(#2213,#2214,#2215)
    ,(#2216,#2217,#2218)
    ,(#2219,#2220,#2221)
    ,(#2222,#2223,#2224)
    ,(#2225,#2226,#2227)
    ,(#2228,#2229,#2230)
    ,(#2231,#2232,#2233)
    ,(#2234,#2235,#2236)
    ,(#2237,#2238,#2239)
    ,(#2240,#2241,#2242)
    ,(#2243,#2244,#2245)
    ,(#2246,#2247,#2248)
    ,(#2249,#2250,#2251)
    ,(#2252,#2253,#2254)
    ,(#2255,#2256,#2257)
    ,(#2258,#2259,#2260)
    ,(#2261,#2262,#2263)
    ,(#2264,#2265,#2266)
    ,(#2267,#2268,#2269)
    ,(#2270,#2271,#2272)
    ,(#2273,#2274,#2275)
    ,(#2276,#2277,#2278)
    ,(#2279,#2280,#2281)
    ,(#2282,#2283,#2284)
    ,(#2285,#2286,#2287)
    ,(#2288,#2289,#2290)
    ,(#2291,#2292,#2293
)),.UNSPECIFIED.,.F.,.F.,.F.) B_SPLINE_SURFACE_WITH_KNOTS((4,2,2,2,2,2,2
    ,2,2,2,2,2,2,2,2,2,2,2,4),(3,3),(-8.274719315277E-05,
    4.659887392507E-03,7.031204685337E-03,9.402521978167E-03,
    1.1773839271E-02,1.295949791741E-02,1.414515656383E-02,
    1.651647385666E-02,1.888779114949E-02,2.00734497959E-02,
    2.125910844232E-02,2.363042573515E-02,2.837306032081E-02,
    3.074437761364E-02,3.133720693684E-02,3.193003626005E-02,
    3.311569490647E-02,3.54870121993E-02,3.785832949212E-02),(0.,1.),
.UNSPECIFIED.) GEOMETRIC_REPRESENTATION_ITEM() RATIONAL_B_SPLINE_SURFACE
((
    (1.,1.,1.)
    ,(1.,1.000000036166,1.)
    ,(1.,0.999961616636,1.)
    ,(1.,0.999848585477,1.)
    ,(1.,0.9998016792,1.)
    ,(1.,0.999689880205,1.)
    ,(1.,0.999625051268,1.)
    ,(1.,0.999477686763,1.)
    ,(1.,0.999395157871,1.)
    ,(1.,0.999258403208,1.)
    ,(1.,0.999210658717,1.)
    ,(1.,0.999110909573,1.)
    ,(1.,0.999058992684,1.)
    ,(1.,0.998896415107,1.)
    ,(1.,0.998779779461,1.)
    ,(1.,0.998530063397,1.)
    ,(1.,0.998396714128,1.)
    ,(1.,0.998186371699,1.)
    ,(1.,0.998114863337,1.)
    ,(1.,0.997968197175,1.)
    ,(1.,0.997893202836,1.)
    ,(1.,0.997663448407,1.)
    ,(1.,0.997503915237,1.)
    ,(1.,0.997007976995,1.)
    ,(1.,0.996654208218,1.)
    ,(1.,0.996096315104,1.)
    ,(1.,0.99590535715,1.)
    ,(1.,0.995661554329,1.)
    ,(1.,0.995610275888,1.)
    ,(1.,0.995519367116,1.)
    ,(1.,0.995473768895,1.)
    ,(1.,0.995336573854,1.)
    ,(1.,0.995244576489,1.)
    ,(1.,0.994967237095,1.)
    ,(1.,0.994779956395,1.)
    ,(1.,0.994404328745,1.)
    ,(1.,0.994216204195,1.)
,(1.,0.994027826424,1.))) REPRESENTATION_ITEM('') SURFACE() );
#2180 = CARTESIAN_POINT('',(-11.36504123735,-54.99999999999,60.));
#2181 = CARTESIAN_POINT('',(-11.36504123735,-54.99999999999,60.));
#2182 = CARTESIAN_POINT('',(-11.36504123735,-54.99999999999,60.));
#2183 = CARTESIAN_POINT('',(-12.04942218167,-55.14422989818,60.));
#2184 = CARTESIAN_POINT('',(-12.06308834911,-54.99330703925,
    60.000000000056));
#2185 = CARTESIAN_POINT('',(-12.07674742182,-54.84236394175,60.));
#2186 = CARTESIAN_POINT('',(-12.72400589897,-55.2968753712,
    59.968941971096));
#2187 = CARTESIAN_POINT('',(-12.75308459108,-54.9956887165,
    59.967623033137));
#2188 = CARTESIAN_POINT('',(-12.78206767977,-54.69450263971,
    59.970937783647));
#2189 = CARTESIAN_POINT('',(-13.72666616867,-55.52767256373,
    59.877501987399));
#2190 = CARTESIAN_POINT('',(-13.77775084144,-55.00270850934,
    59.872176642844));
#2191 = CARTESIAN_POINT('',(-13.83063549673,-54.47805096436,
    59.884931345235));
#2192 = CARTESIAN_POINT('',(-14.05945367526,-55.60490296841,
    59.839519941832));
#2193 = CARTESIAN_POINT('',(-14.11772217003,-55.00559353835,
    59.832530020234));
#2194 = CARTESIAN_POINT('',(-14.17868442077,-54.40674263774,
    59.849188795416));
#2195 = CARTESIAN_POINT('',(-14.72345274161,-55.75821557885,
    59.748500829941));
#2196 = CARTESIAN_POINT('',(-14.79516214667,-55.01072067252,
    59.737673637525));
#2197 = CARTESIAN_POINT('',(-14.87225485587,-54.26413602958,
    59.763666387253));
#2198 = CARTESIAN_POINT('',(-15.05598281416,-55.83428518355,
    59.695222175494));
#2199 = CARTESIAN_POINT('',(-15.1333046198,-55.01295055353,
    59.682343417505));
#2200 = CARTESIAN_POINT('',(-15.21777927641,-54.19282570067,
    59.713886698504));
#2201 = CARTESIAN_POINT('',(-15.71537227772,-55.98358903392,
    59.574311080801));
#2202 = CARTESIAN_POINT('',(-15.80510182017,-55.01509401621,
    59.55655773313));
#2203 = CARTESIAN_POINT('',(-15.90669522913,-54.04860007728,
    59.600337750623));
#2204 = CARTESIAN_POINT('',(-16.04287836138,-56.05779184937,
    59.506568253403));
#2205 = CARTESIAN_POINT('',(-16.13897924211,-55.01595488231,
    59.486035705456));
#2206 = CARTESIAN_POINT('',(-16.24986281221,-53.97661092501,
    59.536553871182));
#2207 = CARTESIAN_POINT('',(-16.53173134903,-56.1690023348,
    59.393841712295));
#2208 = CARTESIAN_POINT('',(-16.63699259433,-55.017483469,
    59.368755127798));
#2209 = CARTESIAN_POINT('',(-16.762531212,-53.86937248391,
    59.430288280801));
#2210 = CARTESIAN_POINT('',(-16.69428181241,-56.20603865493,
    59.354412361716));
#2211 = CARTESIAN_POINT('',(-16.80254565947,-55.0180148062,
    59.327740685474));
#2212 = CARTESIAN_POINT('',(-16.93307757904,-53.83373319007,
    59.393100977061));
#2213 = CARTESIAN_POINT('',(-17.01873103077,-56.27999038235,
    59.271793973195));
#2214 = CARTESIAN_POINT('',(-17.13279483098,-55.01906715989,
    59.241851609542));
#2215 = CARTESIAN_POINT('',(-17.27349258968,-53.76261893128,
    59.315177010569));
#2216 = CARTESIAN_POINT('',(-17.18185549328,-56.31690063525,
    59.228263133213));
#2217 = CARTESIAN_POINT('',(-17.29810831223,-55.01958336962,
    59.19681012821));
#2218 = CARTESIAN_POINT('',(-17.4433624326,-53.72713903443,
    59.274440463798));
#2219 = CARTESIAN_POINT('',(-17.66303378248,-56.42731449758,
    59.094006196319));
#2220 = CARTESIAN_POINT('',(-17.78915538168,-55.02098032882,
    59.056848779793));
#2221 = CARTESIAN_POINT('',(-17.9519794589,-53.62081912506,
    59.146872330336));
#2222 = CARTESIAN_POINT('',(-17.98522172169,-56.50130083574,
    58.99616682865));
#2223 = CARTESIAN_POINT('',(-18.11604632748,-55.02249377931,
    58.955414132151));
#2224 = CARTESIAN_POINT('',(-18.28954792704,-53.55086401492,
    59.054663502414));
#2225 = CARTESIAN_POINT('',(-18.62615638861,-56.64739881815,
    58.785292710216));
#2226 = CARTESIAN_POINT('',(-18.76592630109,-55.02410326577,
    58.737016445593));
#2227 = CARTESIAN_POINT('',(-18.9622248262,-53.41030908208,
    58.855713254431));
#2228 = CARTESIAN_POINT('',(-18.94537378486,-56.71973911757,
    58.672038422865));
#2229 = CARTESIAN_POINT('',(-19.08940430263,-55.02431001821,
    58.619813770423));
#2230 = CARTESIAN_POINT('',(-19.2978416867,-53.33970522585,
    58.748753594123));
#2231 = CARTESIAN_POINT('',(-19.41225156325,-56.82762029453,
    58.494213393797));
#2232 = CARTESIAN_POINT('',(-19.56419897993,-55.02536820375,
    58.43502224082));
#2233 = CARTESIAN_POINT('',(-19.79392327742,-53.23616871782,
    58.578893040721));
#2234 = CARTESIAN_POINT('',(-19.57006096831,-56.86324984758,
    58.432039930752));
#2235 = CARTESIAN_POINT('',(-19.72297419815,-55.02558546856,
    58.371126209249));
#2236 = CARTESIAN_POINT('',(-19.95831542295,-53.20175470788,
    58.520659939878));
#2237 = CARTESIAN_POINT('',(-19.87963934874,-56.93400332737,
    58.305925248579));
#2238 = CARTESIAN_POINT('',(-20.03626035395,-55.02589412274,
    58.240742068933));
#2239 = CARTESIAN_POINT('',(-20.28514139762,-53.13326645691,
    58.400989687587));
#2240 = CARTESIAN_POINT('',(-20.03313635362,-56.96913815285,
    58.241325241209));
#2241 = CARTESIAN_POINT('',(-20.19164111284,-55.02599677324,
    58.173931521592));
#2242 = CARTESIAN_POINT('',(-20.4475725054,-53.09920271723,
    58.339552177975));
#2243 = CARTESIAN_POINT('',(-20.48999361738,-57.07401588891,
    58.042874431066));
#2244 = CARTESIAN_POINT('',(-20.65412734559,-55.02633970765,
    57.968660982146));
#2245 = CARTESIAN_POINT('',(-20.93189017689,-52.99773659409,
    58.150456358755));
#2246 = CARTESIAN_POINT('',(-20.78972304892,-57.1432563622,
    57.904379232128));
#2247 = CARTESIAN_POINT('',(-20.95750791242,-55.02663839546,
    57.825391907495));
#2248 = CARTESIAN_POINT('',(-21.25079670151,-52.93108205628,
    58.018016557203));
#2249 = CARTESIAN_POINT('',(-21.67623075113,-57.34936309352,
    57.469894398592));
#2250 = CARTESIAN_POINT('',(-21.85388894109,-55.02812970759,
    57.376328527888));
#2251 = CARTESIAN_POINT('',(-22.19558583174,-52.73445542523,
    57.60169471178));
#2252 = CARTESIAN_POINT('',(-22.25037794345,-57.4847922931,
    57.155007776328));
#2253 = CARTESIAN_POINT('',(-22.43285603734,-55.03008564478,
    57.051444371454));
#2254 = CARTESIAN_POINT('',(-22.80951578617,-52.60798268032,
    57.298838605325));
#2255 = CARTESIAN_POINT('',(-23.09283247978,-57.68129650885,
    56.641332325803));
#2256 = CARTESIAN_POINT('',(-23.27697093293,-55.03086133183,
    56.52520410318));
#2257 = CARTESIAN_POINT('',(-23.70734774169,-52.42168296777,
    56.806578840352));
#2258 = CARTESIAN_POINT('',(-23.36728483523,-57.74581293577,
    56.465170931537));
#2259 = CARTESIAN_POINT('',(-23.55270704342,-55.03087878141,
    56.344198888869));
#2260 = CARTESIAN_POINT('',(-24.00274452683,-52.36027099434,
    56.636149197237));
#2261 = CARTESIAN_POINT('',(-23.70574822562,-57.82557427577,
    56.236718439053));
#2262 = CARTESIAN_POINT('',(-23.89184643836,-55.03095557694,
    56.110061973688));
#2263 = CARTESIAN_POINT('',(-24.36698894503,-52.2847257992,
    56.415072659874));
#2264 = CARTESIAN_POINT('',(-23.77317054189,-57.84148392598,
    56.190639422074));
#2265 = CARTESIAN_POINT('',(-23.95955124726,-55.0302652465,
    56.062731445847));
#2266 = CARTESIAN_POINT('',(-24.44006050638,-52.26829737432,
    56.370455425745));
#2267 = CARTESIAN_POINT('',(-23.90749214936,-57.87318203712,
    56.097690073452));
#2268 = CARTESIAN_POINT('',(-24.09351227502,-55.03268345066,
    55.967899914634));
#2269 = CARTESIAN_POINT('',(-24.58316061983,-52.24297698991,
    56.280413209533));
#2270 = CARTESIAN_POINT('',(-23.97439180074,-57.88895796491,
    56.050819490322));
#2271 = CARTESIAN_POINT('',(-24.16020469161,-55.03388190821,
    55.920100370616));
#2272 = CARTESIAN_POINT('',(-24.65445228808,-52.230377066,
    56.234987983243));
#2273 = CARTESIAN_POINT('',(-24.17433168417,-57.93606319809,
    55.908998219918));
#2274 = CARTESIAN_POINT('',(-24.35943951276,-55.03744214355,
    55.775534120902));
#2275 = CARTESIAN_POINT('',(-24.86755064266,-52.19275407825,
    56.097494712632));
#2276 = CARTESIAN_POINT('',(-24.30661303376,-57.96717093902,
    55.812838494532));
#2277 = CARTESIAN_POINT('',(-24.49112107295,-55.03976935081,
    55.677612809577));
#2278 = CARTESIAN_POINT('',(-25.0085805666,-52.16790863418,
    56.004209205341));
#2279 = CARTESIAN_POINT('',(-24.70060975467,-58.0595442391,
    55.519331265788));
#2280 = CARTESIAN_POINT('',(-24.88289762781,-55.04655174747,
    55.379088397003));
#2281 = CARTESIAN_POINT('',(-25.42855608418,-52.09401787918,
    55.719436270067));
#2282 = CARTESIAN_POINT('',(-24.95727794387,-58.1202469348,
    55.318602621582));
#2283 = CARTESIAN_POINT('',(-25.13858610973,-55.05112783601,
    55.174491870133));
#2284 = CARTESIAN_POINT('',(-25.70453496016,-52.04588277354,
    55.522848389448));
#2285 = CARTESIAN_POINT('',(-25.46610364248,-58.2385981422,
    54.901005733049));
#2286 = CARTESIAN_POINT('',(-25.64229738189,-55.05944452082,
    54.751710343334));
#2287 = CARTESIAN_POINT('',(-26.24711053024,-51.95120736777,
    55.116987833026));
#2288 = CARTESIAN_POINT('',(-25.7153811354,-58.2959541886,
    54.686364827537));
#2289 = CARTESIAN_POINT('',(-25.88850816369,-55.06305347758,
    54.534949638535));
#2290 = CARTESIAN_POINT('',(-26.51294787954,-51.90469292692,
    54.90833032053));
#2291 = CARTESIAN_POINT('',(-25.95671925291,-58.3520080052,
    54.468451016337));
#2292 = CARTESIAN_POINT('',(-26.12758896105,-55.06658790918,
    54.314165942333));
#2293 = CARTESIAN_POINT('',(-26.77323897634,-51.85941784828,
    54.693878737422));
#2294 = ADVANCED_FACE('',(#2295),#2373,.F.);
#2295 = FACE_BOUND('',#2296,.F.);
#2296 = EDGE_LOOP('',(#2297,#2318,#2325,#2326,#2327,#2350,#2358));
#2297 = ORIENTED_EDGE('',*,*,#2298,.T.);
#2298 = EDGE_CURVE('',#2299,#2301,#2303,.T.);
#2299 = VERTEX_POINT('',#2300);
#2300 = CARTESIAN_POINT('',(15.473852466085,-61.26842606448,
    59.618414430455));
#2301 = VERTEX_POINT('',#2302);
#2302 = CARTESIAN_POINT('',(13.98884946668,-62.76655701877,
    59.845457474686));
#2303 = B_SPLINE_CURVE_WITH_KNOTS('',3,(#2304,#2305,#2306,#2307,#2308,
    #2309,#2310,#2311,#2312,#2313,#2314,#2315,#2316,#2317),
  .UNSPECIFIED.,.F.,.F.,(4,2,2,2,2,2,4),(6.368621620116E-15,
    2.930760911953E-04,5.861521823842E-04,8.792282735731E-04,
    1.172304364762E-03,1.75845654714E-03,2.344608729518E-03),
  .UNSPECIFIED.);
#2304 = CARTESIAN_POINT('',(15.473852466085,-61.26842606448,
    59.618414430455));
#2305 = CARTESIAN_POINT('',(15.376458424151,-61.26842606449,
    59.636679465024));
#2306 = CARTESIAN_POINT('',(15.280553488358,-61.27805079919,
    59.653992564997));
#2307 = CARTESIAN_POINT('',(15.09161986675,-61.31579746288,
    59.686871271322));
#2308 = CARTESIAN_POINT('',(14.997617828211,-61.34437015854,
    59.702588060567));
#2309 = CARTESIAN_POINT('',(14.818017991333,-61.41910654707,
    59.731510639849));
#2310 = CARTESIAN_POINT('',(14.732720857116,-61.46487577882,
    59.744684998843));
#2311 = CARTESIAN_POINT('',(14.571139346564,-61.57313982136,
    59.768783808803));
#2312 = CARTESIAN_POINT('',(14.49449016137,-61.63626355257,
    59.779750080435));
#2313 = CARTESIAN_POINT('',(14.288317025873,-61.84333346316,
    59.808338909755));
#2314 = CARTESIAN_POINT('',(14.177204660591,-62.01050667869,
    59.822446309708));
#2315 = CARTESIAN_POINT('',(14.028366058114,-62.37140797225,
    59.840865879305));
#2316 = CARTESIAN_POINT('',(13.988849466992,-62.56835911491,
    59.845457474649));
#2317 = CARTESIAN_POINT('',(13.98884946668,-62.76655701877,
    59.845457474686));
#2318 = ORIENTED_EDGE('',*,*,#2319,.F.);
#2319 = EDGE_CURVE('',#1289,#2301,#2320,.T.);
#2320 = B_SPLINE_CURVE_WITH_KNOTS('',3,(#2321,#2322,#2323,#2324),
  .UNSPECIFIED.,.F.,.F.,(4,4),(2.000000005716E-03,2.236820766877E-03),
  .PIECEWISE_BEZIER_KNOTS.);
#2321 = CARTESIAN_POINT('',(13.988849453042,-63.00168888996,
    59.8454574763));
#2322 = CARTESIAN_POINT('',(13.988849466431,-62.92443752621,
    59.845457474715));
#2323 = CARTESIAN_POINT('',(13.988849466555,-62.84549727249,
    59.845457474701));
#2324 = CARTESIAN_POINT('',(13.98884946668,-62.76655701877,
    59.845457474686));
#2325 = ORIENTED_EDGE('',*,*,#1311,.F.);
#2326 = ORIENTED_EDGE('',*,*,#1370,.T.);
#2327 = ORIENTED_EDGE('',*,*,#2328,.F.);
#2328 = EDGE_CURVE('',#2329,#1371,#2331,.T.);
#2329 = VERTEX_POINT('',#2330);
#2330 = CARTESIAN_POINT('',(25.887412923844,-58.33592668622,
    54.530746091571));
#2331 = B_SPLINE_CURVE_WITH_KNOTS('',3,(#2332,#2333,#2334,#2335,#2336,
    #2337,#2338,#2339,#2340,#2341,#2342,#2343,#2344,#2345,#2346,#2347,
    #2348,#2349),.UNSPECIFIED.,.F.,.F.,(4,2,2,2,2,2,2,2,4),(
    1.662867800715E-02,1.867036019699E-02,2.071204238683E-02,
    2.275372457667E-02,2.479540676651E-02,2.581624786142E-02,
    2.683708895634E-02,2.887877114618E-02,3.296213552586E-02),
  .UNSPECIFIED.);
#2332 = CARTESIAN_POINT('',(25.887412923844,-58.33592668622,
    54.530746091571));
#2333 = CARTESIAN_POINT('',(25.386677748927,-58.21984389231,
    54.978781532375));
#2334 = CARTESIAN_POINT('',(24.864179676393,-58.09807495071,
    55.40231418242));
#2335 = CARTESIAN_POINT('',(23.791981127061,-57.84629055592,
    56.190271885627));
#2336 = CARTESIAN_POINT('',(23.241087664949,-57.71609923861,
    56.555967883524));
#2337 = CARTESIAN_POINT('',(22.110377053027,-57.4518510758,
    57.233956721213));
#2338 = CARTESIAN_POINT('',(21.530987881426,-57.31534614104,
    57.545995695324));
#2339 = CARTESIAN_POINT('',(20.343135982702,-57.039747377,
    58.116934153243));
#2340 = CARTESIAN_POINT('',(19.734560865161,-56.90136954817,
    58.37593077357));
#2341 = CARTESIAN_POINT('',(18.800744314372,-56.6868341924,
    58.724000508249));
#2342 = CARTESIAN_POINT('',(18.485450895487,-56.61539954645,
    58.833358115963));
#2343 = CARTESIAN_POINT('',(17.854164132716,-56.4713149916,
    59.036540933061));
#2344 = CARTESIAN_POINT('',(17.537481391125,-56.39818342326,
    59.130630199938));
#2345 = CARTESIAN_POINT('',(16.583216643492,-56.18079219204,
    59.390962853052));
#2346 = CARTESIAN_POINT('',(15.942244961763,-56.03485836278,
    59.535225314307));
#2347 = CARTESIAN_POINT('',(14.004751130913,-55.59659558653,
    59.882393027827));
#2348 = CARTESIAN_POINT('',(12.696900169089,-55.28072140191,60.));
#2349 = CARTESIAN_POINT('',(11.365041237352,-55.,60.));
#2350 = ORIENTED_EDGE('',*,*,#2351,.F.);
#2351 = EDGE_CURVE('',#2352,#2329,#2354,.T.);
#2352 = VERTEX_POINT('',#2353);
#2353 = CARTESIAN_POINT('',(25.887412923851,-61.26675576218,
    54.530746091567));
#2354 = LINE('',#2355,#2356);
#2355 = CARTESIAN_POINT('',(25.88741292385,-64.99999999999,
    54.530746091566));
#2356 = VECTOR('',#2357,1.);
#2357 = DIRECTION('',(2.067951531383E-25,1.,-5.426512006971E-14));
#2358 = ORIENTED_EDGE('',*,*,#2359,.F.);
#2359 = EDGE_CURVE('',#2299,#2352,#2360,.T.);
#2360 = B_SPLINE_CURVE_WITH_KNOTS('',3,(#2361,#2362,#2363,#2364,#2365,
    #2366,#2367,#2368,#2369,#2370,#2371,#2372),.UNSPECIFIED.,.F.,.F.,(4,
    2,2,2,2,4),(3.299918558629E-03,6.231326566759E-03,9.162734574889E-03
    ,1.062843857895E-02,1.209414258302E-02,1.502555059115E-02),
  .UNSPECIFIED.);
#2361 = CARTESIAN_POINT('',(15.473852466085,-61.26842606448,
    59.618414430455));
#2362 = CARTESIAN_POINT('',(16.436414174217,-61.26842606448,
    59.437898019946));
#2363 = CARTESIAN_POINT('',(17.384974207875,-61.26842606448,
    59.194042421174));
#2364 = CARTESIAN_POINT('',(19.242282202491,-61.26842606448,
    58.582189662376));
#2365 = CARTESIAN_POINT('',(20.152905818633,-61.26842606449,
    58.213337862843));
#2366 = CARTESIAN_POINT('',(21.469931852078,-61.26842606449,
    57.572436750662));
#2367 = CARTESIAN_POINT('',(21.901659511818,-61.26842606448,
    57.34385717846));
#2368 = CARTESIAN_POINT('',(22.750405552028,-61.26842606448,
    56.856504049352));
#2369 = CARTESIAN_POINT('',(23.167404481689,-61.26842606448,
    56.597738436848));
#2370 = CARTESIAN_POINT('',(24.385355546532,-61.26842606449,
    55.782175728063));
#2371 = CARTESIAN_POINT('',(25.157038030203,-61.27039480445,
    55.184252882824));
#2372 = CARTESIAN_POINT('',(25.887412923851,-61.26675576218,
    54.530746091567));
#2373 = B_SPLINE_SURFACE_WITH_KNOTS('',3,1,(
    (#2374,#2375)
    ,(#2376,#2377)
    ,(#2378,#2379)
    ,(#2380,#2381)
    ,(#2382,#2383)
    ,(#2384,#2385)
    ,(#2386,#2387)
    ,(#2388,#2389)
    ,(#2390,#2391)
    ,(#2392,#2393)
    ,(#2394,#2395)
    ,(#2396,#2397)
    ,(#2398,#2399)
    ,(#2400,#2401
    )),.UNSPECIFIED.,.F.,.F.,.F.,(4,2,2,2,2,2,4),(2,2),(0.508702510372,
    0.5625,0.625,0.75,0.8125,0.875,1.),(0.,1.),.UNSPECIFIED.);
#2374 = CARTESIAN_POINT('',(25.887412923848,-63.05139804661,
    54.530746091564));
#2375 = CARTESIAN_POINT('',(25.887412923848,-54.95197973332,
    54.530746091564));
#2376 = CARTESIAN_POINT('',(25.454214827848,-63.05139804661,
    54.918352374527));
#2377 = CARTESIAN_POINT('',(25.454214827848,-54.95197973332,
    54.918352374527));
#2378 = CARTESIAN_POINT('',(25.001411201067,-63.05139804661,
    55.29052041818));
#2379 = CARTESIAN_POINT('',(25.001411201067,-54.95197973332,
    55.29052041818));
#2380 = CARTESIAN_POINT('',(23.997879947926,-63.05139804661,
    56.047337681324));
#2381 = CARTESIAN_POINT('',(23.997879947926,-54.95197973332,
    56.047337681324));
#2382 = CARTESIAN_POINT('',(23.442594661822,-63.05139804661,
    56.425370054312));
#2383 = CARTESIAN_POINT('',(23.442594661822,-54.95197973332,
    56.425370054312));
#2384 = CARTESIAN_POINT('',(21.73074322035,-63.05139804661,
    57.476843094663));
#2385 = CARTESIAN_POINT('',(21.73074322035,-54.95197973332,
    57.476843094663));
#2386 = CARTESIAN_POINT('',(20.528590797457,-63.05139804661,
    58.068394956781));
#2387 = CARTESIAN_POINT('',(20.528590797457,-54.95197973332,
    58.068394956781));
#2388 = CARTESIAN_POINT('',(18.633696859732,-63.05139804661,
    58.791059956004));
#2389 = CARTESIAN_POINT('',(18.633696859732,-54.95197973332,
    58.791059956004));
#2390 = CARTESIAN_POINT('',(17.987000312247,-63.05139804661,
    59.003738171467));
#2391 = CARTESIAN_POINT('',(17.987000312247,-54.95197973332,
    59.003738171467));
#2392 = CARTESIAN_POINT('',(16.69001129768,-63.05139804661,
    59.365371167133));
#2393 = CARTESIAN_POINT('',(16.69001129768,-54.95197973332,
    59.365371167133));
#2394 = CARTESIAN_POINT('',(16.036371206729,-63.05139804661,
    59.515696506951));
#2395 = CARTESIAN_POINT('',(16.036371206729,-54.95197973332,
    59.515696506951));
#2396 = CARTESIAN_POINT('',(14.060366899916,-63.05139804661,
    59.877289145878));
#2397 = CARTESIAN_POINT('',(14.060366899916,-54.95197973332,
    59.877289145878));
#2398 = CARTESIAN_POINT('',(12.723058200912,-63.05139804661,60.));
#2399 = CARTESIAN_POINT('',(12.723058200912,-54.95197973332,60.));
#2400 = CARTESIAN_POINT('',(11.365041237352,-63.05139804661,60.));
#2401 = CARTESIAN_POINT('',(11.365041237352,-54.95197973332,60.));
#2402 = ADVANCED_FACE('',(#2403),#2454,.F.);
#2403 = FACE_BOUND('',#2404,.F.);
#2404 = EDGE_LOOP('',(#2405,#2426,#2435,#2446,#2453));
#2405 = ORIENTED_EDGE('',*,*,#2406,.T.);
#2406 = EDGE_CURVE('',#1371,#2407,#2409,.T.);
#2407 = VERTEX_POINT('',#2408);
#2408 = CARTESIAN_POINT('',(25.964867315807,-52.00045669387,
    55.32810771148));
#2409 = B_SPLINE_CURVE_WITH_KNOTS('',3,(#2410,#2411,#2412,#2413,#2414,
    #2415,#2416,#2417,#2418,#2419,#2420,#2421,#2422,#2423,#2424,#2425),
  .UNSPECIFIED.,.F.,.F.,(4,2,2,2,2,2,2,4),(-3.765564501458E-05,
    3.95132900382E-03,5.945821328237E-03,7.940313652655E-03,
    1.192929830149E-02,1.392379062591E-02,1.492103678812E-02,
    1.591828295032E-02),.UNSPECIFIED.);
#2410 = CARTESIAN_POINT('',(11.365041237352,-55.,60.));
#2411 = CARTESIAN_POINT('',(12.663240824996,-54.71246130598,60.));
#2412 = CARTESIAN_POINT('',(13.96039471952,-54.45373490178,
    59.902813602257));
#2413 = CARTESIAN_POINT('',(15.89019131409,-54.05282967021,
    59.60921543283));
#2414 = CARTESIAN_POINT('',(16.52952684404,-53.91803122343,
    59.487005825986));
#2415 = CARTESIAN_POINT('',(17.795782389287,-53.65351637373,
    59.19394141692));
#2416 = CARTESIAN_POINT('',(18.42345285257,-53.52312189383,
    59.022960797593));
#2417 = CARTESIAN_POINT('',(20.28872417241,-53.13221183423,
    58.435598027274));
#2418 = CARTESIAN_POINT('',(21.488620479718,-52.88094532607,
    57.951229265295));
#2419 = CARTESIAN_POINT('',(23.219734589562,-52.5228718998,
    57.082801305757));
#2420 = CARTESIAN_POINT('',(23.785277107004,-52.40535740368,
    56.769796714821));
#2421 = CARTESIAN_POINT('',(24.61569722967,-52.23315258492,
    56.263187380249));
#2422 = CARTESIAN_POINT('',(24.890267805646,-52.18872108277,
    56.084703408756));
#2423 = CARTESIAN_POINT('',(25.432439146946,-52.09333843649,
    55.716520423634));
#2424 = CARTESIAN_POINT('',(25.700528991195,-52.04658091942,
    55.525581783224));
#2425 = CARTESIAN_POINT('',(25.964867315807,-52.00045669387,
    55.32810771148));
#2426 = ORIENTED_EDGE('',*,*,#2427,.F.);
#2427 = EDGE_CURVE('',#2428,#2407,#2430,.T.);
#2428 = VERTEX_POINT('',#2429);
#2429 = CARTESIAN_POINT('',(25.964396727554,-52.02690684205,
    55.321390220923));
#2430 = B_SPLINE_CURVE_WITH_KNOTS('',3,(#2431,#2432,#2433,#2434),
  .UNSPECIFIED.,.F.,.F.,(4,4),(0.,2.729389072822E-05),
  .PIECEWISE_BEZIER_KNOTS.);
#2431 = CARTESIAN_POINT('',(25.964396727554,-52.02690684205,
    55.321390220923));
#2432 = CARTESIAN_POINT('',(25.964550879731,-52.01808945045,
    55.323626911264));
#2433 = CARTESIAN_POINT('',(25.964707744244,-52.0092727325,
    55.325866073446));
#2434 = CARTESIAN_POINT('',(25.964867315807,-52.00045669387,
    55.32810771148));
#2435 = ORIENTED_EDGE('',*,*,#2436,.F.);
#2436 = EDGE_CURVE('',#2437,#2428,#2439,.T.);
#2437 = VERTEX_POINT('',#2438);
#2438 = CARTESIAN_POINT('',(25.888512524792,-58.01144041981,
    54.532088555624));
#2439 = B_SPLINE_CURVE_WITH_KNOTS('',3,(#2440,#2441,#2442,#2443,#2444,
    #2445),.UNSPECIFIED.,.F.,.F.,(4,2,4),(0.,3.025376901462E-03,
    6.050753802923E-03),.UNSPECIFIED.);
#2440 = CARTESIAN_POINT('',(25.888512524792,-58.01144041981,
    54.532088555624));
#2441 = CARTESIAN_POINT('',(25.895347793065,-57.00232528856,
    54.540441704522));
#2442 = CARTESIAN_POINT('',(25.905772965658,-55.99475885065,
    54.613202355291));
#2443 = CARTESIAN_POINT('',(25.931773728833,-53.99546772318,
    54.879783881036));
#2444 = CARTESIAN_POINT('',(25.947299118712,-53.00487753865,
    55.073310322683));
#2445 = CARTESIAN_POINT('',(25.964396727554,-52.02690684205,
    55.321390220923));
#2446 = ORIENTED_EDGE('',*,*,#2447,.F.);
#2447 = EDGE_CURVE('',#2329,#2437,#2448,.T.);
#2448 = B_SPLINE_CURVE_WITH_KNOTS('',3,(#2449,#2450,#2451,#2452),
  .UNSPECIFIED.,.F.,.F.,(4,4),(0.,3.24490906535E-04),
  .PIECEWISE_BEZIER_KNOTS.);
#2449 = CARTESIAN_POINT('',(25.887412923844,-58.33592668622,
    54.530746091571));
#2450 = CARTESIAN_POINT('',(25.887412923844,-58.22776305071,
    54.530746091571));
#2451 = CARTESIAN_POINT('',(25.887779917425,-58.11959786884,
    54.531193261075));
#2452 = CARTESIAN_POINT('',(25.888512524792,-58.01144041981,
    54.532088555624));
#2453 = ORIENTED_EDGE('',*,*,#2328,.T.);
#2454 = ( BOUNDED_SURFACE() B_SPLINE_SURFACE(3,2,(
    (#2455,#2456,#2457)
    ,(#2458,#2459,#2460)
    ,(#2461,#2462,#2463)
    ,(#2464,#2465,#2466)
    ,(#2467,#2468,#2469)
    ,(#2470,#2471,#2472)
    ,(#2473,#2474,#2475)
    ,(#2476,#2477,#2478)
    ,(#2479,#2480,#2481)
    ,(#2482,#2483,#2484)
    ,(#2485,#2486,#2487)
    ,(#2488,#2489,#2490)
    ,(#2491,#2492,#2493)
    ,(#2494,#2495,#2496)
    ,(#2497,#2498,#2499)
    ,(#2500,#2501,#2502)
    ,(#2503,#2504,#2505)
    ,(#2506,#2507,#2508)
    ,(#2509,#2510,#2511)
    ,(#2512,#2513,#2514)
    ,(#2515,#2516,#2517)
    ,(#2518,#2519,#2520)
    ,(#2521,#2522,#2523)
    ,(#2524,#2525,#2526)
    ,(#2527,#2528,#2529)
    ,(#2530,#2531,#2532)
    ,(#2533,#2534,#2535)
    ,(#2536,#2537,#2538)
    ,(#2539,#2540,#2541)
    ,(#2542,#2543,#2544)
    ,(#2545,#2546,#2547)
    ,(#2548,#2549,#2550)
    ,(#2551,#2552,#2553)
    ,(#2554,#2555,#2556)
    ,(#2557,#2558,#2559)
    ,(#2560,#2561,#2562)
    ,(#2563,#2564,#2565)
    ,(#2566,#2567,#2568
)),.UNSPECIFIED.,.F.,.F.,.F.) B_SPLINE_SURFACE_WITH_KNOTS((4,2,2,2,2,2,2
    ,2,2,2,2,2,2,2,2,2,2,2,4),(3,3),(-8.274719315274E-05,
    4.659887427055E-03,7.031204737159E-03,9.402522047262E-03,
    1.177383935737E-02,1.295949801242E-02,1.414515666747E-02,
    1.651647397757E-02,1.888779128768E-02,2.007344994273E-02,
    2.125910859778E-02,2.363042590789E-02,2.837306052809E-02,
    3.07443778382E-02,3.133720716572E-02,3.193003649325E-02,
    3.31156951483E-02,3.54870124584E-02,3.785832976851E-02),(0.,1.),
.UNSPECIFIED.) GEOMETRIC_REPRESENTATION_ITEM() RATIONAL_B_SPLINE_SURFACE
((
    (1.,1.,1.)
    ,(1.,1.000000036166,1.)
    ,(1.,0.999961616635,1.)
    ,(1.,0.999848585475,1.)
    ,(1.,0.999801679197,1.)
    ,(1.,0.9996898802,1.)
    ,(1.,0.999625051263,1.)
    ,(1.,0.999477686756,1.)
    ,(1.,0.999395157862,1.)
    ,(1.,0.999258403197,1.)
    ,(1.,0.999210658706,1.)
    ,(1.,0.999110909561,1.)
    ,(1.,0.99905899267,1.)
    ,(1.,0.998896415091,1.)
    ,(1.,0.998779779444,1.)
    ,(1.,0.998530063376,1.)
    ,(1.,0.998396714105,1.)
    ,(1.,0.998186371673,1.)
    ,(1.,0.998114863311,1.)
    ,(1.,0.997968197147,1.)
    ,(1.,0.997893202807,1.)
    ,(1.,0.997663448374,1.)
    ,(1.,0.997503915203,1.)
    ,(1.,0.997007976955,1.)
    ,(1.,0.996654208173,1.)
    ,(1.,0.996096315053,1.)
    ,(1.,0.995905357097,1.)
    ,(1.,0.995661554273,1.)
    ,(1.,0.995610275836,1.)
    ,(1.,0.995519367063,1.)
    ,(1.,0.995473768842,1.)
    ,(1.,0.995336573799,1.)
    ,(1.,0.995244576433,1.)
    ,(1.,0.994967237037,1.)
    ,(1.,0.994779956335,1.)
    ,(1.,0.994404328682,1.)
    ,(1.,0.99421620413,1.)
,(1.,0.994027826358,1.))) REPRESENTATION_ITEM('') SURFACE() );
#2455 = CARTESIAN_POINT('',(11.365041237357,-54.99999999999,60.));
#2456 = CARTESIAN_POINT('',(11.365041237355,-54.99999999999,60.));
#2457 = CARTESIAN_POINT('',(11.365041237352,-54.99999999999,60.));
#2458 = CARTESIAN_POINT('',(12.076747426753,-54.84236394,60.));
#2459 = CARTESIAN_POINT('',(12.06308835374,-54.99330703844,
    60.000000000033));
#2460 = CARTESIAN_POINT('',(12.049422186768,-55.14422989831,60.));
#2461 = CARTESIAN_POINT('',(12.782067690144,-54.69450263722,
    59.970937783225));
#2462 = CARTESIAN_POINT('',(12.753084601743,-54.99568871658,
    59.967623038731));
#2463 = CARTESIAN_POINT('',(12.724005908793,-55.29687537402,
    59.968941970646));
#2464 = CARTESIAN_POINT('',(13.830635514464,-54.47805096088,
    59.884931343566));
#2465 = CARTESIAN_POINT('',(13.777750858512,-55.00270850945,
    59.87217663796));
#2466 = CARTESIAN_POINT('',(13.72666618568,-55.52767256736,
    59.877501985625));
#2467 = CARTESIAN_POINT('',(14.178684441108,-54.40674263349,
    59.849188793227));
#2468 = CARTESIAN_POINT('',(14.117722189802,-55.00559353845,
    59.832530017396));
#2469 = CARTESIAN_POINT('',(14.059453694657,-55.60490297283,
    59.839519939508));
#2470 = CARTESIAN_POINT('',(14.872254881017,-54.26413602448,
    59.763666383835));
#2471 = CARTESIAN_POINT('',(14.795162171321,-55.01072067275,
    59.737673634147));
#2472 = CARTESIAN_POINT('',(14.723452765762,-55.75821558449,
    59.748500826297));
#2473 = CARTESIAN_POINT('',(15.217779304113,-54.19282569474,
    59.713886694368));
#2474 = CARTESIAN_POINT('',(15.133304647014,-55.0129505535,
    59.68234341366));
#2475 = CARTESIAN_POINT('',(15.055982840762,-55.8342851894,
    59.695222171065));
#2476 = CARTESIAN_POINT('',(15.906695261654,-54.04860007061,
    59.600337744833));
#2477 = CARTESIAN_POINT('',(15.805101851692,-55.01509401643,
    59.556557725981));
#2478 = CARTESIAN_POINT('',(15.715372308763,-55.98358904112,
    59.57431107466));
#2479 = CARTESIAN_POINT('',(16.249862847174,-53.97661091756,
    59.53655386448));
#2480 = CARTESIAN_POINT('',(16.13897927612,-55.01595488234,
    59.486035698148));
#2481 = CARTESIAN_POINT('',(16.042878394728,-56.0577918568,
    59.506568246282));
#2482 = CARTESIAN_POINT('',(16.762531250541,-53.86937247592,
    59.43028827254));
#2483 = CARTESIAN_POINT('',(16.636992631749,-55.01748346915,
    59.368755118635));
#2484 = CARTESIAN_POINT('',(16.531731385781,-56.16900234323,
    59.393841703538));
#2485 = CARTESIAN_POINT('',(16.933077618828,-53.8337331818,
    59.393100968248));
#2486 = CARTESIAN_POINT('',(16.802545698067,-55.01801480638,
    59.327740675831));
#2487 = CARTESIAN_POINT('',(16.694281850267,-56.20603866358,
    59.354412352391));
#2488 = CARTESIAN_POINT('',(17.273492631742,-53.76261892245,
    59.31517700065));
#2489 = CARTESIAN_POINT('',(17.132794871784,-55.01906715997,
    59.241851598537));
#2490 = CARTESIAN_POINT('',(17.01873107091,-56.27999039148,
    59.27179396266));
#2491 = CARTESIAN_POINT('',(17.443362475891,-53.72713902519,
    59.274440453287));
#2492 = CARTESIAN_POINT('',(17.29810835399,-55.01958336946,
    59.196810116737));
#2493 = CARTESIAN_POINT('',(17.181855534092,-56.31690064429,
    59.228263122173));
#2494 = CARTESIAN_POINT('',(17.951979505722,-53.62081911566,
    59.146872317903));
#2495 = CARTESIAN_POINT('',(17.789155426955,-55.02098032952,
    59.056848766036));
#2496 = CARTESIAN_POINT('',(17.663033827057,-56.42731450845,
    59.094006183189));
#2497 = CARTESIAN_POINT('',(18.289547976367,-53.55086400462,
    59.054663488608));
#2498 = CARTESIAN_POINT('',(18.116046375129,-55.02249377937,
    58.955414117038));
#2499 = CARTESIAN_POINT('',(17.985221768549,-56.50130084639,
    58.996166814066));
#2500 = CARTESIAN_POINT('',(18.962224879783,-53.41030907087,
    58.855713237802));
#2501 = CARTESIAN_POINT('',(18.765926352866,-55.02410326595,
    58.737016427295));
#2502 = CARTESIAN_POINT('',(18.626156439809,-56.64739882985,
    58.785292692541));
#2503 = CARTESIAN_POINT('',(19.297841742809,-53.33970521404,
    58.748753575837));
#2504 = CARTESIAN_POINT('',(19.089404356623,-55.0243100182,
    58.619813750555));
#2505 = CARTESIAN_POINT('',(18.945373838016,-56.71973912962,
    58.67203840358));
#2506 = CARTESIAN_POINT('',(19.793923336102,-53.23616870562,
    58.578893020166));
#2507 = CARTESIAN_POINT('',(19.564199035955,-55.02536820394,
    58.435022218445));
#2508 = CARTESIAN_POINT('',(19.412251618301,-56.82762030736,
    58.49421337235));
#2509 = CARTESIAN_POINT('',(19.958315482741,-53.2017546954,
    58.520659918466));
#2510 = CARTESIAN_POINT('',(19.722974255515,-55.02558546868,
    58.371126185798));
#2511 = CARTESIAN_POINT('',(19.57006102504,-56.8632498606,
    58.432039908156));
#2512 = CARTESIAN_POINT('',(20.285141459257,-53.13326644394,
    58.400989664538));
#2513 = CARTESIAN_POINT('',(20.036260412997,-55.02589412274,
    58.240742043942));
#2514 = CARTESIAN_POINT('',(19.879639407035,-56.93400334064,
    58.30592522432));
#2515 = CARTESIAN_POINT('',(20.44757256799,-53.09920270414,
    58.339552154056));
#2516 = CARTESIAN_POINT('',(20.191641172681,-55.0259967733,
    58.173931495562));
#2517 = CARTESIAN_POINT('',(20.033136412754,-56.96913816639,
    58.241325216067));
#2518 = CARTESIAN_POINT('',(20.931890242253,-52.99773658035,
    58.150456332206));
#2519 = CARTESIAN_POINT('',(20.654127407857,-55.02633970767,
    57.968660953462));
#2520 = CARTESIAN_POINT('',(20.489993678838,-57.07401590309,
    58.042874403283));
#2521 = CARTESIAN_POINT('',(21.250796768693,-52.93108204235,
    58.018016528766));
#2522 = CARTESIAN_POINT('',(20.95750797624,-55.02663839565,
    57.825391876739));
#2523 = CARTESIAN_POINT('',(20.789723112001,-57.14325637692,
    57.904379202438));
#2524 = CARTESIAN_POINT('',(22.19558590387,-52.73445541013,
    57.601694677668));
#2525 = CARTESIAN_POINT('',(21.853889009344,-55.02812970752,
    57.376328491272));
#2526 = CARTESIAN_POINT('',(21.676230818716,-57.34936310914,
    57.469894363017));
#2527 = CARTESIAN_POINT('',(22.809515861585,-52.6079826648,
    57.298838566928));
#2528 = CARTESIAN_POINT('',(22.432856108436,-55.0300856451,
    57.051444330334));
#2529 = CARTESIAN_POINT('',(22.250378014086,-57.48479230975,
    57.155007736354));
#2530 = CARTESIAN_POINT('',(23.707347821719,-52.4216829511,
    56.806578795002));
#2531 = CARTESIAN_POINT('',(23.2769710081,-55.03086133177,56.52520405472
    ));
#2532 = CARTESIAN_POINT('',(23.092832554936,-57.6812965263,
    56.641332278433));
#2533 = CARTESIAN_POINT('',(24.002744608332,-52.3602709773,
    56.636149149481));
#2534 = CARTESIAN_POINT('',(23.552707119436,-55.03087878118,
    56.344198838131));
#2535 = CARTESIAN_POINT('',(23.367284910996,-57.74581295324,
    56.465170882128));
#2536 = CARTESIAN_POINT('',(24.366989028144,-52.284725782,
    56.415072609004));
#2537 = CARTESIAN_POINT('',(23.891846515723,-55.03095557702,
    56.110061919843));
#2538 = CARTESIAN_POINT('',(23.705748302839,-57.82557429406,
    56.236718386501));
#2539 = CARTESIAN_POINT('',(24.44006058892,-52.26829735973,
    56.370455374242));
#2540 = CARTESIAN_POINT('',(23.959551324581,-55.03026524796,
    56.062731391584));
#2541 = CARTESIAN_POINT('',(23.773170619391,-57.84148394437,
    56.19063936889));
#2542 = CARTESIAN_POINT('',(24.583160703042,-52.24297697517,
    56.280413156743));
#2543 = CARTESIAN_POINT('',(24.09351235287,-55.032683452,55.967899859057
    ));
#2544 = CARTESIAN_POINT('',(23.907492227449,-57.87318205544,
    56.097690018976));
#2545 = CARTESIAN_POINT('',(24.654452371612,-52.2303770512,
    56.234987929812));
#2546 = CARTESIAN_POINT('',(24.16020476972,-55.03388190952,
    55.920100314402));
#2547 = CARTESIAN_POINT('',(23.974391879099,-57.88895798326,
    56.050819435205));
#2548 = CARTESIAN_POINT('',(24.867550727094,-52.19275406346,
    56.097494657234));
#2549 = CARTESIAN_POINT('',(24.359439591667,-55.03744214512,
    55.775534062733));
#2550 = CARTESIAN_POINT('',(24.174331763424,-57.93606321697,
    55.908998162787));
#2551 = CARTESIAN_POINT('',(25.008580651651,-52.16790861937,
    56.004209148593));
#2552 = CARTESIAN_POINT('',(24.491121152385,-55.03976935254,
    55.67761275011));
#2553 = CARTESIAN_POINT('',(24.306613113559,-57.96717095825,
    55.812838436061));
#2554 = CARTESIAN_POINT('',(25.428556171081,-52.0940178636,
    55.719436209309));
#2555 = CARTESIAN_POINT('',(24.882897708657,-55.04655174815,
    55.379088333284));
#2556 = CARTESIAN_POINT('',(24.700609836174,-58.05954425715,
    55.519331203131));
#2557 = CARTESIAN_POINT('',(25.704535048356,-52.0458827581,
    55.522848325641));
#2558 = CARTESIAN_POINT('',(25.138586191691,-55.05112783739,
    55.174491803452));
#2559 = CARTESIAN_POINT('',(24.957278026591,-58.12024695409,
    55.318602555886));
#2560 = CARTESIAN_POINT('',(26.247110619903,-51.95120735218,
    55.116987763791));
#2561 = CARTESIAN_POINT('',(25.64229746506,-55.05944452218,
    54.751710271424));
#2562 = CARTESIAN_POINT('',(25.466103726565,-58.23859816171,
    54.901005661857));
#2563 = CARTESIAN_POINT('',(26.512947969564,-51.90469292184,
    54.908330245646));
#2564 = CARTESIAN_POINT('',(25.888508247067,-55.0630534847,
    54.534949563744));
#2565 = CARTESIAN_POINT('',(25.715381219902,-58.29595420817,
    54.68636475367));
#2566 = CARTESIAN_POINT('',(26.773239067355,-51.85941783244,
    54.69387866244));
#2567 = CARTESIAN_POINT('',(26.127589044667,-55.06658791042,
    54.314165865119));
#2568 = CARTESIAN_POINT('',(25.956719337303,-58.35200802481,
    54.46845094014));
#2569 = ADVANCED_FACE('',(#2570),#2610,.T.);
#2570 = FACE_BOUND('',#2571,.T.);
#2571 = EDGE_LOOP('',(#2572,#2583,#2596,#2597,#2598,#2599));
#2572 = ORIENTED_EDGE('',*,*,#2573,.F.);
#2573 = EDGE_CURVE('',#2574,#2576,#2578,.T.);
#2574 = VERTEX_POINT('',#2575);
#2575 = CARTESIAN_POINT('',(26.167388738428,-27.71290753573,
    58.954009285638));
#2576 = VERTEX_POINT('',#2577);
#2577 = CARTESIAN_POINT('',(26.221078218376,-28.77770340959,
    58.852112749249));
#2578 = B_SPLINE_CURVE_WITH_KNOTS('',3,(#2579,#2580,#2581,#2582),
  .UNSPECIFIED.,.F.,.F.,(4,4),(1.520197328524E-03,2.591585603573E-03),
  .PIECEWISE_BEZIER_KNOTS.);
#2579 = CARTESIAN_POINT('',(26.167388738428,-27.71290753573,
    58.954009285638));
#2580 = CARTESIAN_POINT('',(26.205324377102,-28.06585651712,
    58.914733132823));
#2581 = CARTESIAN_POINT('',(26.223141637255,-28.42139522042,
    58.880440085805));
#2582 = CARTESIAN_POINT('',(26.221078218376,-28.77770340959,
    58.852112749249));
#2583 = ORIENTED_EDGE('',*,*,#2584,.T.);
#2584 = EDGE_CURVE('',#2574,#1843,#2585,.T.);
#2585 = B_SPLINE_CURVE_WITH_KNOTS('',3,(#2586,#2587,#2588,#2589,#2590,
    #2591,#2592,#2593,#2594,#2595),.UNSPECIFIED.,.F.,.F.,(4,2,2,2,4),(
    1.881595308662E-15,1.348524679954E-03,2.697049359905E-03,
    4.045574039857E-03,5.394098719809E-03),.UNSPECIFIED.);
#2586 = CARTESIAN_POINT('',(26.167388738428,-27.71290753573,
    58.954009285638));
#2587 = CARTESIAN_POINT('',(25.745912065295,-27.80024241424,
    59.085649599493));
#2588 = CARTESIAN_POINT('',(25.316223362703,-27.86212692619,
    59.208318395058));
#2589 = CARTESIAN_POINT('',(24.449138291221,-27.92740519483,
    59.430419679878));
#2590 = CARTESIAN_POINT('',(24.013600169392,-27.93085674601,
    59.529460198395));
#2591 = CARTESIAN_POINT('',(23.138200131102,-27.87489853593,
    59.701554719474));
#2592 = CARTESIAN_POINT('',(22.695722141158,-27.81469557413,
    59.774853949638));
#2593 = CARTESIAN_POINT('',(21.826424003713,-27.63058312608,
    59.890492857796));
#2594 = CARTESIAN_POINT('',(21.398087005769,-27.50696782962,
    59.933298573177));
#2595 = CARTESIAN_POINT('',(20.975999443922,-27.35206982805,
    59.96115780101));
#2596 = ORIENTED_EDGE('',*,*,#1842,.F.);
#2597 = ORIENTED_EDGE('',*,*,#1378,.T.);
#2598 = ORIENTED_EDGE('',*,*,#2406,.T.);
#2599 = ORIENTED_EDGE('',*,*,#2600,.F.);
#2600 = EDGE_CURVE('',#2576,#2407,#2601,.T.);
#2601 = B_SPLINE_CURVE_WITH_KNOTS('',3,(#2602,#2603,#2604,#2605,#2606,
    #2607,#2608,#2609),.UNSPECIFIED.,.F.,.F.,(4,2,2,4),(
    1.055128353052E-15,1.176064286589E-02,1.764096429883E-02,
    2.352128573177E-02),.UNSPECIFIED.);
#2602 = CARTESIAN_POINT('',(26.221078218376,-28.77770340959,
    58.852112749249));
#2603 = CARTESIAN_POINT('',(26.198446867467,-32.68565236815,
    58.541421643187));
#2604 = CARTESIAN_POINT('',(26.168379790781,-36.58588516651,
    58.133634174713));
#2605 = CARTESIAN_POINT('',(26.106541863017,-42.40509727034,
    57.289628671448));
#2606 = CARTESIAN_POINT('',(26.082634396146,-44.33945544234,
    56.969493543288));
#2607 = CARTESIAN_POINT('',(26.028909222421,-48.18668561362,
    56.230345791698));
#2608 = CARTESIAN_POINT('',(25.999256285271,-50.10052868212,
    55.811198935563));
#2609 = CARTESIAN_POINT('',(25.964867315807,-52.00045669387,
    55.32810771148));
#2610 = ( BOUNDED_SURFACE() B_SPLINE_SURFACE(3,2,(
    (#2611,#2612,#2613)
    ,(#2614,#2615,#2616)
    ,(#2617,#2618,#2619)
    ,(#2620,#2621,#2622)
    ,(#2623,#2624,#2625)
    ,(#2626,#2627,#2628)
    ,(#2629,#2630,#2631)
    ,(#2632,#2633,#2634)
    ,(#2635,#2636,#2637)
    ,(#2638,#2639,#2640)
    ,(#2641,#2642,#2643)
    ,(#2644,#2645,#2646)
    ,(#2647,#2648,#2649)
    ,(#2650,#2651,#2652)
    ,(#2653,#2654,#2655)
    ,(#2656,#2657,#2658)
    ,(#2659,#2660,#2661)
    ,(#2662,#2663,#2664)
    ,(#2665,#2666,#2667)
    ,(#2668,#2669,#2670
)),.UNSPECIFIED.,.F.,.F.,.F.) B_SPLINE_SURFACE_WITH_KNOTS((4,2,2,2,2,2,2
    ,2,2,4),(3,3),(0.118789917736,0.122586148229,0.124484263476,
    0.1254333211,0.125670585506,0.125789217708,0.125907849911,
    0.126382378723,0.13397483971,0.149159761685),(0.550512322475,1.),
.UNSPECIFIED.) GEOMETRIC_REPRESENTATION_ITEM() RATIONAL_B_SPLINE_SURFACE
((
    (0.855048021597,0.868348107313,1.)
    ,(0.855048021597,0.868348107313,1.)
    ,(0.855048021597,0.868348107313,1.)
    ,(0.855048021597,0.868348107313,1.)
    ,(0.855048021597,0.868348107313,1.)
    ,(0.855048021597,0.868348107313,1.)
    ,(0.855048021597,0.868348107313,1.)
    ,(0.855048021597,0.868348107313,1.)
    ,(0.855048021597,0.868348107313,1.)
    ,(0.855048021597,0.868348107313,1.)
    ,(0.855048021597,0.868348107313,1.)
    ,(0.855048021597,0.868348107313,1.)
    ,(0.855048021597,0.868348107313,1.)
    ,(0.855048021597,0.868348107313,1.)
    ,(0.855048021597,0.868348107313,1.)
    ,(0.855048021597,0.868348107313,1.)
    ,(0.855048021597,0.868348107313,1.)
    ,(0.855048021597,0.868348107313,1.)
    ,(0.855048021597,0.868348107313,1.)
,(0.855048021597,0.868348107313,1.
  ))) REPRESENTATION_ITEM('') SURFACE() );
#2611 = CARTESIAN_POINT('',(23.524678261907,-59.34446471354,
    55.274202918583));
#2612 = CARTESIAN_POINT('',(18.234186076573,-57.53703400885,60.));
#2613 = CARTESIAN_POINT('',(11.306829914639,-55.17038913144,60.));
#2614 = CARTESIAN_POINT('',(23.933774502092,-58.14700776201,
    55.274202918606));
#2615 = CARTESIAN_POINT('',(18.643282316759,-56.33957705732,
    60.000000000013));
#2616 = CARTESIAN_POINT('',(11.715926154827,-53.97293217991,60.));
#2617 = CARTESIAN_POINT('',(24.342870742273,-56.94955081049,
    55.274202918583));
#2618 = CARTESIAN_POINT('',(19.05237855694,-55.1421201058,60.));
#2619 = CARTESIAN_POINT('',(12.125022395004,-52.77547522839,60.));
#2620 = CARTESIAN_POINT('',(24.956515102545,-55.1533653832,
    55.274202918583));
#2621 = CARTESIAN_POINT('',(19.66602291721,-53.3459346785,60.));
#2622 = CARTESIAN_POINT('',(12.738666755277,-50.97928980109,60.));
#2623 = CARTESIAN_POINT('',(25.161063222637,-54.55463690744,
    55.274202918583));
#2624 = CARTESIAN_POINT('',(19.870571037303,-52.74720620275,60.));
#2625 = CARTESIAN_POINT('',(12.943214875369,-50.38056132533,60.));
#2626 = CARTESIAN_POINT('',(25.467885402774,-53.65654419379,
    55.274202918583));
#2627 = CARTESIAN_POINT('',(20.17739321744,-51.8491134891,60.));
#2628 = CARTESIAN_POINT('',(13.250037055506,-49.48246861168,60.));
#2629 = CARTESIAN_POINT('',(25.570159462818,-53.35717995591,
    55.274202918583));
#2630 = CARTESIAN_POINT('',(20.279667277484,-51.54974925122,60.));
#2631 = CARTESIAN_POINT('',(13.35231111555,-49.1831043738,60.));
#2632 = CARTESIAN_POINT('',(25.698002037876,-52.98297465856,
    55.274202918583));
#2633 = CARTESIAN_POINT('',(20.407509852543,-51.17554395387,60.));
#2634 = CARTESIAN_POINT('',(13.480153690608,-48.80889907645,60.));
#2635 = CARTESIAN_POINT('',(25.723570552888,-52.90813359909,
    55.274202918583));
#2636 = CARTESIAN_POINT('',(20.433078367554,-51.10070289439,60.));
#2637 = CARTESIAN_POINT('',(13.50572220562,-48.73405801698,60.));
#2638 = CARTESIAN_POINT('',(25.761923325405,-52.79587200988,
    55.274202918583));
#2639 = CARTESIAN_POINT('',(20.471431140071,-50.98844130519,60.));
#2640 = CARTESIAN_POINT('',(13.544074978137,-48.62179642778,60.));
#2641 = CARTESIAN_POINT('',(25.77470758291,-52.75845148015,
    55.274202918583));
#2642 = CARTESIAN_POINT('',(20.484215397576,-50.95102077545,60.));
#2643 = CARTESIAN_POINT('',(13.556859235642,-48.58437589804,60.));
#2644 = CARTESIAN_POINT('',(25.800276097922,-52.68361042067,
    55.274202918583));
#2645 = CARTESIAN_POINT('',(20.509783912588,-50.87617971598,60.));
#2646 = CARTESIAN_POINT('',(13.582427750654,-48.50953483857,60.));
#2647 = CARTESIAN_POINT('',(25.81421959298,-52.6427777077,
    55.274202918583));
#2648 = CARTESIAN_POINT('',(20.523223052338,-50.83682371933,60.));
#2649 = CARTESIAN_POINT('',(13.595206488926,-48.47211245029,60.));
#2650 = CARTESIAN_POINT('',(25.881565940691,-52.44536093163,
    55.274202918583));
#2651 = CARTESIAN_POINT('',(20.589049995857,-50.64386087265,60.));
#2652 = CARTESIAN_POINT('',(13.659043928706,-48.2849815667,60.));
#2653 = CARTESIAN_POINT('',(25.935285233222,-52.28736798315,
    55.274202918583));
#2654 = CARTESIAN_POINT('',(20.641556521702,-50.48943476501,60.));
#2655 = CARTESIAN_POINT('',(13.709962461131,-48.13522587081,60.));
#2656 = CARTESIAN_POINT('',(26.845826497111,-49.60047519574,
    55.274202918583));
#2657 = CARTESIAN_POINT('',(21.531527971699,-47.86324091214,60.));
#2658 = CARTESIAN_POINT('',(14.572999852442,-45.5885110387,60.));
#2659 = CARTESIAN_POINT('',(27.662349349261,-47.05638334425,
    55.274202918583));
#2660 = CARTESIAN_POINT('',(22.32940222616,-45.37722192482,60.));
#2661 = CARTESIAN_POINT('',(15.34645568351,-43.17853250268,60.));
#2662 = CARTESIAN_POINT('',(29.987369682855,-39.37789130326,
    55.274202918583));
#2663 = CARTESIAN_POINT('',(24.600865555903,-37.87560447794,60.));
#2664 = CARTESIAN_POINT('',(17.54779161724,-35.90851417105,60.));
#2665 = CARTESIAN_POINT('',(31.366792012608,-34.21202149903,
    55.274202918674));
#2666 = CARTESIAN_POINT('',(25.947880688127,-32.83085936621,
    60.000000000051));
#2667 = CARTESIAN_POINT('',(18.852372852653,-31.02236940418,60.));
#2668 = CARTESIAN_POINT('',(32.569746992367,-29.00104840425,
    55.274202918583));
#2669 = CARTESIAN_POINT('',(27.122298693183,-27.74350304004,60.));
#2670 = CARTESIAN_POINT('',(19.989424620184,-26.09687654055,60.));
#2671 = ADVANCED_FACE('',(#2672),#2711,.T.);
#2672 = FACE_BOUND('',#2673,.T.);
#2673 = EDGE_LOOP('',(#2674,#2675,#2684,#2693,#2702));
#2674 = ORIENTED_EDGE('',*,*,#1662,.T.);
#2675 = ORIENTED_EDGE('',*,*,#2676,.T.);
#2676 = EDGE_CURVE('',#1663,#2677,#2679,.T.);
#2677 = VERTEX_POINT('',#2678);
#2678 = CARTESIAN_POINT('',(22.116594055995,-25.97744732607,
    59.61003472461));
#2679 = CIRCLE('',#2680,4.);
#2680 = AXIS2_PLACEMENT_3D('',#2681,#2682,#2683);
#2681 = CARTESIAN_POINT('',(21.376533174843,-27.16683088507,
    55.863345967616));
#2682 = DIRECTION('',(0.927080058037,0.263392171683,-0.26673419332));
#2683 = DIRECTION('',(-0.276497645062,-1.357386425482E-13,
    -0.961014595246));
#2684 = ORIENTED_EDGE('',*,*,#2685,.T.);
#2685 = EDGE_CURVE('',#2677,#2686,#2688,.T.);
#2686 = VERTEX_POINT('',#2687);
#2687 = CARTESIAN_POINT('',(25.304495074652,-24.81463187116,
    58.611212921194));
#2688 = B_SPLINE_CURVE_WITH_KNOTS('',3,(#2689,#2690,#2691,#2692),
  .UNSPECIFIED.,.F.,.F.,(4,4),(1.418912452298E-03,4.955971621178E-03),
  .PIECEWISE_BEZIER_KNOTS.);
#2689 = CARTESIAN_POINT('',(22.116594055995,-25.97744732607,
    59.61003472461));
#2690 = CARTESIAN_POINT('',(23.213478986294,-25.6658119917,
    59.294445240712));
#2691 = CARTESIAN_POINT('',(24.281446826751,-25.29003810601,
    58.964206840132));
#2692 = CARTESIAN_POINT('',(25.304495074652,-24.81463187116,
    58.611212921194));
#2693 = ORIENTED_EDGE('',*,*,#2694,.F.);
#2694 = EDGE_CURVE('',#2695,#2686,#2697,.T.);
#2695 = VERTEX_POINT('',#2696);
#2696 = CARTESIAN_POINT('',(25.294444216133,-24.79441539705,
    58.606709853173));
#2697 = B_SPLINE_CURVE_WITH_KNOTS('',3,(#2698,#2699,#2700,#2701),
  .UNSPECIFIED.,.F.,.F.,(4,4),(0.,2.302179845483E-05),
  .PIECEWISE_BEZIER_KNOTS.);
#2698 = CARTESIAN_POINT('',(25.294444216133,-24.79441539705,
    58.606709853173));
#2699 = CARTESIAN_POINT('',(25.29780689663,-24.80114403659,
    58.608228745752));
#2700 = CARTESIAN_POINT('',(25.301157214873,-24.807882928,58.60972978156
    ));
#2701 = CARTESIAN_POINT('',(25.304495074652,-24.81463187116,
    58.611212921194));
#2702 = ORIENTED_EDGE('',*,*,#2703,.F.);
#2703 = EDGE_CURVE('',#1654,#2695,#2704,.T.);
#2704 = B_SPLINE_CURVE_WITH_KNOTS('',3,(#2705,#2706,#2707,#2708,#2709,
    #2710),.UNSPECIFIED.,.F.,.F.,(4,2,4),(0.,1.288642385994E-03,
    2.577284771989E-03),.UNSPECIFIED.);
#2705 = CARTESIAN_POINT('',(23.999009910106,-22.96388554294,
    57.401962127065));
#2706 = CARTESIAN_POINT('',(24.212376472764,-23.18317707359,
    57.712197346924));
#2707 = CARTESIAN_POINT('',(24.438477222712,-23.44501465268,
    57.966883651799));
#2708 = CARTESIAN_POINT('',(24.889118452782,-24.06621110672,
    58.375732891484));
#2709 = CARTESIAN_POINT('',(25.103486273371,-24.41231333113,
    58.520455865476));
#2710 = CARTESIAN_POINT('',(25.294444216133,-24.79441539705,
    58.606709853173));
#2711 = ( BOUNDED_SURFACE() B_SPLINE_SURFACE(3,2,(
    (#2712,#2713,#2714)
    ,(#2715,#2716,#2717)
    ,(#2718,#2719,#2720)
    ,(#2721,#2722,#2723
)),.UNSPECIFIED.,.F.,.F.,.F.) B_SPLINE_SURFACE_WITH_KNOTS((4,4),(3,3),(
    2.365357172112E-02,2.722564827072E-02),(0.,1.),
.PIECEWISE_BEZIER_KNOTS.) GEOMETRIC_REPRESENTATION_ITEM() 
RATIONAL_B_SPLINE_SURFACE((
    (1.,0.947335551088,1.)
    ,(1.,0.94308891415,1.)
    ,(1.,0.937650281397,1.)
,(1.,0.931493570292,1.))) REPRESENTATION_ITEM('') SURFACE() );
#2712 = CARTESIAN_POINT('',(24.049663078047,-22.94449198459,
    57.389485370672));
#2713 = CARTESIAN_POINT('',(24.703594435895,-23.63043414639,
    58.353982521032));
#2714 = CARTESIAN_POINT('',(25.33530120523,-24.80027939825,
    58.60057178977));
#2715 = CARTESIAN_POINT('',(23.101328384525,-23.30965491746,
    57.623983392772));
#2716 = CARTESIAN_POINT('',(23.714511860063,-24.02809171857,
    58.675586150076));
#2717 = CARTESIAN_POINT('',(24.302831958872,-25.28254608333,
    58.957604426661));
#2718 = CARTESIAN_POINT('',(22.089479179232,-23.5836266084,
    57.823275976939));
#2719 = CARTESIAN_POINT('',(22.673031040806,-24.31944255722,
    58.97379269523));
#2720 = CARTESIAN_POINT('',(23.224122248034,-25.66278814256,
    59.291383022617));
#2721 = CARTESIAN_POINT('',(21.036988891099,-23.80453758892,
    58.0033678063));
#2722 = CARTESIAN_POINT('',(21.607330514926,-24.54393106547,
    59.255557816303));
#2723 = CARTESIAN_POINT('',(22.116594055995,-25.97744732607,
    59.61003472461));
#2724 = ADVANCED_FACE('',(#2725),#2752,.F.);
#2725 = FACE_BOUND('',#2726,.F.);
#2726 = EDGE_LOOP('',(#2727,#2738,#2751));
#2727 = ORIENTED_EDGE('',*,*,#2728,.T.);
#2728 = EDGE_CURVE('',#2686,#2729,#2731,.T.);
#2729 = VERTEX_POINT('',#2730);
#2730 = CARTESIAN_POINT('',(25.723762509965,-25.80148647348,
    58.841673807461));
#2731 = B_SPLINE_CURVE_WITH_KNOTS('',3,(#2732,#2733,#2734,#2735,#2736,
    #2737),.UNSPECIFIED.,.F.,.F.,(4,2,4),(2.29960799785E-05,
    1.051519346277E-03,1.119846104844E-03),.UNSPECIFIED.);
#2732 = CARTESIAN_POINT('',(25.304495074652,-24.81463187116,
    58.611212921194));
#2733 = CARTESIAN_POINT('',(25.454266050744,-25.11745939295,
    58.677761933203));
#2734 = CARTESIAN_POINT('',(25.586517994059,-25.42600297711,
    58.749585934072));
#2735 = CARTESIAN_POINT('',(25.708764976002,-25.75983607752,
    58.831414292867));
#2736 = CARTESIAN_POINT('',(25.716302535997,-25.78065155317,
    58.836533301266));
#2737 = CARTESIAN_POINT('',(25.723762509965,-25.80148647348,
    58.841673807461));
#2738 = ORIENTED_EDGE('',*,*,#2739,.F.);
#2739 = EDGE_CURVE('',#2677,#2729,#2740,.T.);
#2740 = B_SPLINE_CURVE_WITH_KNOTS('',3,(#2741,#2742,#2743,#2744,#2745,
    #2746,#2747,#2748,#2749,#2750),.UNSPECIFIED.,.F.,.F.,(4,2,2,2,4),(
    9.69584732813E-17,9.422676958453E-04,1.884535391691E-03,
    2.826803087536E-03,3.769070783381E-03),.UNSPECIFIED.);
#2741 = CARTESIAN_POINT('',(22.116594055995,-25.97744732607,
    59.61003472461));
#2742 = CARTESIAN_POINT('',(22.417469893888,-26.06670454688,
    59.578939169492));
#2743 = CARTESIAN_POINT('',(22.723428574675,-26.12809687799,
    59.537993942499));
#2744 = CARTESIAN_POINT('',(23.341505376205,-26.19556930256,
    59.437328022707));
#2745 = CARTESIAN_POINT('',(23.647496918697,-26.20116955845,
    59.378665151961));
#2746 = CARTESIAN_POINT('',(24.254176142773,-26.16339201286,
    59.246839002312));
#2747 = CARTESIAN_POINT('',(24.555839427033,-26.11976428411,
    59.173403679258));
#2748 = CARTESIAN_POINT('',(25.150086525364,-25.98975345836,
    59.014753786404));
#2749 = CARTESIAN_POINT('',(25.439946933635,-25.90417926651,
    58.930333940899));
#2750 = CARTESIAN_POINT('',(25.723762509965,-25.80148647348,
    58.841673807461));
#2751 = ORIENTED_EDGE('',*,*,#2685,.T.);
#2752 = B_SPLINE_SURFACE_WITH_KNOTS('',1,3,(
    (#2753,#2754,#2755,#2756,#2757,#2758,#2759,#2760,#2761,#2762,#2763
      ,#2764,#2765,#2766,#2767,#2768,#2769,#2770,#2771,#2772,#2773,#2774
      ,#2775,#2776,#2777,#2778,#2779,#2780,#2781,#2782,#2783,#2784,#2785
      ,#2786,#2787,#2788,#2789,#2790,#2791,#2792,#2793,#2794,#2795,#2796
      ,#2797,#2798,#2799,#2800,#2801,#2802,#2803,#2804,#2805,#2806,#2807
      ,#2808,#2809,#2810,#2811,#2812,#2813,#2814,#2815,#2816,#2817,#2818
      ,#2819,#2820,#2821,#2822,#2823,#2824,#2825,#2826,#2827,#2828,#2829
      ,#2830,#2831,#2832,#2833,#2834,#2835,#2836,#2837,#2838,#2839,#2840
      ,#2841,#2842,#2843,#2844,#2845,#2846,#2847,#2848,#2849,#2850,#2851
      ,#2852,#2853,#2854,#2855,#2856,#2857,#2858,#2859,#2860,#2861,#2862
      ,#2863,#2864,#2865,#2866,#2867,#2868,#2869,#2870,#2871,#2872,#2873
      ,#2874,#2875,#2876,#2877,#2878,#2879,#2880,#2881,#2882,#2883,#2884
      ,#2885,#2886,#2887,#2888,#2889,#2890,#2891,#2892,#2893,#2894,#2895
      ,#2896,#2897,#2898,#2899,#2900,#2901,#2902,#2903,#2904,#2905,#2906
      ,#2907,#2908,#2909,#2910,#2911,#2912,#2913,#2914,#2915,#2916,#2917
      ,#2918,#2919,#2920,#2921,#2922,#2923,#2924,#2925,#2926)
    ,(#2927,#2928,#2929,#2930,#2931,#2932,#2933,#2934,#2935,#2936,#2937
      ,#2938,#2939,#2940,#2941,#2942,#2943,#2944,#2945,#2946,#2947,#2948
      ,#2949,#2950,#2951,#2952,#2953,#2954,#2955,#2956,#2957,#2958,#2959
      ,#2960,#2961,#2962,#2963,#2964,#2965,#2966,#2967,#2968,#2969,#2970
      ,#2971,#2972,#2973,#2974,#2975,#2976,#2977,#2978,#2979,#2980,#2981
      ,#2982,#2983,#2984,#2985,#2986,#2987,#2988,#2989,#2990,#2991,#2992
      ,#2993,#2994,#2995,#2996,#2997,#2998,#2999,#3000,#3001,#3002,#3003
      ,#3004,#3005,#3006,#3007,#3008,#3009,#3010,#3011,#3012,#3013,#3014
      ,#3015,#3016,#3017,#3018,#3019,#3020,#3021,#3022,#3023,#3024,#3025
      ,#3026,#3027,#3028,#3029,#3030,#3031,#3032,#3033,#3034,#3035,#3036
      ,#3037,#3038,#3039,#3040,#3041,#3042,#3043,#3044,#3045,#3046,#3047
      ,#3048,#3049,#3050,#3051,#3052,#3053,#3054,#3055,#3056,#3057,#3058
      ,#3059,#3060,#3061,#3062,#3063,#3064,#3065,#3066,#3067,#3068,#3069
      ,#3070,#3071,#3072,#3073,#3074,#3075,#3076,#3077,#3078,#3079,#3080
      ,#3081,#3082,#3083,#3084,#3085,#3086,#3087,#3088,#3089,#3090,#3091
      ,#3092,#3093,#3094,#3095,#3096,#3097,#3098,#3099,#3100
  )),.UNSPECIFIED.,.F.,.F.,.F.,(2,2),(4,2,2,2,2,2,2,2,2,2,2,2,2,2,2,2,2,
    2,2,2,2,2,2,2,2,2,2,2,2,2,2,2,2,2,2,2,2,2,2,2,2,2,2,2,2,2,2,2,2,2,2,
    2,2,2,2,2,2,2,2,2,2,2,2,2,2,2,2,2,2,2,2,2,2,2,2,2,2,2,2,2,2,2,2,2,2,
    2,4),(0.,1.),(0.384421699407,0.396480666267,0.408539633127,
    0.414569116558,0.417583858273,0.420598599988,0.422105970845,
    0.422859656274,0.423236498988,0.423613341703,0.42380176306,
    0.423895973738,0.423943079078,0.423966631747,0.423990184417,
    0.424001960752,0.424013737087,0.424037289756,0.424084395096,
    0.424131500435,0.424178605774,0.424272816453,0.424367027131,
    0.424555448489,0.424743869846,0.42512071256,0.425874397989,
    0.426628083418,0.428135454275,0.428889139704,0.429642825133,
    0.430396510562,0.430773353276,0.43115019599,0.431527038705,
    0.431715460062,0.431903881419,0.432092302776,0.432280724133,
    0.432469145491,0.432563356169,0.432657566848,0.432751777526,
    0.432845988205,0.432940198884,0.433034409562,0.433128620241,
    0.433222830919,0.433411252277,0.433599673634,0.433788094991,
    0.434164937705,0.43454178042,0.434918623134,0.435672308563,
    0.436425993992,0.43717967942,0.437933364849,0.438687050278,
    0.439440735707,0.440194421135,0.44057126385,0.440948106564,
    0.441136527921,0.441324949279,0.441419159957,0.441513370636,
    0.441536923305,0.441560475975,0.441566364142,0.44157225231,
    0.441578140477,0.441584028645,0.441607581314,0.441654686654,
    0.441701791993,0.441796002672,0.44189021335,0.442078634707,
    0.442455477422,0.44320916285,0.444716533708,0.447731275423,
    0.450746017138,0.456775500568,0.468834467428,0.480893434289),
  .UNSPECIFIED.);
#2753 = CARTESIAN_POINT('',(78.604217484527,20.090709120738,
    33.828072436064));
#2754 = CARTESIAN_POINT('',(75.19130233542,22.214300769072,
    33.828072436064));
#2755 = CARTESIAN_POINT('',(71.778387186312,24.337892417406,
    33.828072436064));
#2756 = CARTESIAN_POINT('',(64.952556888098,28.585075714072,
    33.828072436064));
#2757 = CARTESIAN_POINT('',(61.539641738991,30.708667362406,
    33.828072436064));
#2758 = CARTESIAN_POINT('',(56.42026901533,33.894054834906,
    33.828072436064));
#2759 = CARTESIAN_POINT('',(54.713811440776,34.955850659073,
    33.828072436064));
#2760 = CARTESIAN_POINT('',(52.154125078945,36.548544395323,
    33.828072436064));
#2761 = CARTESIAN_POINT('',(51.300896291669,37.079442307406,
    33.828072436064));
#2762 = CARTESIAN_POINT('',(49.594438717115,38.141238131573,
    33.828072436064));
#2763 = CARTESIAN_POINT('',(48.741209929838,38.672136043657,
    33.828072436064));
#2764 = CARTESIAN_POINT('',(47.461366748923,39.468482911782,
    33.828072436064));
#2765 = CARTESIAN_POINT('',(47.034752355284,39.733931867823,
    33.828072436064));
#2766 = CARTESIAN_POINT('',(46.394830764827,40.132105301886,
    33.828072436064));
#2767 = CARTESIAN_POINT('',(46.181523568007,40.264829779907,
    33.828072436064));
#2768 = CARTESIAN_POINT('',(45.861562772778,40.463916496938,
    33.828072436064));
#2769 = CARTESIAN_POINT('',(45.754909174369,40.530278735948,
    33.828072436064));
#2770 = CARTESIAN_POINT('',(45.54160197755,40.663003213969,
    33.828072436064));
#2771 = CARTESIAN_POINT('',(45.43494837914,40.729365452979,
    33.828072436064));
#2772 = CARTESIAN_POINT('',(45.274967981526,40.828908811495,
    33.828072436064));
#2773 = CARTESIAN_POINT('',(45.22164118232,40.862089931001,
    33.828072436064));
#2774 = CARTESIAN_POINT('',(45.141650983514,40.911861610258,
    33.828072436064));
#2775 = CARTESIAN_POINT('',(45.114987583911,40.928452170011,
    33.828072436064));
#2776 = CARTESIAN_POINT('',(45.074992484508,40.95333800964,
    33.828072436064));
#2777 = CARTESIAN_POINT('',(45.061660784706,40.961633289516,
    33.828072436064));
#2778 = CARTESIAN_POINT('',(45.041663235005,40.97407620933,
    33.828072436064));
#2779 = CARTESIAN_POINT('',(45.034997385104,40.978223849269,
    33.828072436064));
#2780 = CARTESIAN_POINT('',(45.021665685303,40.986519129145,
    33.828072436064));
#2781 = CARTESIAN_POINT('',(45.01572466173,40.990215809,33.828072436064)
  );
#2782 = CARTESIAN_POINT('',(45.004638647388,40.997113709032,
    33.828072436064));
#2783 = CARTESIAN_POINT('',(45.004117794456,40.997438058305,
    33.828072436064));
#2784 = CARTESIAN_POINT('',(44.987712202146,41.007645268628,
    33.828072436064));
#2785 = CARTESIAN_POINT('',(44.979701177686,41.012628053327,
    33.828072436064));
#2786 = CARTESIAN_POINT('',(44.954703718171,41.02817200088,
    33.828072436064));
#2787 = CARTESIAN_POINT('',(44.937885266354,41.038625215517,
    33.828072436064));
#2788 = CARTESIAN_POINT('',(44.890877258511,41.067821009895,
    33.828072436064));
#2789 = CARTESIAN_POINT('',(44.856571649724,41.089109567568,
    33.828072436064));
#2790 = CARTESIAN_POINT('',(44.790765311572,41.129895286869,
    33.828072436064));
#2791 = CARTESIAN_POINT('',(44.757807951475,41.150299279242,
    33.828072436064));
#2792 = CARTESIAN_POINT('',(44.691783802127,41.191129731029,
    33.828072436064));
#2793 = CARTESIAN_POINT('',(44.658717012857,41.211556190447,
    33.828072436064));
#2794 = CARTESIAN_POINT('',(44.559350906682,41.272869575699,
    33.828072436064));
#2795 = CARTESIAN_POINT('',(44.492885859499,41.31379050718,
    33.828072436064));
#2796 = CARTESIAN_POINT('',(44.359505107175,41.395724720739,
    33.828072436064));
#2797 = CARTESIAN_POINT('',(44.292589402189,41.436738002813,
    33.828072436064));
#2798 = CARTESIAN_POINT('',(44.091152832305,41.559918945496,
    33.828072436064));
#2799 = CARTESIAN_POINT('',(43.955942661539,41.642227678053,
    33.828072436064));
#2800 = CARTESIAN_POINT('',(43.683608723984,41.807235645705,
    33.828072436064));
#2801 = CARTESIAN_POINT('',(43.546484982167,41.889934877502,
    33.828072436064));
#2802 = CARTESIAN_POINT('',(43.132122839707,42.138641003598,
    33.828072436064));
#2803 = CARTESIAN_POINT('',(42.851897117103,42.305255787947,
    33.828072436064));
#2804 = CARTESIAN_POINT('',(41.998196647118,42.807730621514,
    33.828072436064));
#2805 = CARTESIAN_POINT('',(41.411764149261,43.146215444069,
    33.828072436064));
#2806 = CARTESIAN_POINT('',(40.197297543946,43.831427690193,
    33.828072436064));
#2807 = CARTESIAN_POINT('',(39.569986555835,44.177798020023,
    33.828072436064));
#2808 = CARTESIAN_POINT('',(37.613679712905,45.230442433973,
    33.828072436064));
#2809 = CARTESIAN_POINT('',(36.214734436013,45.949867867727,
    33.828072436064));
#2810 = CARTESIAN_POINT('',(33.875853299196,47.07022721354,
    33.828072436064));
#2811 = CARTESIAN_POINT('',(33.056712550527,47.450526781677,
    33.828072436064));
#2812 = CARTESIAN_POINT('',(31.306718502578,48.22919726845,
    33.828072436064));
#2813 = CARTESIAN_POINT('',(30.377203711279,48.627452569256,
    33.828072436064));
#2814 = CARTESIAN_POINT('',(28.355198503368,49.44836694219,
    33.828072436064));
#2815 = CARTESIAN_POINT('',(27.265991266126,49.870698966654,
    33.828072436064));
#2816 = CARTESIAN_POINT('',(25.431544610074,50.531058331749,
    33.828072436064));
#2817 = CARTESIAN_POINT('',(24.787885098704,50.755304823891,
    33.828072436064));
#2818 = CARTESIAN_POINT('',(23.413272182309,51.213356439021,
    33.828072436064));
#2819 = CARTESIAN_POINT('',(22.682833242981,51.447271947675,
    33.828072436064));
#2820 = CARTESIAN_POINT('',(21.09610485389,51.927459930731,
    33.828072436064));
#2821 = CARTESIAN_POINT('',(20.241549122946,52.173739472888,
    33.828072436064));
#2822 = CARTESIAN_POINT('',(18.810695930053,52.555214284221,
    33.828072436064));
#2823 = CARTESIAN_POINT('',(18.309071735998,52.684400279202,
    33.828072436064));
#2824 = CARTESIAN_POINT('',(17.239050999676,52.94736109847,
    33.828072436064));
#2825 = CARTESIAN_POINT('',(16.67113855459,53.081151963817,
    33.828072436064));
#2826 = CARTESIAN_POINT('',(15.442919407823,53.353816415594,
    33.828072436064));
#2827 = CARTESIAN_POINT('',(14.783394775846,53.492746752256,
    33.828072436064));
#2828 = CARTESIAN_POINT('',(13.327422757175,53.77563525435,
    33.828072436064));
#2829 = CARTESIAN_POINT('',(12.532782860041,53.919850588766,
    33.828072436064));
#2830 = CARTESIAN_POINT('',(10.722724984492,54.210652860247,
    33.828072436064));
#2831 = CARTESIAN_POINT('',(9.709577536252,54.358409992088,
    33.828072436064));
#2832 = CARTESIAN_POINT('',(7.900792429544,54.57087963814,
    33.828072436064));
#2833 = CARTESIAN_POINT('',(7.247282362178,54.640437959769,
    33.828072436064));
#2834 = CARTESIAN_POINT('',(5.811297823358,54.770087662337,
    33.828072436064));
#2835 = CARTESIAN_POINT('',(5.02611419363,54.830389216505,
    33.828072436064));
#2836 = CARTESIAN_POINT('',(3.308572094041,54.929477959497,
    33.828072436064));
#2837 = CARTESIAN_POINT('',(2.372292889801,54.967635048206,
    33.828072436064));
#2838 = CARTESIAN_POINT('',(0.411993622751,55.005567045775,
    33.828072436064));
#2839 = CARTESIAN_POINT('',(-0.609036556027,55.004120166014,
    33.828072436064));
#2840 = CARTESIAN_POINT('',(-2.560040644787,54.961163116884,
    33.828072436064));
#2841 = CARTESIAN_POINT('',(-3.488919122575,54.920908537969,
    33.828072436064));
#2842 = CARTESIAN_POINT('',(-5.191305656526,54.818635108693,
    33.828072436064));
#2843 = CARTESIAN_POINT('',(-5.969016934752,54.75717856574,
    33.828072436064));
#2844 = CARTESIAN_POINT('',(-7.392380189789,54.625691295081,
    33.828072436064));
#2845 = CARTESIAN_POINT('',(-8.040220220558,54.555543468178,
    33.828072436064));
#2846 = CARTESIAN_POINT('',(-9.238089648962,54.412466436203,
    33.828072436064));
#2847 = CARTESIAN_POINT('',(-9.788470017169,54.339344497304,
    33.828072436064));
#2848 = CARTESIAN_POINT('',(-11.33141521442,54.119735706861,
    33.828072436064));
#2849 = CARTESIAN_POINT('',(-12.21752690954,53.972429288722,
    33.828072436064));
#2850 = CARTESIAN_POINT('',(-13.82507492353,53.683116503054,
    33.828072436064));
#2851 = CARTESIAN_POINT('',(-14.54408650103,53.540603028366,
    33.828072436064));
#2852 = CARTESIAN_POINT('',(-15.87419350317,53.260926695634,
    33.828072436064));
#2853 = CARTESIAN_POINT('',(-16.48372675077,53.123628713194,
    33.828072436064));
#2854 = CARTESIAN_POINT('',(-18.20043854557,52.719138545359,
    33.828072436064));
#2855 = CARTESIAN_POINT('',(-19.19267509817,52.458951961852,
    33.828072436064));
#2856 = CARTESIAN_POINT('',(-21.01087433034,51.953750405279,
    33.828072436064));
#2857 = CARTESIAN_POINT('',(-21.83374279915,51.708223769994,
    33.828072436064));
#2858 = CARTESIAN_POINT('',(-23.36072780494,51.231143532579,
    33.828072436064));
#2859 = CARTESIAN_POINT('',(-24.06504955397,50.99906923453,
    33.828072436064));
#2860 = CARTESIAN_POINT('',(-26.05590033761,50.318754503398,
    33.828072436064));
#2861 = CARTESIAN_POINT('',(-27.21971796493,49.885501777311,
    33.828072436064));
#2862 = CARTESIAN_POINT('',(-29.36532826883,49.046314419751,
    33.828072436064));
#2863 = CARTESIAN_POINT('',(-30.34284093599,48.640520588791,
    33.828072436064));
#2864 = CARTESIAN_POINT('',(-32.1750212762,47.848673648697,
    33.828072436064));
#2865 = CARTESIAN_POINT('',(-33.02823226044,47.462732748401,
    33.828072436064));
#2866 = CARTESIAN_POINT('',(-34.64579847954,46.705948211511,
    33.828072436064));
#2867 = CARTESIAN_POINT('',(-35.40960235459,46.335155712124,
    33.828072436064));
#2868 = CARTESIAN_POINT('',(-36.86975312311,45.605517572856,
    33.828072436064));
#2869 = CARTESIAN_POINT('',(-37.56585222611,45.246697998289,
    33.828072436064));
#2870 = CARTESIAN_POINT('',(-38.90491391792,44.538760509076,
    33.828072436064));
#2871 = CARTESIAN_POINT('',(-39.54775113804,44.189657084816,
    33.828072436064));
#2872 = CARTESIAN_POINT('',(-40.79035566098,43.49948867895,
    33.828072436064));
#2873 = CARTESIAN_POINT('',(-41.39005527528,43.158432101632,
    33.828072436064));
#2874 = CARTESIAN_POINT('',(-42.26281731247,42.651923580233,
    33.828072436064));
#2875 = CARTESIAN_POINT('',(-42.54925254305,42.483936477267,
    33.828072436064));
#2876 = CARTESIAN_POINT('',(-43.1139053026,42.149527085875,
    33.828072436064));
#2877 = CARTESIAN_POINT('',(-43.39212427469,41.983103213784,
    33.828072436064));
#2878 = CARTESIAN_POINT('',(-43.80377005708,41.734557942082,
    33.828072436064));
#2879 = CARTESIAN_POINT('',(-43.9400433052,41.651887805625,
    33.828072436064));
#2880 = CARTESIAN_POINT('',(-44.21076245614,41.486901382217,
    33.828072436064));
#2881 = CARTESIAN_POINT('',(-44.34522479036,41.404574939044,
    33.828072436064));
#2882 = CARTESIAN_POINT('',(-44.5455502983,41.281371702584,
    33.828072436064));
#2883 = CARTESIAN_POINT('',(-44.61210002671,41.240350137473,
    33.828072436064));
#2884 = CARTESIAN_POINT('',(-44.74475589913,41.158398550594,
    33.828072436064));
#2885 = CARTESIAN_POINT('',(-44.81094975778,41.117411257947,
    33.828072436064));
#2886 = CARTESIAN_POINT('',(-44.8932017454,41.066375974681,
    33.828072436064));
#2887 = CARTESIAN_POINT('',(-44.90968229765,41.056143155129,
    33.828072436064));
#2888 = CARTESIAN_POINT('',(-44.94257262831,41.035711656241,
    33.828072436064));
#2889 = CARTESIAN_POINT('',(-44.9582536698,41.02596562274,
    33.828072436064));
#2890 = CARTESIAN_POINT('',(-44.97971466904,41.012619231375,
    33.828072436064));
#2891 = CARTESIAN_POINT('',(-44.98363771764,41.01017923955,
    33.828072436064));
#2892 = CARTESIAN_POINT('',(-44.99182946806,41.005083542173,
    33.828072436064));
#2893 = CARTESIAN_POINT('',(-44.9971561054,41.001769535526,
    33.828072436064));
#2894 = CARTESIAN_POINT('',(-45.00287623681,40.998210340423,
    33.828072436064));
#2895 = CARTESIAN_POINT('',(-45.0033591747,40.997909846851,
    33.828072436064));
#2896 = CARTESIAN_POINT('',(-45.00670217829,40.995829755727,
    33.828072436064));
#2897 = CARTESIAN_POINT('',(-45.00856103187,40.994673106275,
    33.828072436064));
#2898 = CARTESIAN_POINT('',(-45.01598178193,40.99005589792,
    33.828072436064));
#2899 = CARTESIAN_POINT('',(-45.02268122639,40.985886924175,
    33.828072436064));
#2900 = CARTESIAN_POINT('',(-45.0449471575,40.972033505241,
    33.828072436064));
#2901 = CARTESIAN_POINT('',(-45.05684723216,40.964628388876,
    33.828072436064));
#2902 = CARTESIAN_POINT('',(-45.08359126089,40.947987659889,
    33.828072436064));
#2903 = CARTESIAN_POINT('',(-45.09696327525,40.939667295396,
    33.828072436064));
#2904 = CARTESIAN_POINT('',(-45.13707931835,40.914706201915,
    33.828072436064));
#2905 = CARTESIAN_POINT('',(-45.16382334708,40.898065472928,
    33.828072436064));
#2906 = CARTESIAN_POINT('',(-45.21731140453,40.864784014953,
    33.828072436064));
#2907 = CARTESIAN_POINT('',(-45.24405543326,40.848143285966,
    33.828072436064));
#2908 = CARTESIAN_POINT('',(-45.32428751945,40.798221099005,
    33.828072436064));
#2909 = CARTESIAN_POINT('',(-45.37777557691,40.764939641031,
    33.828072436064));
#2910 = CARTESIAN_POINT('',(-45.53823974929,40.665095267108,
    33.828072436064));
#2911 = CARTESIAN_POINT('',(-45.6452158642,40.598532351159,
    33.828072436064));
#2912 = CARTESIAN_POINT('',(-45.96614420896,40.398843603313,
    33.828072436064));
#2913 = CARTESIAN_POINT('',(-46.18009643879,40.265717771416,
    33.828072436064));
#2914 = CARTESIAN_POINT('',(-46.8219531283,39.866340275725,
    33.828072436064));
#2915 = CARTESIAN_POINT('',(-47.24985758796,39.60008861193,
    33.828072436064));
#2916 = CARTESIAN_POINT('',(-48.53357096697,38.801333620547,
    33.828072436064));
#2917 = CARTESIAN_POINT('',(-49.38937988631,38.268830292958,
    33.828072436064));
#2918 = CARTESIAN_POINT('',(-51.10099772499,37.203823637781,
    33.828072436064));
#2919 = CARTESIAN_POINT('',(-51.95680664433,36.671320310192,
    33.828072436064));
#2920 = CARTESIAN_POINT('',(-54.52423340235,35.073810327426,
    33.828072436064));
#2921 = CARTESIAN_POINT('',(-56.23585124102,34.008803672248,
    33.828072436064));
#2922 = CARTESIAN_POINT('',(-61.37070475706,30.813783706716,
    33.828072436064));
#2923 = CARTESIAN_POINT('',(-64.79394043442,28.683770396361,
    33.828072436064));
#2924 = CARTESIAN_POINT('',(-71.64041178913,24.423743775651,
    33.828072436064));
#2925 = CARTESIAN_POINT('',(-75.06364746648,22.293730465296,
    33.828072436064));
#2926 = CARTESIAN_POINT('',(-78.48688314384,20.163717154941,
    33.828072436064));
#2927 = CARTESIAN_POINT('',(41.623085409055,-39.34325314341,60.));
#2928 = CARTESIAN_POINT('',(38.210170259948,-37.21966149507,60.));
#2929 = CARTESIAN_POINT('',(34.79725511084,-35.09606984674,60.));
#2930 = CARTESIAN_POINT('',(27.971424812626,-30.84888655007,60.));
#2931 = CARTESIAN_POINT('',(24.558509663519,-28.72529490174,60.));
#2932 = CARTESIAN_POINT('',(19.439136939858,-25.53990742924,60.));
#2933 = CARTESIAN_POINT('',(17.732679365304,-24.47811160507,60.));
#2934 = CARTESIAN_POINT('',(15.172993003473,-22.88541786882,60.));
#2935 = CARTESIAN_POINT('',(14.319764216197,-22.35451995674,60.));
#2936 = CARTESIAN_POINT('',(12.613306641643,-21.29272413257,60.));
#2937 = CARTESIAN_POINT('',(11.760077854366,-20.76182622049,60.));
#2938 = CARTESIAN_POINT('',(10.480234673451,-19.96547935237,60.));
#2939 = CARTESIAN_POINT('',(10.053620279812,-19.70003039632,60.));
#2940 = CARTESIAN_POINT('',(9.413698689355,-19.30185696226,60.));
#2941 = CARTESIAN_POINT('',(9.200391492535,-19.16913248424,60.));
#2942 = CARTESIAN_POINT('',(8.880430697306,-18.97004576721,60.));
#2943 = CARTESIAN_POINT('',(8.773777098897,-18.9036835282,60.));
#2944 = CARTESIAN_POINT('',(8.560469902078,-18.77095905018,60.));
#2945 = CARTESIAN_POINT('',(8.453816303668,-18.70459681117,60.));
#2946 = CARTESIAN_POINT('',(8.293835906054,-18.60505345265,60.));
#2947 = CARTESIAN_POINT('',(8.240509106848,-18.57187233315,60.));
#2948 = CARTESIAN_POINT('',(8.160518908042,-18.52210065389,60.));
#2949 = CARTESIAN_POINT('',(8.133855508439,-18.50551009414,60.));
#2950 = CARTESIAN_POINT('',(8.093860409036,-18.48062425451,60.));
#2951 = CARTESIAN_POINT('',(8.080528709234,-18.47232897463,60.));
#2952 = CARTESIAN_POINT('',(8.060531159533,-18.45988605482,60.));
#2953 = CARTESIAN_POINT('',(8.053865309632,-18.45573841488,60.));
#2954 = CARTESIAN_POINT('',(8.040533609831,-18.447443135,60.));
#2955 = CARTESIAN_POINT('',(8.033867767713,-18.4432954824,60.));
#2956 = CARTESIAN_POINT('',(8.023868981188,-18.43707404149,60.));
#2957 = CARTESIAN_POINT('',(8.020536103876,-18.43500014398,60.));
#2958 = CARTESIAN_POINT('',(8.013870124688,-18.43085271448,60.));
#2959 = CARTESIAN_POINT('',(8.010536864198,-18.42877944067,60.));
#2960 = CARTESIAN_POINT('',(8.000536274266,-18.42256093514,60.));
#2961 = CARTESIAN_POINT('',(7.993868325598,-18.41841671134,60.));
#2962 = CARTESIAN_POINT('',(7.97386108059,-18.40598957243,60.));
#2963 = CARTESIAN_POINT('',(7.960519057896,-18.39771109498,60.));
#2964 = CARTESIAN_POINT('',(7.933826732546,-18.38116761726,60.));
#2965 = CARTESIAN_POINT('',(7.920476517372,-18.37290247459,60.));
#2966 = CARTESIAN_POINT('',(7.8937679453,-18.35638544143,60.));
#2967 = CARTESIAN_POINT('',(7.8804095884,-18.34813355094,60.));
#2968 = CARTESIAN_POINT('',(7.840322249459,-18.3233978483,60.));
#2969 = CARTESIAN_POINT('',(7.813580999361,-18.30693400469,60.));
#2970 = CARTESIAN_POINT('',(7.760065482765,-18.27406005781,60.));
#2971 = CARTESIAN_POINT('',(7.733291216264,-18.25764995453,60.));
#2972 = CARTESIAN_POINT('',(7.652918430543,-18.20850100657,60.));
#2973 = CARTESIAN_POINT('',(7.599269928409,-18.17584351836,60.));
#2974 = CARTESIAN_POINT('',(7.491837092468,-18.11074963323,60.));
#2975 = CARTESIAN_POINT('',(7.438052758986,-18.07831323578,60.));
#2976 = CARTESIAN_POINT('',(7.276492031672,-17.98134215751,60.));
#2977 = CARTESIAN_POINT('',(7.168507967044,-17.91714546568,60.));
#2978 = CARTESIAN_POINT('',(6.84369107118,-17.72596305626,60.));
#2979 = CARTESIAN_POINT('',(6.625991244538,-17.60038059578,60.));
#2980 = CARTESIAN_POINT('',(6.188093243491,-17.35331396187,60.));
#2981 = CARTESIAN_POINT('',(5.968115711268,-17.23195083961,60.));
#2982 = CARTESIAN_POINT('',(5.304875341404,-16.87505322658,60.));
#2983 = CARTESIAN_POINT('',(4.858228071389,-16.64652417449,60.));
#2984 = CARTESIAN_POINT('',(4.179930268765,-16.321513575,60.));
#2985 = CARTESIAN_POINT('',(3.952438554425,-16.21613436879,60.));
#2986 = CARTESIAN_POINT('',(3.49422391875,-16.01223927007,60.));
#2987 = CARTESIAN_POINT('',(3.26350974221,-15.91370480494,60.));
#2988 = CARTESIAN_POINT('',(2.798243557838,-15.72478770396,60.));
#2989 = CARTESIAN_POINT('',(2.563781887883,-15.63440264223,60.));
#2990 = CARTESIAN_POINT('',(2.208262474779,-15.5063853069,60.));
#2991 = CARTESIAN_POINT('',(2.089316008743,-15.46504893426,60.));
#2992 = CARTESIAN_POINT('',(1.850803922688,-15.38556766842,60.));
#2993 = CARTESIAN_POINT('',(1.731166780595,-15.34738987111,60.));
#2994 = CARTESIAN_POINT('',(1.491055132711,-15.27471691619,60.));
#2995 = CARTESIAN_POINT('',(1.370574719625,-15.24020829333,60.));
#2996 = CARTESIAN_POINT('',(1.189073587282,-15.19180546081,60.));
#2997 = CARTESIAN_POINT('',(1.128443096417,-15.17623132125,60.));
#2998 = CARTESIAN_POINT('',(1.006886163355,-15.14635711062,60.));
#2999 = CARTESIAN_POINT('',(0.945960223493,-15.13205487724,60.));
#3000 = CARTESIAN_POINT('',(0.823765749369,-15.10492527744,60.));
#3001 = CARTESIAN_POINT('',(0.762497898417,-15.09209496955,60.));
#3002 = CARTESIAN_POINT('',(0.639551670017,-15.06820166775,60.));
#3003 = CARTESIAN_POINT('',(0.577874773209,-15.05713230042,60.));
#3004 = CARTESIAN_POINT('',(0.454004164781,-15.03721844916,60.));
#3005 = CARTESIAN_POINT('',(0.391813506474,-15.02836082293,60.));
#3006 = CARTESIAN_POINT('',(0.29800317261,-15.01733168944,60.));
#3007 = CARTESIAN_POINT('',(0.266645201305,-15.01403354921,60.));
#3008 = CARTESIAN_POINT('',(0.203716740702,-15.00835215686,60.));
#3009 = CARTESIAN_POINT('',(0.172146087156,-15.0059696122,60.));
#3010 = CARTESIAN_POINT('',(0.108746699591,-15.0023155579,60.));
#3011 = CARTESIAN_POINT('',(7.690862870117E-02,-15.00105041691,60.));
#3012 = CARTESIAN_POINT('',(1.296267761417E-02,-14.99981696876,60.));
#3013 = CARTESIAN_POINT('',(-1.925103830333E-02,-14.99986125055,60.));
#3014 = CARTESIAN_POINT('',(-8.320837890868E-02,-15.00126520606,60.));
#3015 = CARTESIAN_POINT('',(-0.115091511557,-15.00261297346,60.));
#3016 = CARTESIAN_POINT('',(-0.178620890032,-15.00642623545,60.));
#3017 = CARTESIAN_POINT('',(-0.210281364317,-15.00888572831,60.));
#3018 = CARTESIAN_POINT('',(-0.273429935101,-15.01471918083,60.));
#3019 = CARTESIAN_POINT('',(-0.304918213932,-15.01809217314,60.));
#3020 = CARTESIAN_POINT('',(-0.367751568576,-15.02559785201,60.));
#3021 = CARTESIAN_POINT('',(-0.399096466512,-15.02973148187,60.));
#3022 = CARTESIAN_POINT('',(-0.492948766593,-15.04309997453,60.));
#3023 = CARTESIAN_POINT('',(-0.555274172039,-15.05330033075,60.));
#3024 = CARTESIAN_POINT('',(-0.679552857617,-15.0756751754,60.));
#3025 = CARTESIAN_POINT('',(-0.741504447762,-15.08785862788,60.));
#3026 = CARTESIAN_POINT('',(-0.865101339074,-15.11385040104,60.));
#3027 = CARTESIAN_POINT('',(-0.926745547163,-15.1276645192,60.));
#3028 = CARTESIAN_POINT('',(-1.111287287463,-15.17118052467,60.));
#3029 = CARTESIAN_POINT('',(-1.233813174951,-15.20296886828,60.));
#3030 = CARTESIAN_POINT('',(-1.47797117259,-15.27082753711,60.));
#3031 = CARTESIAN_POINT('',(-1.599821429154,-15.30699313377,60.));
#3032 = CARTESIAN_POINT('',(-1.841555527476,-15.38252555341,60.));
#3033 = CARTESIAN_POINT('',(-1.96169557714,-15.42197153928,60.));
#3034 = CARTESIAN_POINT('',(-2.319864367546,-15.54443199216,60.));
#3035 = CARTESIAN_POINT('',(-2.556083120754,-15.63170538818,60.));
#3036 = CARTESIAN_POINT('',(-3.02425818391,-15.81485114234,60.));
#3037 = CARTESIAN_POINT('',(-3.256254479392,-15.9107861896,60.));
#3038 = CARTESIAN_POINT('',(-3.716802034425,-16.10984238785,60.));
#3039 = CARTESIAN_POINT('',(-3.945344753204,-16.21298135333,60.));
#3040 = CARTESIAN_POINT('',(-4.399463134974,-16.42544835409,60.));
#3041 = CARTESIAN_POINT('',(-4.625034863635,-16.53478459584,60.));
#3042 = CARTESIAN_POINT('',(-5.073561049648,-16.75891652309,60.));
#3043 = CARTESIAN_POINT('',(-5.296513432521,-16.87371653571,60.));
#3044 = CARTESIAN_POINT('',(-5.740068516948,-17.10821783078,60.));
#3045 = CARTESIAN_POINT('',(-5.960670016918,-17.22792161959,60.));
#3046 = CARTESIAN_POINT('',(-6.399735145592,-17.47178864616,60.));
#3047 = CARTESIAN_POINT('',(-6.618198049313,-17.59595339615,60.));
#3048 = CARTESIAN_POINT('',(-6.94441808444,-17.78527584979,60.));
#3049 = CARTESIAN_POINT('',(-7.052912073211,-17.84889652085,60.));
#3050 = CARTESIAN_POINT('',(-7.269426808939,-17.97712501209,60.));
#3051 = CARTESIAN_POINT('',(-7.377448696667,-18.04173357829,60.));
#3052 = CARTESIAN_POINT('',(-7.539135984626,-18.13935783046,60.));
#3053 = CARTESIAN_POINT('',(-7.592976483595,-18.17201928021,60.));
#3054 = CARTESIAN_POINT('',(-7.70054187751,-18.23757367356,60.));
#3055 = CARTESIAN_POINT('',(-7.754273415278,-18.27047071938,60.));
#3056 = CARTESIAN_POINT('',(-7.83476541825,-18.31997452617,60.));
#3057 = CARTESIAN_POINT('',(-7.861579551301,-18.3365027823,60.));
#3058 = CARTESIAN_POINT('',(-7.915174495526,-18.36961244153,60.));
#3059 = CARTESIAN_POINT('',(-7.941954905622,-18.38619469479,60.));
#3060 = CARTESIAN_POINT('',(-7.975411131845,-18.40695351051,60.));
#3061 = CARTESIAN_POINT('',(-7.982101103842,-18.41110732011,60.));
#3062 = CARTESIAN_POINT('',(-7.995479247363,-18.41941783323,60.));
#3063 = CARTESIAN_POINT('',(-8.00216727411,-18.42357476944,60.));
#3064 = CARTESIAN_POINT('',(-8.010526083702,-18.42877290677,60.));
#3065 = CARTESIAN_POINT('',(-8.01219777117,-18.4298126539,60.));
#3066 = CARTESIAN_POINT('',(-8.015541029099,-18.43189233623,60.));
#3067 = CARTESIAN_POINT('',(-8.017212594049,-18.43293228028,60.));
#3068 = CARTESIAN_POINT('',(-8.020555597233,-18.43501237206,60.));
#3069 = CARTESIAN_POINT('',(-8.022227099232,-18.4360524173,60.));
#3070 = CARTESIAN_POINT('',(-8.025570102823,-18.43813250842,60.));
#3071 = CARTESIAN_POINT('',(-8.027241599242,-18.43917256262,60.));
#3072 = CARTESIAN_POINT('',(-8.035599135105,-18.44437274722,60.));
#3073 = CARTESIAN_POINT('',(-8.042285063638,-18.44853305588,60.));
#3074 = CARTESIAN_POINT('',(-8.062343256608,-18.4610133271,60.));
#3075 = CARTESIAN_POINT('',(-8.075715156691,-18.46933387527,60.));
#3076 = CARTESIAN_POINT('',(-8.10245918542,-18.48597460426,60.));
#3077 = CARTESIAN_POINT('',(-8.115831199785,-18.49429496875,60.));
#3078 = CARTESIAN_POINT('',(-8.155947242878,-18.51925606223,60.));
#3079 = CARTESIAN_POINT('',(-8.182691271608,-18.53589679122,60.));
#3080 = CARTESIAN_POINT('',(-8.236179329067,-18.56917824919,60.));
#3081 = CARTESIAN_POINT('',(-8.262923357796,-18.58581897818,60.));
#3082 = CARTESIAN_POINT('',(-8.343155443985,-18.63574116514,60.));
#3083 = CARTESIAN_POINT('',(-8.396643501443,-18.66902262312,60.));
#3084 = CARTESIAN_POINT('',(-8.557107673819,-18.76886699704,60.));
#3085 = CARTESIAN_POINT('',(-8.664083788736,-18.83542991299,60.));
#3086 = CARTESIAN_POINT('',(-8.985012133489,-19.03511866083,60.));
#3087 = CARTESIAN_POINT('',(-9.198964363323,-19.16824449273,60.));
#3088 = CARTESIAN_POINT('',(-9.840821052828,-19.56762198842,60.));
#3089 = CARTESIAN_POINT('',(-10.26872551249,-19.83387365222,60.));
#3090 = CARTESIAN_POINT('',(-11.5524388915,-20.6326286436,60.));
#3091 = CARTESIAN_POINT('',(-12.40824781084,-21.16513197119,60.));
#3092 = CARTESIAN_POINT('',(-14.11986564952,-22.23013862637,60.));
#3093 = CARTESIAN_POINT('',(-14.97567456886,-22.76264195395,60.));
#3094 = CARTESIAN_POINT('',(-17.54310132687,-24.36015193672,60.));
#3095 = CARTESIAN_POINT('',(-19.25471916555,-25.4251585919,60.));
#3096 = CARTESIAN_POINT('',(-24.38957268159,-28.62017855743,60.));
#3097 = CARTESIAN_POINT('',(-27.81280835894,-30.75019186779,60.));
#3098 = CARTESIAN_POINT('',(-34.65927971366,-35.0102184885,60.));
#3099 = CARTESIAN_POINT('',(-38.08251539101,-37.14023179885,60.));
#3100 = CARTESIAN_POINT('',(-41.50575106837,-39.27024510921,60.));
#3101 = ADVANCED_FACE('',(#3102),#3128,.T.);
#3102 = FACE_BOUND('',#3103,.T.);
#3103 = EDGE_LOOP('',(#3104,#3113,#3124,#3125,#3126,#3127));
#3104 = ORIENTED_EDGE('',*,*,#3105,.F.);
#3105 = EDGE_CURVE('',#3106,#1973,#3108,.T.);
#3106 = VERTEX_POINT('',#3107);
#3107 = CARTESIAN_POINT('',(-26.21925744735,-29.08931489032,
    58.827126504719));
#3108 = B_SPLINE_CURVE_WITH_KNOTS('',3,(#3109,#3110,#3111,#3112),
  .UNSPECIFIED.,.F.,.F.,(4,4),(1.25716596383E-16,1.380034969592E-03),
  .PIECEWISE_BEZIER_KNOTS.);
#3109 = CARTESIAN_POINT('',(-26.21925744735,-29.08931489032,
    58.827126504719));
#3110 = CARTESIAN_POINT('',(-26.22196094024,-28.6306831283,
    58.864215470923));
#3111 = CARTESIAN_POINT('',(-26.19309583084,-28.17285876624,
    58.91087422835));
#3112 = CARTESIAN_POINT('',(-26.13285478128,-27.72000290039,
    58.964769620115));
#3113 = ORIENTED_EDGE('',*,*,#3114,.F.);
#3114 = EDGE_CURVE('',#2134,#3106,#3115,.T.);
#3115 = B_SPLINE_CURVE_WITH_KNOTS('',3,(#3116,#3117,#3118,#3119,#3120,
    #3121,#3122,#3123),.UNSPECIFIED.,.F.,.F.,(4,2,2,4),(
    2.728918873188E-05,5.829130271915E-03,1.16309713551E-02,
    2.323465352146E-02),.UNSPECIFIED.);
#3116 = CARTESIAN_POINT('',(-25.9648672301,-52.00045670883,
    55.328107775508));
#3117 = CARTESIAN_POINT('',(-25.99879353498,-50.12609052655,
    55.804699428833));
#3118 = CARTESIAN_POINT('',(-26.02813739313,-48.23632150747,
    56.219449629926));
#3119 = CARTESIAN_POINT('',(-26.08133431996,-44.43978274766,
    56.951509175306));
#3120 = CARTESIAN_POINT('',(-26.10503317332,-42.53230337383,
    57.269002906358));
#3121 = CARTESIAN_POINT('',(-26.16648817169,-36.79162796788,
    58.107895103545));
#3122 = CARTESIAN_POINT('',(-26.19653181709,-32.94458519385,
    58.515355707665));
#3123 = CARTESIAN_POINT('',(-26.21925744735,-29.08931489032,
    58.827126504719));
#3124 = ORIENTED_EDGE('',*,*,#2144,.T.);
#3125 = ORIENTED_EDGE('',*,*,#1408,.F.);
#3126 = ORIENTED_EDGE('',*,*,#1818,.T.);
#3127 = ORIENTED_EDGE('',*,*,#1981,.T.);
#3128 = ( BOUNDED_SURFACE() B_SPLINE_SURFACE(3,2,(
    (#3129,#3130,#3131)
    ,(#3132,#3133,#3134)
    ,(#3135,#3136,#3137)
    ,(#3138,#3139,#3140)
    ,(#3141,#3142,#3143)
    ,(#3144,#3145,#3146)
    ,(#3147,#3148,#3149)
    ,(#3150,#3151,#3152)
    ,(#3153,#3154,#3155)
    ,(#3156,#3157,#3158)
    ,(#3159,#3160,#3161)
    ,(#3162,#3163,#3164)
    ,(#3165,#3166,#3167)
    ,(#3168,#3169,#3170)
    ,(#3171,#3172,#3173)
    ,(#3174,#3175,#3176)
    ,(#3177,#3178,#3179)
    ,(#3180,#3181,#3182)
    ,(#3183,#3184,#3185)
    ,(#3186,#3187,#3188
)),.UNSPECIFIED.,.F.,.F.,.F.) B_SPLINE_SURFACE_WITH_KNOTS((4,2,2,2,2,2,2
    ,2,2,4),(3,3),(0.118790003644,0.122584422908,0.12448163254,
    0.125430237356,0.12566738856,0.125785964162,0.125904539765,
    0.126378842173,0.133967680701,0.149145357758),(0.,0.449487674494),
.UNSPECIFIED.) GEOMETRIC_REPRESENTATION_ITEM() RATIONAL_B_SPLINE_SURFACE
((
    (1.,0.868348108201,0.855048021776)
    ,(1.,0.868348108201,0.855048021776)
    ,(1.,0.868348108201,0.855048021776)
    ,(1.,0.868348108201,0.855048021776)
    ,(1.,0.868348108201,0.855048021776)
    ,(1.,0.868348108201,0.855048021776)
    ,(1.,0.868348108201,0.855048021776)
    ,(1.,0.868348108201,0.855048021776)
    ,(1.,0.868348108201,0.855048021776)
    ,(1.,0.868348108201,0.855048021776)
    ,(1.,0.868348108201,0.855048021776)
    ,(1.,0.868348108201,0.855048021776)
    ,(1.,0.868348108201,0.855048021776)
    ,(1.,0.868348108201,0.855048021776)
    ,(1.,0.868348108201,0.855048021776)
    ,(1.,0.868348108201,0.855048021776)
    ,(1.,0.868348108201,0.855048021776)
    ,(1.,0.868348108201,0.855048021776)
    ,(1.,0.868348108201,0.855048021776)
,(1.,0.868348108201,0.855048021776
  ))) REPRESENTATION_ITEM('') SURFACE() );
#3129 = CARTESIAN_POINT('',(-11.30685768799,-55.17030783663,60.));
#3130 = CARTESIAN_POINT('',(-18.23421379612,-57.53695269566,60.));
#3131 = CARTESIAN_POINT('',(-23.52470596279,-59.34438339398,
    55.274202983317));
#3132 = CARTESIAN_POINT('',(-11.71575874321,-53.97342220687,60.));
#3133 = CARTESIAN_POINT('',(-18.64311485134,-56.34006706591,
    60.000000000013));
#3134 = CARTESIAN_POINT('',(-23.93360701801,-58.14749776422,
    55.274202983339));
#3135 = CARTESIAN_POINT('',(-12.12465979843,-52.77653657713,60.));
#3136 = CARTESIAN_POINT('',(-19.05201590656,-55.14318143616,60.));
#3137 = CARTESIAN_POINT('',(-24.34250807323,-56.95061213448,
    55.274202983317));
#3138 = CARTESIAN_POINT('',(-12.73801138126,-50.98120813249,60.));
#3139 = CARTESIAN_POINT('',(-19.6653674894,-53.34785299153,60.));
#3140 = CARTESIAN_POINT('',(-24.95585965606,-55.15528368984,
    55.274202983317));
#3141 = CARTESIAN_POINT('',(-12.94246190888,-50.38276531762,60.));
#3142 = CARTESIAN_POINT('',(-19.86981801701,-52.74941017665,
    60.000000000001));
#3143 = CARTESIAN_POINT('',(-25.16031018368,-54.55684087496,
    55.274202983317));
#3144 = CARTESIAN_POINT('',(-13.24913770029,-49.48510109531,60.));
#3145 = CARTESIAN_POINT('',(-20.17649380842,-51.85174595434,60.));
#3146 = CARTESIAN_POINT('',(-25.46698597509,-53.65917665265,
    55.274202983316));
#3147 = CARTESIAN_POINT('',(-13.35136296409,-49.18587968787,60.));
#3148 = CARTESIAN_POINT('',(-20.27871907223,-51.5525245469,
    59.999999999999));
#3149 = CARTESIAN_POINT('',(-25.56921123889,-53.35995524521,
    55.274202983316));
#3150 = CARTESIAN_POINT('',(-13.47914454385,-48.81185292857,60.));
#3151 = CARTESIAN_POINT('',(-20.40650065198,-51.1784977876,60.));
#3152 = CARTESIAN_POINT('',(-25.69699281865,-52.98592848592,
    55.274202983317));
#3153 = CARTESIAN_POINT('',(-13.5047008598,-48.73704757671,60.));
#3154 = CARTESIAN_POINT('',(-20.43205696793,-51.10369243574,60.));
#3155 = CARTESIAN_POINT('',(-25.7225491346,-52.91112313406,
    55.274202983316));
#3156 = CARTESIAN_POINT('',(-13.54303533373,-48.62483954892,60.));
#3157 = CARTESIAN_POINT('',(-20.47039144186,-50.99148440795,60.));
#3158 = CARTESIAN_POINT('',(-25.76088360853,-52.79891510627,
    55.274202983316));
#3159 = CARTESIAN_POINT('',(-13.5558134917,-48.58743687299,60.));
#3160 = CARTESIAN_POINT('',(-20.48316959984,-50.95408173202,60.));
#3161 = CARTESIAN_POINT('',(-25.7736617665,-52.76151243034,
    55.274202983317));
#3162 = CARTESIAN_POINT('',(-13.58136980765,-48.51263152113,60.));
#3163 = CARTESIAN_POINT('',(-20.50872591579,-50.87927638016,60.));
#3164 = CARTESIAN_POINT('',(-25.79921808245,-52.68670707848,
    55.274202983317));
#3165 = CARTESIAN_POINT('',(-13.59414329216,-48.47522727146,60.));
#3166 = CARTESIAN_POINT('',(-20.52212667111,-50.84003558421,60.));
#3167 = CARTESIAN_POINT('',(-25.81309789086,-52.64606369349,
    55.274202983316));
#3168 = CARTESIAN_POINT('',(-13.65795291365,-48.28818655914,60.));
#3169 = CARTESIAN_POINT('',(-20.58792491001,-50.64716577574,60.));
#3170 = CARTESIAN_POINT('',(-25.88041485707,-52.44874214513,
    55.274202983316));
#3171 = CARTESIAN_POINT('',(-13.70884933734,-48.1385030494,60.));
#3172 = CARTESIAN_POINT('',(-20.6404086217,-50.4928141523,60.));
#3173 = CARTESIAN_POINT('',(-25.93411079672,-52.29082543588,
    55.274202983316));
#3174 = CARTESIAN_POINT('',(-14.57151336551,-45.59301621877,60.));
#3175 = CARTESIAN_POINT('',(-21.52999477891,-47.86788744395,60.));
#3176 = CARTESIAN_POINT('',(-26.8442576571,-49.60522968667,
    55.274202983316));
#3177 = CARTESIAN_POINT('',(-15.34465521941,-43.18420605084,60.));
#3178 = CARTESIAN_POINT('',(-22.32754476938,-45.38307481477,60.));
#3179 = CARTESIAN_POINT('',(-27.6604483892,-47.06237320646,
    55.274202983316));
#3180 = CARTESIAN_POINT('',(-17.5451652414,-35.91773189185,60.));
#3181 = CARTESIAN_POINT('',(-24.59815462231,-37.885118588,60.));
#3182 = CARTESIAN_POINT('',(-29.98459419448,-39.38763177518,
    55.274202983316));
#3183 = CARTESIAN_POINT('',(-18.8493640288,-31.03395047246,60.));
#3184 = CARTESIAN_POINT('',(-25.94477378484,-32.84281730895,
    60.000000000051));
#3185 = CARTESIAN_POINT('',(-31.36361022802,-34.22426727047,
    55.274202983407));
#3186 = CARTESIAN_POINT('',(-19.9861883501,-26.11089338453,60.));
#3187 = CARTESIAN_POINT('',(-27.11895602187,-27.75798047339,60.));
#3188 = CARTESIAN_POINT('',(-32.56632308444,-29.01587759971,
    55.274202983316));
#3189 = ADVANCED_FACE('',(#3190),#3210,.T.);
#3190 = FACE_BOUND('',#3191,.T.);
#3191 = EDGE_LOOP('',(#3192,#3201,#3208,#3209));
#3192 = ORIENTED_EDGE('',*,*,#3193,.F.);
#3193 = EDGE_CURVE('',#3194,#1928,#3196,.T.);
#3194 = VERTEX_POINT('',#3195);
#3195 = CARTESIAN_POINT('',(-25.5835681802,-25.65121528635,
    58.821662073095));
#3196 = B_SPLINE_CURVE_WITH_KNOTS('',3,(#3197,#3198,#3199,#3200),
  .UNSPECIFIED.,.F.,.F.,(4,4),(0.,8.958349126593E-04),
  .PIECEWISE_BEZIER_KNOTS.);
#3197 = CARTESIAN_POINT('',(-25.5835681802,-25.65121528635,
    58.821662073095));
#3198 = CARTESIAN_POINT('',(-25.47668966367,-25.38050901017,
    58.756837637217));
#3199 = CARTESIAN_POINT('',(-25.35727034704,-25.11341418023,
    58.695636761028));
#3200 = CARTESIAN_POINT('',(-25.22550882996,-24.85109526835,
    58.638389877051));
#3201 = ORIENTED_EDGE('',*,*,#3202,.F.);
#3202 = EDGE_CURVE('',#1964,#3194,#3203,.T.);
#3203 = B_SPLINE_CURVE_WITH_KNOTS('',3,(#3204,#3205,#3206,#3207),
  .UNSPECIFIED.,.F.,.F.,(4,4),(1.947136220959E-03,2.140274866061E-03),
  .PIECEWISE_BEZIER_KNOTS.);
#3204 = CARTESIAN_POINT('',(-25.65179953578,-25.82710810257,
    58.864021787747));
#3205 = CARTESIAN_POINT('',(-25.62941984424,-25.76836767278,
    58.84979520778));
#3206 = CARTESIAN_POINT('',(-25.60667354188,-25.709737491,
    58.835676040398));
#3207 = CARTESIAN_POINT('',(-25.5835681802,-25.65121528635,
    58.821662073095));
#3208 = ORIENTED_EDGE('',*,*,#1995,.T.);
#3209 = ORIENTED_EDGE('',*,*,#1936,.T.);
#3210 = B_SPLINE_SURFACE_WITH_KNOTS('',1,3,(
    (#3211,#3212,#3213,#3214,#3215,#3216,#3217,#3218,#3219,#3220,#3221
      ,#3222,#3223,#3224,#3225,#3226,#3227,#3228,#3229,#3230,#3231,#3232
      ,#3233,#3234,#3235,#3236,#3237,#3238,#3239,#3240,#3241,#3242,#3243
      ,#3244,#3245,#3246,#3247,#3248,#3249,#3250,#3251,#3252,#3253,#3254
      ,#3255,#3256,#3257,#3258,#3259,#3260,#3261,#3262,#3263,#3264,#3265
      ,#3266,#3267,#3268,#3269,#3270,#3271,#3272,#3273,#3274,#3275,#3276
      ,#3277,#3278,#3279,#3280,#3281,#3282,#3283,#3284,#3285,#3286,#3287
      ,#3288,#3289,#3290,#3291,#3292,#3293,#3294,#3295,#3296,#3297,#3298
      ,#3299,#3300,#3301,#3302,#3303,#3304,#3305,#3306,#3307,#3308,#3309
      ,#3310,#3311,#3312,#3313,#3314,#3315,#3316,#3317,#3318,#3319,#3320
      ,#3321,#3322,#3323,#3324,#3325,#3326,#3327,#3328,#3329,#3330,#3331
      ,#3332,#3333,#3334,#3335,#3336,#3337,#3338,#3339,#3340,#3341,#3342
      ,#3343,#3344,#3345,#3346,#3347,#3348,#3349,#3350,#3351,#3352,#3353
      ,#3354,#3355,#3356,#3357,#3358,#3359,#3360,#3361,#3362,#3363,#3364
      ,#3365,#3366,#3367,#3368,#3369,#3370,#3371,#3372,#3373,#3374,#3375
      ,#3376,#3377,#3378,#3379,#3380,#3381,#3382,#3383,#3384)
    ,(#3385,#3386,#3387,#3388,#3389,#3390,#3391,#3392,#3393,#3394,#3395
      ,#3396,#3397,#3398,#3399,#3400,#3401,#3402,#3403,#3404,#3405,#3406
      ,#3407,#3408,#3409,#3410,#3411,#3412,#3413,#3414,#3415,#3416,#3417
      ,#3418,#3419,#3420,#3421,#3422,#3423,#3424,#3425,#3426,#3427,#3428
      ,#3429,#3430,#3431,#3432,#3433,#3434,#3435,#3436,#3437,#3438,#3439
      ,#3440,#3441,#3442,#3443,#3444,#3445,#3446,#3447,#3448,#3449,#3450
      ,#3451,#3452,#3453,#3454,#3455,#3456,#3457,#3458,#3459,#3460,#3461
      ,#3462,#3463,#3464,#3465,#3466,#3467,#3468,#3469,#3470,#3471,#3472
      ,#3473,#3474,#3475,#3476,#3477,#3478,#3479,#3480,#3481,#3482,#3483
      ,#3484,#3485,#3486,#3487,#3488,#3489,#3490,#3491,#3492,#3493,#3494
      ,#3495,#3496,#3497,#3498,#3499,#3500,#3501,#3502,#3503,#3504,#3505
      ,#3506,#3507,#3508,#3509,#3510,#3511,#3512,#3513,#3514,#3515,#3516
      ,#3517,#3518,#3519,#3520,#3521,#3522,#3523,#3524,#3525,#3526,#3527
      ,#3528,#3529,#3530,#3531,#3532,#3533,#3534,#3535,#3536,#3537,#3538
      ,#3539,#3540,#3541,#3542,#3543,#3544,#3545,#3546,#3547,#3548,#3549
      ,#3550,#3551,#3552,#3553,#3554,#3555,#3556,#3557,#3558
  )),.UNSPECIFIED.,.F.,.F.,.F.,(2,2),(4,2,2,2,2,2,2,2,2,2,2,2,2,2,2,2,2,
    2,2,2,2,2,2,2,2,2,2,2,2,2,2,2,2,2,2,2,2,2,2,2,2,2,2,2,2,2,2,2,2,2,2,
    2,2,2,2,2,2,2,2,2,2,2,2,2,2,2,2,2,2,2,2,2,2,2,2,2,2,2,2,2,2,2,2,2,2,
    2,4),(0.,1.),(0.384421699407,0.396480666267,0.408539633127,
    0.414569116558,0.417583858273,0.420598599988,0.422105970845,
    0.422859656274,0.423236498988,0.423613341703,0.42380176306,
    0.423895973738,0.423943079078,0.423966631747,0.423990184417,
    0.424001960752,0.424013737087,0.424037289756,0.424084395096,
    0.424131500435,0.424178605774,0.424272816453,0.424367027131,
    0.424555448489,0.424743869846,0.42512071256,0.425874397989,
    0.426628083418,0.428135454275,0.428889139704,0.429642825133,
    0.430396510562,0.430773353276,0.43115019599,0.431527038705,
    0.431715460062,0.431903881419,0.432092302776,0.432280724133,
    0.432469145491,0.432563356169,0.432657566848,0.432751777526,
    0.432845988205,0.432940198884,0.433034409562,0.433128620241,
    0.433222830919,0.433411252277,0.433599673634,0.433788094991,
    0.434164937705,0.43454178042,0.434918623134,0.435672308563,
    0.436425993992,0.43717967942,0.437933364849,0.438687050278,
    0.439440735707,0.440194421135,0.44057126385,0.440948106564,
    0.441136527921,0.441324949279,0.441419159957,0.441513370636,
    0.441536923305,0.441560475975,0.441566364142,0.44157225231,
    0.441578140477,0.441584028645,0.441607581314,0.441654686654,
    0.441701791993,0.441796002672,0.44189021335,0.442078634707,
    0.442455477422,0.44320916285,0.444716533708,0.447731275423,
    0.450746017138,0.456775500568,0.468834467428,0.480893434289),
  .UNSPECIFIED.);
#3211 = CARTESIAN_POINT('',(-78.60421748452,20.090709120738,
    33.828072436064));
#3212 = CARTESIAN_POINT('',(-75.19130233542,22.214300769072,
    33.828072436064));
#3213 = CARTESIAN_POINT('',(-71.77838718631,24.337892417406,
    33.828072436064));
#3214 = CARTESIAN_POINT('',(-64.95255688809,28.585075714072,
    33.828072436064));
#3215 = CARTESIAN_POINT('',(-61.53964173899,30.708667362406,
    33.828072436064));
#3216 = CARTESIAN_POINT('',(-56.42026901533,33.894054834906,
    33.828072436064));
#3217 = CARTESIAN_POINT('',(-54.71381144077,34.955850659073,
    33.828072436064));
#3218 = CARTESIAN_POINT('',(-52.15412507894,36.548544395323,
    33.828072436064));
#3219 = CARTESIAN_POINT('',(-51.30089629166,37.079442307406,
    33.828072436064));
#3220 = CARTESIAN_POINT('',(-49.59443871711,38.141238131573,
    33.828072436064));
#3221 = CARTESIAN_POINT('',(-48.74120992983,38.672136043657,
    33.828072436064));
#3222 = CARTESIAN_POINT('',(-47.46136674892,39.468482911782,
    33.828072436064));
#3223 = CARTESIAN_POINT('',(-47.03475235528,39.733931867823,
    33.828072436064));
#3224 = CARTESIAN_POINT('',(-46.39483076482,40.132105301886,
    33.828072436064));
#3225 = CARTESIAN_POINT('',(-46.181523568,40.264829779907,
    33.828072436064));
#3226 = CARTESIAN_POINT('',(-45.86156277277,40.463916496938,
    33.828072436064));
#3227 = CARTESIAN_POINT('',(-45.75490917436,40.530278735948,
    33.828072436064));
#3228 = CARTESIAN_POINT('',(-45.54160197755,40.663003213969,
    33.828072436064));
#3229 = CARTESIAN_POINT('',(-45.43494837914,40.729365452979,
    33.828072436064));
#3230 = CARTESIAN_POINT('',(-45.27496798152,40.828908811495,
    33.828072436064));
#3231 = CARTESIAN_POINT('',(-45.22164118232,40.862089931001,
    33.828072436064));
#3232 = CARTESIAN_POINT('',(-45.14165098351,40.911861610258,
    33.828072436064));
#3233 = CARTESIAN_POINT('',(-45.11498758391,40.928452170011,
    33.828072436064));
#3234 = CARTESIAN_POINT('',(-45.0749924845,40.95333800964,
    33.828072436064));
#3235 = CARTESIAN_POINT('',(-45.0616607847,40.961633289516,
    33.828072436064));
#3236 = CARTESIAN_POINT('',(-45.041663235,40.97407620933,33.828072436064
    ));
#3237 = CARTESIAN_POINT('',(-45.0349973851,40.978223849269,
    33.828072436064));
#3238 = CARTESIAN_POINT('',(-45.0216656853,40.986519129145,
    33.828072436064));
#3239 = CARTESIAN_POINT('',(-45.01572466173,40.990215809,33.828072436064
    ));
#3240 = CARTESIAN_POINT('',(-45.00463864738,40.997113709032,
    33.828072436064));
#3241 = CARTESIAN_POINT('',(-45.00411779445,40.997438058305,
    33.828072436064));
#3242 = CARTESIAN_POINT('',(-44.98771220214,41.007645268628,
    33.828072436064));
#3243 = CARTESIAN_POINT('',(-44.97970117768,41.012628053327,
    33.828072436064));
#3244 = CARTESIAN_POINT('',(-44.95470371817,41.02817200088,
    33.828072436064));
#3245 = CARTESIAN_POINT('',(-44.93788526635,41.038625215517,
    33.828072436064));
#3246 = CARTESIAN_POINT('',(-44.89087725851,41.067821009895,
    33.828072436064));
#3247 = CARTESIAN_POINT('',(-44.85657164972,41.089109567568,
    33.828072436064));
#3248 = CARTESIAN_POINT('',(-44.79076531157,41.129895286869,
    33.828072436064));
#3249 = CARTESIAN_POINT('',(-44.75780795147,41.150299279242,
    33.828072436064));
#3250 = CARTESIAN_POINT('',(-44.69178380212,41.191129731029,
    33.828072436064));
#3251 = CARTESIAN_POINT('',(-44.65871701285,41.211556190447,
    33.828072436064));
#3252 = CARTESIAN_POINT('',(-44.55935090668,41.272869575699,
    33.828072436064));
#3253 = CARTESIAN_POINT('',(-44.49288585949,41.31379050718,
    33.828072436064));
#3254 = CARTESIAN_POINT('',(-44.35950510717,41.395724720739,
    33.828072436064));
#3255 = CARTESIAN_POINT('',(-44.29258940218,41.436738002813,
    33.828072436064));
#3256 = CARTESIAN_POINT('',(-44.0911528323,41.559918945496,
    33.828072436064));
#3257 = CARTESIAN_POINT('',(-43.95594266153,41.642227678053,
    33.828072436064));
#3258 = CARTESIAN_POINT('',(-43.68360872398,41.807235645705,
    33.828072436064));
#3259 = CARTESIAN_POINT('',(-43.54648498216,41.889934877502,
    33.828072436064));
#3260 = CARTESIAN_POINT('',(-43.1321228397,42.138641003598,
    33.828072436064));
#3261 = CARTESIAN_POINT('',(-42.8518971171,42.305255787947,
    33.828072436064));
#3262 = CARTESIAN_POINT('',(-41.99819664711,42.807730621514,
    33.828072436064));
#3263 = CARTESIAN_POINT('',(-41.41176414926,43.146215444069,
    33.828072436064));
#3264 = CARTESIAN_POINT('',(-40.19729754394,43.831427690193,
    33.828072436064));
#3265 = CARTESIAN_POINT('',(-39.56998655583,44.177798020023,
    33.828072436064));
#3266 = CARTESIAN_POINT('',(-37.6136797129,45.230442433973,
    33.828072436064));
#3267 = CARTESIAN_POINT('',(-36.21473443601,45.949867867727,
    33.828072436064));
#3268 = CARTESIAN_POINT('',(-33.87585329919,47.07022721354,
    33.828072436064));
#3269 = CARTESIAN_POINT('',(-33.05671255052,47.450526781677,
    33.828072436064));
#3270 = CARTESIAN_POINT('',(-31.30671850257,48.22919726845,
    33.828072436064));
#3271 = CARTESIAN_POINT('',(-30.37720371127,48.627452569256,
    33.828072436064));
#3272 = CARTESIAN_POINT('',(-28.35519850336,49.44836694219,
    33.828072436064));
#3273 = CARTESIAN_POINT('',(-27.26599126612,49.870698966654,
    33.828072436064));
#3274 = CARTESIAN_POINT('',(-25.43154461007,50.531058331749,
    33.828072436064));
#3275 = CARTESIAN_POINT('',(-24.7878850987,50.755304823891,
    33.828072436064));
#3276 = CARTESIAN_POINT('',(-23.4132721823,51.213356439021,
    33.828072436064));
#3277 = CARTESIAN_POINT('',(-22.68283324298,51.447271947675,
    33.828072436064));
#3278 = CARTESIAN_POINT('',(-21.09610485389,51.927459930731,
    33.828072436064));
#3279 = CARTESIAN_POINT('',(-20.24154912294,52.173739472888,
    33.828072436064));
#3280 = CARTESIAN_POINT('',(-18.81069593005,52.555214284221,
    33.828072436064));
#3281 = CARTESIAN_POINT('',(-18.30907173599,52.684400279202,
    33.828072436064));
#3282 = CARTESIAN_POINT('',(-17.23905099967,52.94736109847,
    33.828072436064));
#3283 = CARTESIAN_POINT('',(-16.67113855459,53.081151963817,
    33.828072436064));
#3284 = CARTESIAN_POINT('',(-15.44291940782,53.353816415594,
    33.828072436064));
#3285 = CARTESIAN_POINT('',(-14.78339477584,53.492746752256,
    33.828072436064));
#3286 = CARTESIAN_POINT('',(-13.32742275717,53.77563525435,
    33.828072436064));
#3287 = CARTESIAN_POINT('',(-12.53278286004,53.919850588766,
    33.828072436064));
#3288 = CARTESIAN_POINT('',(-10.72272498449,54.210652860247,
    33.828072436064));
#3289 = CARTESIAN_POINT('',(-9.709577536252,54.358409992088,
    33.828072436064));
#3290 = CARTESIAN_POINT('',(-7.900792429544,54.57087963814,
    33.828072436064));
#3291 = CARTESIAN_POINT('',(-7.247282362178,54.640437959769,
    33.828072436064));
#3292 = CARTESIAN_POINT('',(-5.811297823358,54.770087662337,
    33.828072436064));
#3293 = CARTESIAN_POINT('',(-5.02611419363,54.830389216505,
    33.828072436064));
#3294 = CARTESIAN_POINT('',(-3.308572094041,54.929477959497,
    33.828072436064));
#3295 = CARTESIAN_POINT('',(-2.372292889801,54.967635048206,
    33.828072436064));
#3296 = CARTESIAN_POINT('',(-0.411993622751,55.005567045775,
    33.828072436064));
#3297 = CARTESIAN_POINT('',(0.609036556027,55.004120166014,
    33.828072436064));
#3298 = CARTESIAN_POINT('',(2.560040644787,54.961163116884,
    33.828072436064));
#3299 = CARTESIAN_POINT('',(3.488919122575,54.920908537969,
    33.828072436064));
#3300 = CARTESIAN_POINT('',(5.191305656526,54.818635108693,
    33.828072436064));
#3301 = CARTESIAN_POINT('',(5.969016934752,54.75717856574,
    33.828072436064));
#3302 = CARTESIAN_POINT('',(7.392380189789,54.625691295081,
    33.828072436064));
#3303 = CARTESIAN_POINT('',(8.040220220558,54.555543468178,
    33.828072436064));
#3304 = CARTESIAN_POINT('',(9.238089648962,54.412466436203,
    33.828072436064));
#3305 = CARTESIAN_POINT('',(9.788470017169,54.339344497304,
    33.828072436064));
#3306 = CARTESIAN_POINT('',(11.331415214429,54.119735706861,
    33.828072436064));
#3307 = CARTESIAN_POINT('',(12.217526909549,53.972429288722,
    33.828072436064));
#3308 = CARTESIAN_POINT('',(13.825074923531,53.683116503054,
    33.828072436064));
#3309 = CARTESIAN_POINT('',(14.544086501031,53.540603028366,
    33.828072436064));
#3310 = CARTESIAN_POINT('',(15.874193503176,53.260926695634,
    33.828072436064));
#3311 = CARTESIAN_POINT('',(16.483726750773,53.123628713194,
    33.828072436064));
#3312 = CARTESIAN_POINT('',(18.200438545576,52.719138545359,
    33.828072436064));
#3313 = CARTESIAN_POINT('',(19.192675098173,52.458951961852,
    33.828072436064));
#3314 = CARTESIAN_POINT('',(21.010874330344,51.953750405279,
    33.828072436064));
#3315 = CARTESIAN_POINT('',(21.833742799152,51.708223769994,
    33.828072436064));
#3316 = CARTESIAN_POINT('',(23.360727804942,51.231143532579,
    33.828072436064));
#3317 = CARTESIAN_POINT('',(24.065049553977,50.99906923453,
    33.828072436064));
#3318 = CARTESIAN_POINT('',(26.05590033761,50.318754503398,
    33.828072436064));
#3319 = CARTESIAN_POINT('',(27.219717964939,49.885501777311,
    33.828072436064));
#3320 = CARTESIAN_POINT('',(29.365328268836,49.046314419751,
    33.828072436064));
#3321 = CARTESIAN_POINT('',(30.342840935996,48.640520588791,
    33.828072436064));
#3322 = CARTESIAN_POINT('',(32.175021276206,47.848673648697,
    33.828072436064));
#3323 = CARTESIAN_POINT('',(33.02823226044,47.462732748401,
    33.828072436064));
#3324 = CARTESIAN_POINT('',(34.645798479549,46.705948211511,
    33.828072436064));
#3325 = CARTESIAN_POINT('',(35.409602354599,46.335155712124,
    33.828072436064));
#3326 = CARTESIAN_POINT('',(36.869753123116,45.605517572856,
    33.828072436064));
#3327 = CARTESIAN_POINT('',(37.565852226111,45.246697998289,
    33.828072436064));
#3328 = CARTESIAN_POINT('',(38.904913917921,44.538760509076,
    33.828072436064));
#3329 = CARTESIAN_POINT('',(39.547751138047,44.189657084816,
    33.828072436064));
#3330 = CARTESIAN_POINT('',(40.790355660989,43.49948867895,
    33.828072436064));
#3331 = CARTESIAN_POINT('',(41.390055275282,43.158432101632,
    33.828072436064));
#3332 = CARTESIAN_POINT('',(42.262817312479,42.651923580233,
    33.828072436064));
#3333 = CARTESIAN_POINT('',(42.549252543054,42.483936477267,
    33.828072436064));
#3334 = CARTESIAN_POINT('',(43.113905302609,42.149527085875,
    33.828072436064));
#3335 = CARTESIAN_POINT('',(43.392124274699,41.983103213784,
    33.828072436064));
#3336 = CARTESIAN_POINT('',(43.803770057088,41.734557942082,
    33.828072436064));
#3337 = CARTESIAN_POINT('',(43.940043305201,41.651887805625,
    33.828072436064));
#3338 = CARTESIAN_POINT('',(44.210762456143,41.486901382217,
    33.828072436064));
#3339 = CARTESIAN_POINT('',(44.345224790361,41.404574939044,
    33.828072436064));
#3340 = CARTESIAN_POINT('',(44.545550298308,41.281371702584,
    33.828072436064));
#3341 = CARTESIAN_POINT('',(44.612100026714,41.240350137473,
    33.828072436064));
#3342 = CARTESIAN_POINT('',(44.74475589913,41.158398550594,
    33.828072436064));
#3343 = CARTESIAN_POINT('',(44.810949757783,41.117411257947,
    33.828072436064));
#3344 = CARTESIAN_POINT('',(44.8932017454,41.066375974681,
    33.828072436064));
#3345 = CARTESIAN_POINT('',(44.909682297658,41.056143155129,
    33.828072436064));
#3346 = CARTESIAN_POINT('',(44.942572628315,41.035711656241,
    33.828072436064));
#3347 = CARTESIAN_POINT('',(44.958253669807,41.02596562274,
    33.828072436064));
#3348 = CARTESIAN_POINT('',(44.979714669049,41.012619231375,
    33.828072436064));
#3349 = CARTESIAN_POINT('',(44.983637717643,41.01017923955,
    33.828072436064));
#3350 = CARTESIAN_POINT('',(44.991829468069,41.005083542173,
    33.828072436064));
#3351 = CARTESIAN_POINT('',(44.997156105408,41.001769535526,
    33.828072436064));
#3352 = CARTESIAN_POINT('',(45.002876236818,40.998210340423,
    33.828072436064));
#3353 = CARTESIAN_POINT('',(45.003359174704,40.997909846851,
    33.828072436064));
#3354 = CARTESIAN_POINT('',(45.006702178295,40.995829755727,
    33.828072436064));
#3355 = CARTESIAN_POINT('',(45.008561031874,40.994673106275,
    33.828072436064));
#3356 = CARTESIAN_POINT('',(45.015981781936,40.99005589792,
    33.828072436064));
#3357 = CARTESIAN_POINT('',(45.022681226396,40.985886924175,
    33.828072436064));
#3358 = CARTESIAN_POINT('',(45.044947157509,40.972033505241,
    33.828072436064));
#3359 = CARTESIAN_POINT('',(45.056847232163,40.964628388876,
    33.828072436064));
#3360 = CARTESIAN_POINT('',(45.083591260892,40.947987659889,
    33.828072436064));
#3361 = CARTESIAN_POINT('',(45.096963275257,40.939667295396,
    33.828072436064));
#3362 = CARTESIAN_POINT('',(45.137079318351,40.914706201915,
    33.828072436064));
#3363 = CARTESIAN_POINT('',(45.16382334708,40.898065472928,
    33.828072436064));
#3364 = CARTESIAN_POINT('',(45.217311404539,40.864784014953,
    33.828072436064));
#3365 = CARTESIAN_POINT('',(45.244055433268,40.848143285966,
    33.828072436064));
#3366 = CARTESIAN_POINT('',(45.324287519457,40.798221099005,
    33.828072436064));
#3367 = CARTESIAN_POINT('',(45.377775576915,40.764939641031,
    33.828072436064));
#3368 = CARTESIAN_POINT('',(45.538239749291,40.665095267108,
    33.828072436064));
#3369 = CARTESIAN_POINT('',(45.645215864209,40.598532351159,
    33.828072436064));
#3370 = CARTESIAN_POINT('',(45.966144208961,40.398843603313,
    33.828072436064));
#3371 = CARTESIAN_POINT('',(46.180096438796,40.265717771416,
    33.828072436064));
#3372 = CARTESIAN_POINT('',(46.8219531283,39.866340275725,
    33.828072436064));
#3373 = CARTESIAN_POINT('',(47.249857587969,39.60008861193,
    33.828072436064));
#3374 = CARTESIAN_POINT('',(48.533570966978,38.801333620547,
    33.828072436064));
#3375 = CARTESIAN_POINT('',(49.389379886317,38.268830292958,
    33.828072436064));
#3376 = CARTESIAN_POINT('',(51.100997724995,37.203823637781,
    33.828072436064));
#3377 = CARTESIAN_POINT('',(51.956806644334,36.671320310192,
    33.828072436064));
#3378 = CARTESIAN_POINT('',(54.524233402351,35.073810327426,
    33.828072436064));
#3379 = CARTESIAN_POINT('',(56.235851241029,34.008803672248,
    33.828072436064));
#3380 = CARTESIAN_POINT('',(61.370704757064,30.813783706716,
    33.828072436064));
#3381 = CARTESIAN_POINT('',(64.79394043442,28.683770396361,
    33.828072436064));
#3382 = CARTESIAN_POINT('',(71.640411789133,24.423743775651,
    33.828072436064));
#3383 = CARTESIAN_POINT('',(75.063647466489,22.293730465296,
    33.828072436064));
#3384 = CARTESIAN_POINT('',(78.486883143845,20.163717154941,
    33.828072436064));
#3385 = CARTESIAN_POINT('',(-41.62308540905,-39.34325314341,60.));
#3386 = CARTESIAN_POINT('',(-38.21017025994,-37.21966149507,60.));
#3387 = CARTESIAN_POINT('',(-34.79725511084,-35.09606984674,60.));
#3388 = CARTESIAN_POINT('',(-27.97142481262,-30.84888655007,60.));
#3389 = CARTESIAN_POINT('',(-24.55850966351,-28.72529490174,60.));
#3390 = CARTESIAN_POINT('',(-19.43913693985,-25.53990742924,60.));
#3391 = CARTESIAN_POINT('',(-17.7326793653,-24.47811160507,60.));
#3392 = CARTESIAN_POINT('',(-15.17299300347,-22.88541786882,60.));
#3393 = CARTESIAN_POINT('',(-14.31976421619,-22.35451995674,60.));
#3394 = CARTESIAN_POINT('',(-12.61330664164,-21.29272413257,60.));
#3395 = CARTESIAN_POINT('',(-11.76007785436,-20.76182622049,60.));
#3396 = CARTESIAN_POINT('',(-10.48023467345,-19.96547935237,60.));
#3397 = CARTESIAN_POINT('',(-10.05362027981,-19.70003039632,60.));
#3398 = CARTESIAN_POINT('',(-9.413698689355,-19.30185696226,60.));
#3399 = CARTESIAN_POINT('',(-9.200391492535,-19.16913248424,60.));
#3400 = CARTESIAN_POINT('',(-8.880430697306,-18.97004576721,60.));
#3401 = CARTESIAN_POINT('',(-8.773777098897,-18.9036835282,60.));
#3402 = CARTESIAN_POINT('',(-8.560469902078,-18.77095905018,60.));
#3403 = CARTESIAN_POINT('',(-8.453816303668,-18.70459681117,60.));
#3404 = CARTESIAN_POINT('',(-8.293835906054,-18.60505345265,60.));
#3405 = CARTESIAN_POINT('',(-8.240509106848,-18.57187233315,60.));
#3406 = CARTESIAN_POINT('',(-8.160518908042,-18.52210065389,60.));
#3407 = CARTESIAN_POINT('',(-8.133855508439,-18.50551009414,60.));
#3408 = CARTESIAN_POINT('',(-8.093860409036,-18.48062425451,60.));
#3409 = CARTESIAN_POINT('',(-8.080528709234,-18.47232897463,60.));
#3410 = CARTESIAN_POINT('',(-8.060531159533,-18.45988605482,60.));
#3411 = CARTESIAN_POINT('',(-8.053865309632,-18.45573841488,60.));
#3412 = CARTESIAN_POINT('',(-8.040533609831,-18.447443135,60.));
#3413 = CARTESIAN_POINT('',(-8.033867767713,-18.4432954824,60.));
#3414 = CARTESIAN_POINT('',(-8.023868981188,-18.43707404149,60.));
#3415 = CARTESIAN_POINT('',(-8.020536103876,-18.43500014398,60.));
#3416 = CARTESIAN_POINT('',(-8.013870124688,-18.43085271448,60.));
#3417 = CARTESIAN_POINT('',(-8.010536864198,-18.42877944067,60.));
#3418 = CARTESIAN_POINT('',(-8.000536274266,-18.42256093514,60.));
#3419 = CARTESIAN_POINT('',(-7.993868325598,-18.41841671134,60.));
#3420 = CARTESIAN_POINT('',(-7.97386108059,-18.40598957243,60.));
#3421 = CARTESIAN_POINT('',(-7.960519057896,-18.39771109498,60.));
#3422 = CARTESIAN_POINT('',(-7.933826732546,-18.38116761726,60.));
#3423 = CARTESIAN_POINT('',(-7.920476517372,-18.37290247459,60.));
#3424 = CARTESIAN_POINT('',(-7.8937679453,-18.35638544143,60.));
#3425 = CARTESIAN_POINT('',(-7.8804095884,-18.34813355094,60.));
#3426 = CARTESIAN_POINT('',(-7.840322249459,-18.3233978483,60.));
#3427 = CARTESIAN_POINT('',(-7.813580999361,-18.30693400469,60.));
#3428 = CARTESIAN_POINT('',(-7.760065482765,-18.27406005781,60.));
#3429 = CARTESIAN_POINT('',(-7.733291216264,-18.25764995453,60.));
#3430 = CARTESIAN_POINT('',(-7.652918430543,-18.20850100657,60.));
#3431 = CARTESIAN_POINT('',(-7.599269928409,-18.17584351836,60.));
#3432 = CARTESIAN_POINT('',(-7.491837092468,-18.11074963323,60.));
#3433 = CARTESIAN_POINT('',(-7.438052758986,-18.07831323578,60.));
#3434 = CARTESIAN_POINT('',(-7.276492031672,-17.98134215751,60.));
#3435 = CARTESIAN_POINT('',(-7.168507967044,-17.91714546568,60.));
#3436 = CARTESIAN_POINT('',(-6.84369107118,-17.72596305626,60.));
#3437 = CARTESIAN_POINT('',(-6.625991244538,-17.60038059578,60.));
#3438 = CARTESIAN_POINT('',(-6.188093243491,-17.35331396187,60.));
#3439 = CARTESIAN_POINT('',(-5.968115711268,-17.23195083961,60.));
#3440 = CARTESIAN_POINT('',(-5.304875341404,-16.87505322658,60.));
#3441 = CARTESIAN_POINT('',(-4.858228071389,-16.64652417449,60.));
#3442 = CARTESIAN_POINT('',(-4.179930268765,-16.321513575,60.));
#3443 = CARTESIAN_POINT('',(-3.952438554425,-16.21613436879,60.));
#3444 = CARTESIAN_POINT('',(-3.49422391875,-16.01223927007,60.));
#3445 = CARTESIAN_POINT('',(-3.26350974221,-15.91370480494,60.));
#3446 = CARTESIAN_POINT('',(-2.798243557838,-15.72478770396,60.));
#3447 = CARTESIAN_POINT('',(-2.563781887883,-15.63440264223,60.));
#3448 = CARTESIAN_POINT('',(-2.208262474779,-15.5063853069,60.));
#3449 = CARTESIAN_POINT('',(-2.089316008743,-15.46504893426,60.));
#3450 = CARTESIAN_POINT('',(-1.850803922688,-15.38556766842,60.));
#3451 = CARTESIAN_POINT('',(-1.731166780595,-15.34738987111,60.));
#3452 = CARTESIAN_POINT('',(-1.491055132711,-15.27471691619,60.));
#3453 = CARTESIAN_POINT('',(-1.370574719625,-15.24020829333,60.));
#3454 = CARTESIAN_POINT('',(-1.189073587282,-15.19180546081,60.));
#3455 = CARTESIAN_POINT('',(-1.128443096417,-15.17623132125,60.));
#3456 = CARTESIAN_POINT('',(-1.006886163355,-15.14635711062,60.));
#3457 = CARTESIAN_POINT('',(-0.945960223493,-15.13205487724,60.));
#3458 = CARTESIAN_POINT('',(-0.823765749369,-15.10492527744,60.));
#3459 = CARTESIAN_POINT('',(-0.762497898417,-15.09209496955,60.));
#3460 = CARTESIAN_POINT('',(-0.639551670017,-15.06820166775,60.));
#3461 = CARTESIAN_POINT('',(-0.577874773209,-15.05713230042,60.));
#3462 = CARTESIAN_POINT('',(-0.454004164781,-15.03721844916,60.));
#3463 = CARTESIAN_POINT('',(-0.391813506474,-15.02836082293,60.));
#3464 = CARTESIAN_POINT('',(-0.29800317261,-15.01733168944,60.));
#3465 = CARTESIAN_POINT('',(-0.266645201305,-15.01403354921,60.));
#3466 = CARTESIAN_POINT('',(-0.203716740702,-15.00835215686,60.));
#3467 = CARTESIAN_POINT('',(-0.172146087156,-15.0059696122,60.));
#3468 = CARTESIAN_POINT('',(-0.108746699591,-15.0023155579,60.));
#3469 = CARTESIAN_POINT('',(-7.690862870117E-02,-15.00105041691,60.));
#3470 = CARTESIAN_POINT('',(-1.296267761417E-02,-14.99981696876,60.));
#3471 = CARTESIAN_POINT('',(1.925103830333E-02,-14.99986125055,60.));
#3472 = CARTESIAN_POINT('',(8.320837890868E-02,-15.00126520606,60.));
#3473 = CARTESIAN_POINT('',(0.115091511557,-15.00261297346,60.));
#3474 = CARTESIAN_POINT('',(0.178620890032,-15.00642623545,60.));
#3475 = CARTESIAN_POINT('',(0.210281364317,-15.00888572831,60.));
#3476 = CARTESIAN_POINT('',(0.273429935101,-15.01471918083,60.));
#3477 = CARTESIAN_POINT('',(0.304918213932,-15.01809217314,60.));
#3478 = CARTESIAN_POINT('',(0.367751568576,-15.02559785201,60.));
#3479 = CARTESIAN_POINT('',(0.399096466512,-15.02973148187,60.));
#3480 = CARTESIAN_POINT('',(0.492948766593,-15.04309997453,60.));
#3481 = CARTESIAN_POINT('',(0.555274172039,-15.05330033075,60.));
#3482 = CARTESIAN_POINT('',(0.679552857617,-15.0756751754,60.));
#3483 = CARTESIAN_POINT('',(0.741504447762,-15.08785862788,60.));
#3484 = CARTESIAN_POINT('',(0.865101339074,-15.11385040104,60.));
#3485 = CARTESIAN_POINT('',(0.926745547163,-15.1276645192,60.));
#3486 = CARTESIAN_POINT('',(1.111287287463,-15.17118052467,60.));
#3487 = CARTESIAN_POINT('',(1.233813174951,-15.20296886828,60.));
#3488 = CARTESIAN_POINT('',(1.47797117259,-15.27082753711,60.));
#3489 = CARTESIAN_POINT('',(1.599821429154,-15.30699313377,60.));
#3490 = CARTESIAN_POINT('',(1.841555527476,-15.38252555341,60.));
#3491 = CARTESIAN_POINT('',(1.96169557714,-15.42197153928,60.));
#3492 = CARTESIAN_POINT('',(2.319864367546,-15.54443199216,60.));
#3493 = CARTESIAN_POINT('',(2.556083120754,-15.63170538818,60.));
#3494 = CARTESIAN_POINT('',(3.02425818391,-15.81485114234,60.));
#3495 = CARTESIAN_POINT('',(3.256254479392,-15.9107861896,60.));
#3496 = CARTESIAN_POINT('',(3.716802034425,-16.10984238785,60.));
#3497 = CARTESIAN_POINT('',(3.945344753204,-16.21298135333,60.));
#3498 = CARTESIAN_POINT('',(4.399463134974,-16.42544835409,60.));
#3499 = CARTESIAN_POINT('',(4.625034863635,-16.53478459584,60.));
#3500 = CARTESIAN_POINT('',(5.073561049648,-16.75891652309,60.));
#3501 = CARTESIAN_POINT('',(5.296513432521,-16.87371653571,60.));
#3502 = CARTESIAN_POINT('',(5.740068516948,-17.10821783078,60.));
#3503 = CARTESIAN_POINT('',(5.960670016918,-17.22792161959,60.));
#3504 = CARTESIAN_POINT('',(6.399735145592,-17.47178864616,60.));
#3505 = CARTESIAN_POINT('',(6.618198049313,-17.59595339615,60.));
#3506 = CARTESIAN_POINT('',(6.94441808444,-17.78527584979,60.));
#3507 = CARTESIAN_POINT('',(7.052912073211,-17.84889652085,60.));
#3508 = CARTESIAN_POINT('',(7.269426808939,-17.97712501209,60.));
#3509 = CARTESIAN_POINT('',(7.377448696667,-18.04173357829,60.));
#3510 = CARTESIAN_POINT('',(7.539135984626,-18.13935783046,60.));
#3511 = CARTESIAN_POINT('',(7.592976483595,-18.17201928021,60.));
#3512 = CARTESIAN_POINT('',(7.70054187751,-18.23757367356,60.));
#3513 = CARTESIAN_POINT('',(7.754273415278,-18.27047071938,60.));
#3514 = CARTESIAN_POINT('',(7.83476541825,-18.31997452617,60.));
#3515 = CARTESIAN_POINT('',(7.861579551301,-18.3365027823,60.));
#3516 = CARTESIAN_POINT('',(7.915174495526,-18.36961244153,60.));
#3517 = CARTESIAN_POINT('',(7.941954905622,-18.38619469479,60.));
#3518 = CARTESIAN_POINT('',(7.975411131845,-18.40695351051,60.));
#3519 = CARTESIAN_POINT('',(7.982101103842,-18.41110732011,60.));
#3520 = CARTESIAN_POINT('',(7.995479247363,-18.41941783323,60.));
#3521 = CARTESIAN_POINT('',(8.00216727411,-18.42357476944,60.));
#3522 = CARTESIAN_POINT('',(8.010526083702,-18.42877290677,60.));
#3523 = CARTESIAN_POINT('',(8.01219777117,-18.4298126539,60.));
#3524 = CARTESIAN_POINT('',(8.015541029099,-18.43189233623,60.));
#3525 = CARTESIAN_POINT('',(8.017212594049,-18.43293228028,60.));
#3526 = CARTESIAN_POINT('',(8.020555597233,-18.43501237206,60.));
#3527 = CARTESIAN_POINT('',(8.022227099232,-18.4360524173,60.));
#3528 = CARTESIAN_POINT('',(8.025570102823,-18.43813250842,60.));
#3529 = CARTESIAN_POINT('',(8.027241599242,-18.43917256262,60.));
#3530 = CARTESIAN_POINT('',(8.035599135105,-18.44437274722,60.));
#3531 = CARTESIAN_POINT('',(8.042285063638,-18.44853305588,60.));
#3532 = CARTESIAN_POINT('',(8.062343256608,-18.4610133271,60.));
#3533 = CARTESIAN_POINT('',(8.075715156691,-18.46933387527,60.));
#3534 = CARTESIAN_POINT('',(8.10245918542,-18.48597460426,60.));
#3535 = CARTESIAN_POINT('',(8.115831199785,-18.49429496875,60.));
#3536 = CARTESIAN_POINT('',(8.155947242878,-18.51925606223,60.));
#3537 = CARTESIAN_POINT('',(8.182691271608,-18.53589679122,60.));
#3538 = CARTESIAN_POINT('',(8.236179329067,-18.56917824919,60.));
#3539 = CARTESIAN_POINT('',(8.262923357796,-18.58581897818,60.));
#3540 = CARTESIAN_POINT('',(8.343155443985,-18.63574116514,60.));
#3541 = CARTESIAN_POINT('',(8.396643501443,-18.66902262312,60.));
#3542 = CARTESIAN_POINT('',(8.557107673819,-18.76886699704,60.));
#3543 = CARTESIAN_POINT('',(8.664083788736,-18.83542991299,60.));
#3544 = CARTESIAN_POINT('',(8.985012133489,-19.03511866083,60.));
#3545 = CARTESIAN_POINT('',(9.198964363323,-19.16824449273,60.));
#3546 = CARTESIAN_POINT('',(9.840821052828,-19.56762198842,60.));
#3547 = CARTESIAN_POINT('',(10.268725512497,-19.83387365222,60.));
#3548 = CARTESIAN_POINT('',(11.552438891506,-20.6326286436,60.));
#3549 = CARTESIAN_POINT('',(12.408247810845,-21.16513197119,60.));
#3550 = CARTESIAN_POINT('',(14.119865649523,-22.23013862637,60.));
#3551 = CARTESIAN_POINT('',(14.975674568862,-22.76264195395,60.));
#3552 = CARTESIAN_POINT('',(17.543101326879,-24.36015193672,60.));
#3553 = CARTESIAN_POINT('',(19.254719165557,-25.4251585919,60.));
#3554 = CARTESIAN_POINT('',(24.389572681592,-28.62017855743,60.));
#3555 = CARTESIAN_POINT('',(27.812808358948,-30.75019186779,60.));
#3556 = CARTESIAN_POINT('',(34.659279713661,-35.0102184885,60.));
#3557 = CARTESIAN_POINT('',(38.082515391017,-37.14023179885,60.));
#3558 = CARTESIAN_POINT('',(41.505751068373,-39.27024510921,60.));
#3559 = ADVANCED_FACE('',(#3560),#3571,.T.);
#3560 = FACE_BOUND('',#3561,.T.);
#3561 = EDGE_LOOP('',(#3562,#3563,#3570));
#3562 = ORIENTED_EDGE('',*,*,#380,.T.);
#3563 = ORIENTED_EDGE('',*,*,#3564,.T.);
#3564 = EDGE_CURVE('',#372,#422,#3565,.T.);
#3565 = B_SPLINE_CURVE_WITH_KNOTS('',3,(#3566,#3567,#3568,#3569),
  .UNSPECIFIED.,.F.,.F.,(4,4),(2.802569971643E-03,2.813484253513E-03),
  .PIECEWISE_BEZIER_KNOTS.);
#3566 = CARTESIAN_POINT('',(-12.11692541517,-59.46663181527,
    58.186353189786));
#3567 = CARTESIAN_POINT('',(-12.12050918475,-59.46722969642,
    58.186199110412));
#3568 = CARTESIAN_POINT('',(-12.12409566787,-59.46782793723,
    58.1860556529));
#3569 = CARTESIAN_POINT('',(-12.12768181349,-59.46842606024,
    58.185922952971));
#3570 = ORIENTED_EDGE('',*,*,#421,.T.);
#3571 = ( BOUNDED_SURFACE() B_SPLINE_SURFACE(3,2,(
    (#3572,#3573,#3574)
    ,(#3575,#3576,#3577)
    ,(#3578,#3579,#3580)
    ,(#3581,#3582,#3583
)),.UNSPECIFIED.,.F.,.F.,.F.) B_SPLINE_SURFACE_WITH_KNOTS((4,4),(3,3),(
    -3.464116048519E-06,3.555060002424E-06),(0.,1.),
.PIECEWISE_BEZIER_KNOTS.) GEOMETRIC_REPRESENTATION_ITEM() 
RATIONAL_B_SPLINE_SURFACE((
    (1.,1.,1.)
    ,(1.,1.000000054062,1.)
    ,(1.,0.999977302181,1.)
,(1.,0.999930609356,1.))) REPRESENTATION_ITEM('') SURFACE() );
#3572 = CARTESIAN_POINT('',(-12.12768181349,-59.46842606023,
    58.185922952975));
#3573 = CARTESIAN_POINT('',(-12.12768181349,-59.46842606023,
    58.185922952975));
#3574 = CARTESIAN_POINT('',(-12.12768181349,-59.46842606023,
    58.185922952975));
#3575 = CARTESIAN_POINT('',(-12.12603664102,-59.4585424492,
    58.185983830132));
#3576 = CARTESIAN_POINT('',(-12.1219210299,-59.46266061084,
    58.186136121853));
#3577 = CARTESIAN_POINT('',(-12.11780540987,-59.46677878704,
    58.186288414578));
#3578 = CARTESIAN_POINT('',(-12.12437378133,-59.44853461453,
    58.186127006848));
#3579 = CARTESIAN_POINT('',(-12.11608810882,-59.45682244911,
    58.186365555635));
#3580 = CARTESIAN_POINT('',(-12.10780798528,-59.46511081676,
    58.18673999285));
#3581 = CARTESIAN_POINT('',(-12.12269947355,-59.43843899009,
    58.186357285557));
#3582 = CARTESIAN_POINT('',(-12.11020332078,-59.45093186849,
    58.18661136919));
#3583 = CARTESIAN_POINT('',(-12.09772602861,-59.46342821529,
    58.187281369271));
#3584 = ADVANCED_FACE('',(#3585),#3596,.T.);
#3585 = FACE_BOUND('',#3586,.T.);
#3586 = EDGE_LOOP('',(#3587,#3588,#3589));
#3587 = ORIENTED_EDGE('',*,*,#334,.T.);
#3588 = ORIENTED_EDGE('',*,*,#848,.T.);
#3589 = ORIENTED_EDGE('',*,*,#3590,.T.);
#3590 = EDGE_CURVE('',#849,#335,#3591,.T.);
#3591 = B_SPLINE_CURVE_WITH_KNOTS('',3,(#3592,#3593,#3594,#3595),
  .UNSPECIFIED.,.F.,.F.,(4,4),(-8.699577619213E-06,2.198236022715E-06),
  .PIECEWISE_BEZIER_KNOTS.);
#3592 = CARTESIAN_POINT('',(12.127681845358,-59.46842606449,
    58.185922951792));
#3593 = CARTESIAN_POINT('',(12.124101110751,-59.46782884405,
    58.1860554515));
#3594 = CARTESIAN_POINT('',(12.120530633505,-59.46723327379,
    58.1861981884));
#3595 = CARTESIAN_POINT('',(12.116925419966,-59.46663182293,
    58.186353189786));
#3596 = ( BOUNDED_SURFACE() B_SPLINE_SURFACE(3,2,(
    (#3597,#3598,#3599)
    ,(#3600,#3601,#3602)
    ,(#3603,#3604,#3605)
    ,(#3606,#3607,#3608
)),.UNSPECIFIED.,.F.,.F.,.F.) B_SPLINE_SURFACE_WITH_KNOTS((4,4),(3,3),(
    -3.464116048796E-06,3.555069307009E-06),(0.,1.),
.PIECEWISE_BEZIER_KNOTS.) GEOMETRIC_REPRESENTATION_ITEM() 
RATIONAL_B_SPLINE_SURFACE((
    (1.,1.,1.)
    ,(1.,1.000000054063,1.)
    ,(1.,0.999977302127,1.)
,(1.,0.999930609192,1.))) REPRESENTATION_ITEM('') SURFACE() );
#3597 = CARTESIAN_POINT('',(12.127681845357,-59.46842606449,
    58.185922951796));
#3598 = CARTESIAN_POINT('',(12.127681845357,-59.46842606449,
    58.185922951796));
#3599 = CARTESIAN_POINT('',(12.127681845357,-59.46842606449,
    58.185922951796));
#3600 = CARTESIAN_POINT('',(12.117805427986,-59.46677878923,
    58.186288413922));
#3601 = CARTESIAN_POINT('',(12.121921052405,-59.46266060796,
    58.18613612148));
#3602 = CARTESIAN_POINT('',(12.126036667883,-59.45854244125,
    58.18598382914));
#3603 = CARTESIAN_POINT('',(12.107807988685,-59.46511081673,
    58.186739992989));
#3604 = CARTESIAN_POINT('',(12.116088121473,-59.45682243857,
    58.186365555245));
#3605 = CARTESIAN_POINT('',(12.124373803226,-59.44853459348,
    58.186127006258));
#3606 = CARTESIAN_POINT('',(12.097726018144,-59.46342821317,
    58.187281370406));
#3607 = CARTESIAN_POINT('',(12.11020332415,-59.45093185069,
    58.186611369272));
#3608 = CARTESIAN_POINT('',(12.12269949081,-59.43843895663,
    58.186357285568));
#3609 = ADVANCED_FACE('',(#3610),#3655,.T.);
#3610 = FACE_BOUND('',#3611,.T.);
#3611 = EDGE_LOOP('',(#3612,#3623,#3631,#3638,#3639,#3640));
#3612 = ORIENTED_EDGE('',*,*,#3613,.T.);
#3613 = EDGE_CURVE('',#3614,#3616,#3618,.T.);
#3614 = VERTEX_POINT('',#3615);
#3615 = CARTESIAN_POINT('',(23.762182759288,-59.86842606014,
    54.028135458627));
#3616 = VERTEX_POINT('',#3617);
#3617 = CARTESIAN_POINT('',(24.495460738145,-59.86842606013,
    53.872003857589));
#3618 = CIRCLE('',#3619,1.8);
#3619 = AXIS2_PLACEMENT_3D('',#3620,#3621,#3622);
#3620 = CARTESIAN_POINT('',(24.495460801293,-59.86842606013,
    55.672003857589));
#3621 = DIRECTION('',(3.517820698197E-12,-1.,0.));
#3622 = DIRECTION('',(1.,3.517820698197E-12,0.));
#3623 = ORIENTED_EDGE('',*,*,#3624,.F.);
#3624 = EDGE_CURVE('',#3625,#3616,#3627,.T.);
#3625 = VERTEX_POINT('',#3626);
#3626 = CARTESIAN_POINT('',(24.495460802448,-58.01144041981,
    53.872003857589));
#3627 = LINE('',#3628,#3629);
#3628 = CARTESIAN_POINT('',(24.495460801293,-63.61156745426,
    53.872003857589));
#3629 = VECTOR('',#3630,1.);
#3630 = DIRECTION('',(-2.067951531383E-25,-1.,5.426512006971E-14));
#3631 = ORIENTED_EDGE('',*,*,#3632,.T.);
#3632 = EDGE_CURVE('',#3625,#2437,#3633,.T.);
#3633 = CIRCLE('',#3634,1.8);
#3634 = AXIS2_PLACEMENT_3D('',#3635,#3636,#3637);
#3635 = CARTESIAN_POINT('',(24.495460801293,-58.01144041981,
    55.672003857589));
#3636 = DIRECTION('',(-3.558788668168E-16,-1.,5.354950241039E-14));
#3637 = DIRECTION('',(0.564426345316,4.400335975989E-14,0.825483434548)
  );
#3638 = ORIENTED_EDGE('',*,*,#2447,.F.);
#3639 = ORIENTED_EDGE('',*,*,#2351,.F.);
#3640 = ORIENTED_EDGE('',*,*,#3641,.F.);
#3641 = EDGE_CURVE('',#3614,#2352,#3642,.T.);
#3642 = B_SPLINE_CURVE_WITH_KNOTS('',3,(#3643,#3644,#3645,#3646,#3647,
    #3648,#3649,#3650,#3651,#3652,#3653,#3654),.UNSPECIFIED.,.F.,.F.,(4,
    2,2,2,2,4),(5.589103977296E-04,1.256660635677E-03,1.954410873624E-03
    ,2.303285992597E-03,2.652161111571E-03,3.349911349518E-03),
  .UNSPECIFIED.);
#3643 = CARTESIAN_POINT('',(23.762182759288,-59.86842606014,
    54.028135458627));
#3644 = CARTESIAN_POINT('',(23.91455457998,-60.03109812096,
    53.960167176976));
#3645 = CARTESIAN_POINT('',(24.078139225298,-60.19058520808,
    53.912451054995));
#3646 = CARTESIAN_POINT('',(24.422367236557,-60.49433917599,
    53.865116840174));
#3647 = CARTESIAN_POINT('',(24.607097039029,-60.64196321324,
    53.865351400497));
#3648 = CARTESIAN_POINT('',(24.889494722877,-60.83921503753,
    53.913069178241));
#3649 = CARTESIAN_POINT('',(24.984556017932,-60.90104689873,
    53.936742722708));
#3650 = CARTESIAN_POINT('',(25.17692611601,-61.01522737078,
    54.002887216366));
#3651 = CARTESIAN_POINT('',(25.273959678958,-61.0672800167,
    54.045484472029));
#3652 = CARTESIAN_POINT('',(25.556858168547,-61.1994403101,
    54.202330803707));
#3653 = CARTESIAN_POINT('',(25.73940654107,-61.2567016271,
    54.350227890686));
#3654 = CARTESIAN_POINT('',(25.887412923851,-61.26675576218,
    54.530746091567));
#3655 = CYLINDRICAL_SURFACE('',#3656,1.8);
#3656 = AXIS2_PLACEMENT_3D('',#3657,#3658,#3659);
#3657 = CARTESIAN_POINT('',(24.495460801293,-63.61156745426,
    55.672003857589));
#3658 = DIRECTION('',(2.067951531383E-25,1.,-5.426512006971E-14));
#3659 = DIRECTION('',(-1.,2.067951531383E-25,-1.122176381488E-38));
#3660 = ADVANCED_FACE('',(#3661),#3701,.F.);
#3661 = FACE_BOUND('',#3662,.F.);
#3662 = EDGE_LOOP('',(#3663,#3674,#3685,#3692,#3693,#3694));
#3663 = ORIENTED_EDGE('',*,*,#3664,.T.);
#3664 = EDGE_CURVE('',#3665,#3667,#3669,.T.);
#3665 = VERTEX_POINT('',#3666);
#3666 = CARTESIAN_POINT('',(24.494687159658,-28.70062822248,
    57.566519452074));
#3667 = VERTEX_POINT('',#3668);
#3668 = CARTESIAN_POINT('',(24.495460801293,-28.80835020722,
    57.560037909668));
#3669 = B_SPLINE_CURVE_WITH_KNOTS('',3,(#3670,#3671,#3672,#3673),
  .UNSPECIFIED.,.F.,.F.,(4,4),(1.105485796476E-15,1.079195761253E-04),
  .PIECEWISE_BEZIER_KNOTS.);
#3670 = CARTESIAN_POINT('',(24.494687159658,-28.70062822248,
    57.566519452074));
#3671 = CARTESIAN_POINT('',(24.495202914071,-28.73653323386,
    57.564366616517));
#3672 = CARTESIAN_POINT('',(24.495460801293,-28.77244241673,
    57.562206118091));
#3673 = CARTESIAN_POINT('',(24.495460801293,-28.80835020722,
    57.560037909668));
#3674 = ORIENTED_EDGE('',*,*,#3675,.T.);
#3675 = EDGE_CURVE('',#3667,#3676,#3678,.T.);
#3676 = VERTEX_POINT('',#3677);
#3677 = CARTESIAN_POINT('',(24.495460801293,-51.85778551891,
    54.580755517172));
#3678 = B_SPLINE_CURVE_WITH_KNOTS('',3,(#3679,#3680,#3681,#3682,#3683,
    #3684),.UNSPECIFIED.,.F.,.F.,(4,2,4),(1.079138600731E-04,
    1.168915526598E-02,2.337740092679E-02),.UNSPECIFIED.);
#3679 = CARTESIAN_POINT('',(24.495460801293,-28.80835020722,
    57.560037909668));
#3680 = CARTESIAN_POINT('',(24.495460801294,-32.69443996974,
    57.325385416758));
#3681 = CARTESIAN_POINT('',(24.495460801286,-36.55690401883,
    57.001531206209));
#3682 = CARTESIAN_POINT('',(24.495460801301,-44.25537124601,
    56.059357152081));
#3683 = CARTESIAN_POINT('',(24.495460801293,-48.0839033292,
    55.44250820855));
#3684 = CARTESIAN_POINT('',(24.495460801293,-51.85778551891,
    54.580755517172));
#3685 = ORIENTED_EDGE('',*,*,#3686,.T.);
#3686 = EDGE_CURVE('',#3676,#2428,#3687,.T.);
#3687 = CIRCLE('',#3688,1.8);
#3688 = AXIS2_PLACEMENT_3D('',#3689,#3690,#3691);
#3689 = CARTESIAN_POINT('',(24.495460801292,-52.25849499527,
    56.335586539111));
#3690 = DIRECTION('',(-1.942890293094E-16,-0.974906123299,
    -0.222616375753));
#3691 = DIRECTION('',(0.564426345316,-0.183766130443,0.804768855023));
#3692 = ORIENTED_EDGE('',*,*,#2427,.T.);
#3693 = ORIENTED_EDGE('',*,*,#2600,.F.);
#3694 = ORIENTED_EDGE('',*,*,#3695,.F.);
#3695 = EDGE_CURVE('',#3665,#2576,#3696,.T.);
#3696 = CIRCLE('',#3697,1.8);
#3697 = AXIS2_PLACEMENT_3D('',#3698,#3699,#3700);
#3698 = CARTESIAN_POINT('',(24.495460801293,-28.80835020722,
    59.363293053695));
#3699 = DIRECTION('',(-3.573530360512E-16,-0.998207648655,
    -5.984555260771E-02));
#3700 = DIRECTION('',(0.564426345316,-4.940151230904E-02,0.824003878204)
  );
#3701 = ( BOUNDED_SURFACE() B_SPLINE_SURFACE(3,3,(
    (#3702,#3703,#3704,#3705,#3706,#3707)
    ,(#3708,#3709,#3710,#3711,#3712,#3713)
    ,(#3714,#3715,#3716,#3717,#3718,#3719)
    ,(#3720,#3721,#3722,#3723,#3724,#3725)
    ,(#3726,#3727,#3728,#3729,#3730,#3731)
    ,(#3732,#3733,#3734,#3735,#3736,#3737)
    ,(#3738,#3739,#3740,#3741,#3742,#3743
)),.UNSPECIFIED.,.T.,.F.,.F.) B_SPLINE_SURFACE_WITH_KNOTS((1,3,3,3,1),(4
    ,2,4),(-0.5,0.,0.5,1.,1.5),(0.221714640789,0.583145943945,
0.944577247101),.UNSPECIFIED.) GEOMETRIC_REPRESENTATION_ITEM() 
RATIONAL_B_SPLINE_SURFACE((
    (1.,1.,1.,1.,1.,1.)
    ,(0.333333333333,0.333333333333,0.333333333333,0.333333333333
      ,0.333333333333,0.333333333333)
    ,(0.333333333333,0.333333333333,0.333333333333,0.333333333333
      ,0.333333333333,0.333333333333)
    ,(1.,1.,1.,1.,1.,1.)
    ,(0.333333333333,0.333333333333,0.333333333333,0.333333333333
      ,0.333333333333,0.333333333333)
    ,(0.333333333333,0.333333333333,0.333333333333,0.333333333333
      ,0.333333333333,0.333333333333)
,(1.,1.,1.,1.,1.,1.))) REPRESENTATION_ITEM('') SURFACE() );
#3702 = CARTESIAN_POINT('',(25.511428222861,-52.58927403007,
    57.784170478152));
#3703 = CARTESIAN_POINT('',(25.511428222861,-48.67709247163,
    58.677503342738));
#3704 = CARTESIAN_POINT('',(25.51142822286,-44.73753583424,
    59.310734220269));
#3705 = CARTESIAN_POINT('',(25.511428222863,-36.83766201151,
    60.27755733945));
#3706 = CARTESIAN_POINT('',(25.511428222862,-32.87066311269,
    60.608283335194));
#3707 = CARTESIAN_POINT('',(25.511428222861,-28.89727292938,
    60.846500034462));
#3708 = CARTESIAN_POINT('',(22.539687858488,-53.04161600061,
    59.765116198872));
#3709 = CARTESIAN_POINT('',(22.539687858488,-49.04391210242,
    60.67797778819));
#3710 = CARTESIAN_POINT('',(22.539687858488,-45.03569947815,61.321339018
    ));
#3711 = CARTESIAN_POINT('',(22.539687858489,-37.03317033349,
    62.300725566708));
#3712 = CARTESIAN_POINT('',(22.53968785849,-33.02377529105,
    62.634687122961));
#3713 = CARTESIAN_POINT('',(22.539687858489,-29.01887519293,
    62.87479293645));
#3714 = CARTESIAN_POINT('',(20.50775301535,-52.38005793102,
    56.867948320789));
#3715 = CARTESIAN_POINT('',(20.50775301535,-48.50743195545,
    57.752248807497));
#3716 = CARTESIAN_POINT('',(20.50775301536,-44.59962991676,
    58.380794219323));
#3717 = CARTESIAN_POINT('',(20.507753015342,-36.74723598185,
    59.341806531905));
#3718 = CARTESIAN_POINT('',(20.507753015352,-32.79984604339,
    59.671036024126));
#3719 = CARTESIAN_POINT('',(20.507753015351,-28.84102974861,
    59.908378974917));
#3720 = CARTESIAN_POINT('',(23.479493379723,-51.92771596047,
    54.887002600069));
#3721 = CARTESIAN_POINT('',(23.479493379723,-48.14061232466,
    55.751774362045));
#3722 = CARTESIAN_POINT('',(23.479493379732,-44.30146627285,
    56.370189421598));
#3723 = CARTESIAN_POINT('',(23.479493379715,-36.55172765987,
    57.31863830464));
#3724 = CARTESIAN_POINT('',(23.479493379725,-32.64673386503,
    57.644632236358));
#3725 = CARTESIAN_POINT('',(23.479493379724,-28.71942748506,
    57.880086072928));
#3726 = CARTESIAN_POINT('',(26.451233744096,-51.47537398992,
    52.906056879349));
#3727 = CARTESIAN_POINT('',(26.451233744096,-47.77379269387,
    53.751299916593));
#3728 = CARTESIAN_POINT('',(26.451233744104,-44.00330262895,
    54.359584623874));
#3729 = CARTESIAN_POINT('',(26.451233744089,-36.3562193379,
    55.295470077375));
#3730 = CARTESIAN_POINT('',(26.451233744097,-32.49362168667,
    55.618228448591));
#3731 = CARTESIAN_POINT('',(26.451233744097,-28.59782522151,
    55.85179317094));
#3732 = CARTESIAN_POINT('',(28.483168587234,-52.13693205952,
    55.803224757432));
#3733 = CARTESIAN_POINT('',(28.483168587234,-48.31027284083,
    56.677028897285));
#3734 = CARTESIAN_POINT('',(28.483168587232,-44.43937219034,
    57.300129422537));
#3735 = CARTESIAN_POINT('',(28.483168587236,-36.64215368954,
    58.254389112192));
#3736 = CARTESIAN_POINT('',(28.483168587235,-32.71755093433,
    58.581879547426));
#3737 = CARTESIAN_POINT('',(28.483168587234,-28.77567066583,
    58.818207132473));
#3738 = CARTESIAN_POINT('',(25.511428222861,-52.58927403007,
    57.784170478152));
#3739 = CARTESIAN_POINT('',(25.511428222861,-48.67709247163,
    58.677503342738));
#3740 = CARTESIAN_POINT('',(25.51142822286,-44.73753583424,
    59.310734220269));
#3741 = CARTESIAN_POINT('',(25.511428222863,-36.83766201151,
    60.27755733945));
#3742 = CARTESIAN_POINT('',(25.511428222862,-32.87066311269,
    60.608283335194));
#3743 = CARTESIAN_POINT('',(25.511428222861,-28.89727292938,
    60.846500034462));
#3744 = ADVANCED_FACE('',(#3745),#3757,.F.);
#3745 = FACE_BOUND('',#3746,.F.);
#3746 = EDGE_LOOP('',(#3747,#3748,#3755,#3756));
#3747 = ORIENTED_EDGE('',*,*,#3686,.F.);
#3748 = ORIENTED_EDGE('',*,*,#3749,.T.);
#3749 = EDGE_CURVE('',#3676,#3625,#3750,.T.);
#3750 = B_SPLINE_CURVE_WITH_KNOTS('',3,(#3751,#3752,#3753,#3754),
  .UNSPECIFIED.,.F.,.F.,(4,4),(2.081668171172E-17,6.207595620752E-03),
  .PIECEWISE_BEZIER_KNOTS.);
#3751 = CARTESIAN_POINT('',(24.495460801293,-51.85778551891,
    54.580755517172));
#3752 = CARTESIAN_POINT('',(24.495460801293,-53.87227792738,
    54.120753278763));
#3753 = CARTESIAN_POINT('',(24.495460801293,-55.92546614253,
    53.872003857589));
#3754 = CARTESIAN_POINT('',(24.495460802448,-58.01144041981,
    53.872003857589));
#3755 = ORIENTED_EDGE('',*,*,#3632,.T.);
#3756 = ORIENTED_EDGE('',*,*,#2436,.T.);
#3757 = ( BOUNDED_SURFACE() B_SPLINE_SURFACE(3,3,(
    (#3758,#3759,#3760,#3761)
    ,(#3762,#3763,#3764,#3765)
    ,(#3766,#3767,#3768,#3769)
    ,(#3770,#3771,#3772,#3773)
    ,(#3774,#3775,#3776,#3777)
    ,(#3778,#3779,#3780,#3781)
    ,(#3782,#3783,#3784,#3785
)),.UNSPECIFIED.,.T.,.F.,.F.) B_SPLINE_SURFACE_WITH_KNOTS((1,3,3,3,1),(4
    ,4),(-0.5,0.,0.5,1.,1.5),(4.449322218782E-02,0.221714640789),
.UNSPECIFIED.) GEOMETRIC_REPRESENTATION_ITEM() RATIONAL_B_SPLINE_SURFACE
((
    (1.,1.,1.,1.)
    ,(0.333333333333,0.333333333333,0.333333333333,0.333333333333)
    ,(0.333333333333,0.333333333333,0.333333333333,0.333333333333)
    ,(1.,1.,1.,1.)
    ,(0.333333333333,0.333333333333,0.333333333333,0.333333333333)
    ,(0.333333333333,0.333333333333,0.333333333333,0.333333333333)
,(1.,1.,1.,1.))) REPRESENTATION_ITEM('') SURFACE() );
#3758 = CARTESIAN_POINT('',(25.511428222861,-58.01144041981,
    57.157874039775));
#3759 = CARTESIAN_POINT('',(25.511428222861,-56.18616671932,
    57.157874039775));
#3760 = CARTESIAN_POINT('',(25.511428222861,-54.38252257784,
    57.37468849523));
#3761 = CARTESIAN_POINT('',(25.511428222861,-52.58927403007,
    57.784170478152));
#3762 = CARTESIAN_POINT('',(22.539687858488,-58.01144041981,
    59.189808882913));
#3763 = CARTESIAN_POINT('',(22.539687858488,-56.34738020501,
    59.189808882913));
#3764 = CARTESIAN_POINT('',(22.539687858489,-54.69805052822,
    59.386875215051));
#3765 = CARTESIAN_POINT('',(22.539687858489,-53.04161600061,
    59.765116198872));
#3766 = CARTESIAN_POINT('',(20.507753015351,-58.01144041981,
    56.21806851854));
#3767 = CARTESIAN_POINT('',(20.507753015351,-56.11160265322,
    56.21806851854));
#3768 = CARTESIAN_POINT('',(20.507753015351,-54.23658536393,
    56.444016827567));
#3769 = CARTESIAN_POINT('',(20.507753015351,-52.38005793102,
    56.867948320789));
#3770 = CARTESIAN_POINT('',(23.479493379724,-58.01144041981,
    54.186133675402));
#3771 = CARTESIAN_POINT('',(23.479493379724,-55.95038916753,
    54.186133675402));
#3772 = CARTESIAN_POINT('',(23.479493379724,-53.92105741355,
    54.431830107746));
#3773 = CARTESIAN_POINT('',(23.479493379724,-51.92771596047,
    54.887002600069));
#3774 = CARTESIAN_POINT('',(26.451233744097,-58.01144041981,
    52.154198832265));
#3775 = CARTESIAN_POINT('',(26.451233744097,-55.78917568184,
    52.154198832265));
#3776 = CARTESIAN_POINT('',(26.451233744097,-53.60552946317,
    52.419643387925));
#3777 = CARTESIAN_POINT('',(26.451233744097,-51.47537398992,
    52.906056879349));
#3778 = CARTESIAN_POINT('',(28.483168587234,-58.01144041981,
    55.125939196638));
#3779 = CARTESIAN_POINT('',(28.483168587234,-56.02495323363,
    55.125939196638));
#3780 = CARTESIAN_POINT('',(28.483168587234,-54.06699462746,
    55.362501775408));
#3781 = CARTESIAN_POINT('',(28.483168587234,-52.13693205952,
    55.803224757431));
#3782 = CARTESIAN_POINT('',(25.511428222861,-58.01144041981,
    57.157874039775));
#3783 = CARTESIAN_POINT('',(25.511428222861,-56.18616671932,
    57.157874039775));
#3784 = CARTESIAN_POINT('',(25.511428222861,-54.38252257784,
    57.37468849523));
#3785 = CARTESIAN_POINT('',(25.511428222861,-52.58927403007,
    57.784170478152));
#3786 = ADVANCED_FACE('',(#3787),#3874,.T.);
#3787 = FACE_BOUND('',#3788,.T.);
#3788 = EDGE_LOOP('',(#3789,#3797,#3805,#3814,#3825,#3836,#3845,#3856,
    #3865,#3871,#3872,#3873));
#3789 = ORIENTED_EDGE('',*,*,#3790,.T.);
#3790 = EDGE_CURVE('',#3616,#3791,#3793,.T.);
#3791 = VERTEX_POINT('',#3792);
#3792 = CARTESIAN_POINT('',(24.495460738145,-59.86842606013,
    52.899364359304));
#3793 = LINE('',#3794,#3795);
#3794 = CARTESIAN_POINT('',(24.495460738145,-59.86842606013,
    80.978348680723));
#3795 = VECTOR('',#3796,1.);
#3796 = DIRECTION('',(0.,0.,-1.));
#3797 = ORIENTED_EDGE('',*,*,#3798,.T.);
#3798 = EDGE_CURVE('',#3791,#3799,#3801,.T.);
#3799 = VERTEX_POINT('',#3800);
#3800 = CARTESIAN_POINT('',(24.495460801293,-52.36054302737,
    52.899364359304));
#3801 = LINE('',#3802,#3803);
#3802 = CARTESIAN_POINT('',(24.495460801293,-55.33900469952,
    52.899364359304));
#3803 = VECTOR('',#3804,1.);
#3804 = DIRECTION('',(2.067951531383E-25,1.,-5.426512006971E-14));
#3805 = ORIENTED_EDGE('',*,*,#3806,.T.);
#3806 = EDGE_CURVE('',#3799,#3807,#3809,.T.);
#3807 = VERTEX_POINT('',#3808);
#3808 = CARTESIAN_POINT('',(24.495460801293,-51.95586615216,
    53.008928307341));
#3809 = B_SPLINE_CURVE_WITH_KNOTS('',3,(#3810,#3811,#3812,#3813),
  .UNSPECIFIED.,.F.,.F.,(4,4),(1.004006080721E-03,1.423180874388E-03),
  .PIECEWISE_BEZIER_KNOTS.);
#3810 = CARTESIAN_POINT('',(24.495460801293,-52.36054302737,
    52.899364359304));
#3811 = CARTESIAN_POINT('',(24.495460801293,-52.22539202084,
    52.934854894011));
#3812 = CARTESIAN_POINT('',(24.495460801293,-52.09050131763,
    52.97138253908));
#3813 = CARTESIAN_POINT('',(24.495460801293,-51.95586615216,
    53.008928307341));
#3814 = ORIENTED_EDGE('',*,*,#3815,.T.);
#3815 = EDGE_CURVE('',#3807,#3816,#3818,.T.);
#3816 = VERTEX_POINT('',#3817);
#3817 = CARTESIAN_POINT('',(24.495460801293,-42.07409279777,
    55.093647830577));
#3818 = B_SPLINE_CURVE_WITH_KNOTS('',3,(#3819,#3820,#3821,#3822,#3823,
    #3824),.UNSPECIFIED.,.F.,.F.,(4,2,4),(0.,5.049641079274E-03,
    1.009928215855E-02),.UNSPECIFIED.);
#3819 = CARTESIAN_POINT('',(24.495460801293,-51.95586615216,
    53.008928307341));
#3820 = CARTESIAN_POINT('',(24.495460801293,-50.3311865626,
    53.462003424482));
#3821 = CARTESIAN_POINT('',(24.495460801293,-48.69316162077,
    53.851820273511));
#3822 = CARTESIAN_POINT('',(24.495460801293,-45.39738864937,
    54.537964616932));
#3823 = CARTESIAN_POINT('',(24.495460801293,-43.73958115313,
    54.834010233468));
#3824 = CARTESIAN_POINT('',(24.495460801293,-42.07409279777,
    55.093647830577));
#3825 = ORIENTED_EDGE('',*,*,#3826,.F.);
#3826 = EDGE_CURVE('',#3827,#3816,#3829,.T.);
#3827 = VERTEX_POINT('',#3828);
#3828 = CARTESIAN_POINT('',(24.495460801293,-39.27867853492,
    55.802098113989));
#3829 = B_SPLINE_CURVE_WITH_KNOTS('',3,(#3830,#3831,#3832,#3833,#3834,
    #3835),.UNSPECIFIED.,.F.,.F.,(4,2,4),(0.,1.440834957609E-03,
    2.881669915218E-03),.UNSPECIFIED.);
#3830 = CARTESIAN_POINT('',(24.495460801293,-39.27867853492,
    55.802098113989));
#3831 = CARTESIAN_POINT('',(24.495460801293,-39.75832301826,
    55.730660091516));
#3832 = CARTESIAN_POINT('',(24.495460801293,-40.23551745016,
    55.650907251228));
#3833 = CARTESIAN_POINT('',(24.495460801293,-41.17117657419,
    55.42783785448));
#3834 = CARTESIAN_POINT('',(24.495460801293,-41.62970216134,
    55.284727959398));
#3835 = CARTESIAN_POINT('',(24.495460801293,-42.07409279777,
    55.093647830577));
#3836 = ORIENTED_EDGE('',*,*,#3837,.F.);
#3837 = EDGE_CURVE('',#3838,#3827,#3840,.T.);
#3838 = VERTEX_POINT('',#3839);
#3839 = CARTESIAN_POINT('',(24.495460801293,-37.32414361786,
    56.07794149178));
#3840 = B_SPLINE_CURVE_WITH_KNOTS('',3,(#3841,#3842,#3843,#3844),
  .UNSPECIFIED.,.F.,.F.,(4,4),(0.,1.973903825181E-03),
  .PIECEWISE_BEZIER_KNOTS.);
#3841 = CARTESIAN_POINT('',(24.495460801293,-37.32414361786,
    56.07794149178));
#3842 = CARTESIAN_POINT('',(24.495460801293,-37.97633722309,
    55.990825886122));
#3843 = CARTESIAN_POINT('',(24.495460801293,-38.62787018794,
    55.89902920135));
#3844 = CARTESIAN_POINT('',(24.495460801293,-39.27867853492,
    55.802098113989));
#3845 = ORIENTED_EDGE('',*,*,#3846,.F.);
#3846 = EDGE_CURVE('',#3847,#3838,#3849,.T.);
#3847 = VERTEX_POINT('',#3848);
#3848 = CARTESIAN_POINT('',(24.495460801293,-33.49704503991,
    56.139862198824));
#3849 = B_SPLINE_CURVE_WITH_KNOTS('',3,(#3850,#3851,#3852,#3853,#3854,
    #3855),.UNSPECIFIED.,.F.,.F.,(4,2,4),(8.105008716544E-03,
    1.002038049832E-02,1.193575228009E-02),.UNSPECIFIED.);
#3850 = CARTESIAN_POINT('',(24.495460801293,-33.49704503991,
    56.139862198824));
#3851 = CARTESIAN_POINT('',(24.495460801293,-34.12586445073,
    56.247185502695));
#3852 = CARTESIAN_POINT('',(24.495460801293,-34.762984506,56.27734159741
    ));
#3853 = CARTESIAN_POINT('',(24.495460801293,-36.04824469298,
    56.23520529048));
#3854 = CARTESIAN_POINT('',(24.495460801293,-36.68705086288,
    56.163040028113));
#3855 = CARTESIAN_POINT('',(24.495460801293,-37.32414361786,
    56.07794149178));
#3856 = ORIENTED_EDGE('',*,*,#3857,.T.);
#3857 = EDGE_CURVE('',#3847,#3858,#3860,.T.);
#3858 = VERTEX_POINT('',#3859);
#3859 = CARTESIAN_POINT('',(24.495460801293,-28.80835020722,
    56.513241791159));
#3860 = B_SPLINE_CURVE_WITH_KNOTS('',3,(#3861,#3862,#3863,#3864),
  .UNSPECIFIED.,.F.,.F.,(4,4),(1.387778780781E-17,4.703538195238E-03),
  .PIECEWISE_BEZIER_KNOTS.);
#3861 = CARTESIAN_POINT('',(24.495460801293,-33.49704503991,
    56.139862198824));
#3862 = CARTESIAN_POINT('',(24.495460801293,-31.93574505167,
    56.284392498089));
#3863 = CARTESIAN_POINT('',(24.495460801293,-30.37273497633,
    56.40744846735));
#3864 = CARTESIAN_POINT('',(24.495460801293,-28.80835020722,
    56.513241791159));
#3865 = ORIENTED_EDGE('',*,*,#3866,.F.);
#3866 = EDGE_CURVE('',#3667,#3858,#3867,.T.);
#3867 = LINE('',#3868,#3869);
#3868 = CARTESIAN_POINT('',(24.495460801293,-28.80835020722,
    56.349289436328));
#3869 = VECTOR('',#3870,1.);
#3870 = DIRECTION('',(-8.606423291841E-23,-5.426512006971E-14,-1.));
#3871 = ORIENTED_EDGE('',*,*,#3675,.T.);
#3872 = ORIENTED_EDGE('',*,*,#3749,.T.);
#3873 = ORIENTED_EDGE('',*,*,#3624,.T.);
#3874 = PLANE('',#3875);
#3875 = AXIS2_PLACEMENT_3D('',#3876,#3877,#3878);
#3876 = CARTESIAN_POINT('',(24.495460801293,-51.84616753192,
    29.162876734008));
#3877 = DIRECTION('',(1.,-2.067951531429E-25,-8.606423291841E-23));
#3878 = DIRECTION('',(-8.606423291841E-23,-5.426512006971E-14,-1.));
#3879 = ADVANCED_FACE('',(#3880),#3933,.T.);
#3880 = FACE_BOUND('',#3881,.T.);
#3881 = EDGE_LOOP('',(#3882,#3891,#3900,#3909,#3928,#3929,#3930,#3931,
    #3932));
#3882 = ORIENTED_EDGE('',*,*,#3883,.F.);
#3883 = EDGE_CURVE('',#3884,#1257,#3886,.T.);
#3884 = VERTEX_POINT('',#3885);
#3885 = CARTESIAN_POINT('',(12.194242608204,-59.66842606018,
    58.184691881963));
#3886 = B_SPLINE_CURVE_WITH_KNOTS('',3,(#3887,#3888,#3889,#3890),
  .UNSPECIFIED.,.F.,.F.,(4,4),(6.627404804685E-04,7.305987990882E-04),
  .PIECEWISE_BEZIER_KNOTS.);
#3887 = CARTESIAN_POINT('',(12.194242608204,-59.66842606018,
    58.184691881963));
#3888 = CARTESIAN_POINT('',(12.194242608204,-59.64580662064,
    58.184691881961));
#3889 = CARTESIAN_POINT('',(12.194242608204,-59.6231871811,
    58.18469188196));
#3890 = CARTESIAN_POINT('',(12.194242608204,-59.60056774156,
    58.184691881959));
#3891 = ORIENTED_EDGE('',*,*,#3892,.T.);
#3892 = EDGE_CURVE('',#3884,#3893,#3895,.T.);
#3893 = VERTEX_POINT('',#3894);
#3894 = CARTESIAN_POINT('',(12.271559804013,-59.82637836169,
    58.186353189786));
#3895 = B_SPLINE_CURVE_WITH_KNOTS('',3,(#3896,#3897,#3898,#3899),
  .UNSPECIFIED.,.F.,.F.,(4,4),(0.,1.810096342699E-04),
  .PIECEWISE_BEZIER_KNOTS.);
#3896 = CARTESIAN_POINT('',(12.194242608204,-59.66842606018,
    58.184691881963));
#3897 = CARTESIAN_POINT('',(12.194242608204,-59.72963113637,
    58.184691881966));
#3898 = CARTESIAN_POINT('',(12.223249078779,-59.7888550386,
    58.184276134087));
#3899 = CARTESIAN_POINT('',(12.271559804013,-59.82637836169,
    58.186353189786));
#3900 = ORIENTED_EDGE('',*,*,#3901,.T.);
#3901 = EDGE_CURVE('',#3893,#3902,#3904,.T.);
#3902 = VERTEX_POINT('',#3903);
#3903 = CARTESIAN_POINT('',(12.271559804231,-59.75382500479,
    58.186353189786));
#3904 = B_SPLINE_CURVE_WITH_KNOTS('',3,(#3905,#3906,#3907,#3908),
  .UNSPECIFIED.,.F.,.F.,(4,4),(2.107599630779E-03,2.180152987677E-03),
  .PIECEWISE_BEZIER_KNOTS.);
#3905 = CARTESIAN_POINT('',(12.271559804013,-59.82637836169,
    58.186353189786));
#3906 = CARTESIAN_POINT('',(12.271559804085,-59.80219390939,
    58.186353189786));
#3907 = CARTESIAN_POINT('',(12.271559804156,-59.77800945709,
    58.186353189786));
#3908 = CARTESIAN_POINT('',(12.271559804231,-59.75382500479,
    58.186353189786));
#3909 = ORIENTED_EDGE('',*,*,#3910,.F.);
#3910 = EDGE_CURVE('',#2301,#3902,#3911,.T.);
#3911 = B_SPLINE_CURVE_WITH_KNOTS('',3,(#3912,#3913,#3914,#3915,#3916,
    #3917,#3918,#3919,#3920,#3921,#3922,#3923,#3924,#3925,#3926,#3927),
  .UNSPECIFIED.,.F.,.F.,(4,2,2,2,2,2,2,4),(0.,5.287368967289E-04,
    7.931053450934E-04,1.057473793458E-03,1.586210690187E-03,
    2.114947586916E-03,3.172421380373E-03,4.229895173831E-03),
  .UNSPECIFIED.);
#3912 = CARTESIAN_POINT('',(13.98884946668,-62.76655701877,
    59.845457474686));
#3913 = CARTESIAN_POINT('',(13.97520389018,-62.7773837466,
    59.669578210339));
#3914 = CARTESIAN_POINT('',(13.934555988185,-62.73858520936,
    59.498144912376));
#3915 = CARTESIAN_POINT('',(13.850096101205,-62.62775212461,
    59.274407529394));
#3916 = CARTESIAN_POINT('',(13.81820720314,-62.58246169927,
    59.205059972313));
#3917 = CARTESIAN_POINT('',(13.751428870673,-62.48285286177,
    59.079010997396));
#3918 = CARTESIAN_POINT('',(13.716333499889,-62.42828960467,
    59.02168774536));
#3919 = CARTESIAN_POINT('',(13.607399854113,-62.25391881192,
    58.862400831372));
#3920 = CARTESIAN_POINT('',(13.529695779539,-62.12299534004,
    58.772965124135));
#3921 = CARTESIAN_POINT('',(13.374860212935,-61.85399036169,
    58.621658873984));
#3922 = CARTESIAN_POINT('',(13.296688655554,-61.71420000195,
    58.558592299591));
#3923 = CARTESIAN_POINT('',(13.060693568727,-61.28386000374,
    58.395398971715));
#3924 = CARTESIAN_POINT('',(12.901137201406,-60.9818621971,
    58.321023754062));
#3925 = CARTESIAN_POINT('',(12.585325213441,-60.37276701737,
    58.219884243371));
#3926 = CARTESIAN_POINT('',(12.427946246837,-60.06345326156,
    58.193076817965));
#3927 = CARTESIAN_POINT('',(12.271559804231,-59.75382500479,
    58.186353189786));
#3928 = ORIENTED_EDGE('',*,*,#2319,.F.);
#3929 = ORIENTED_EDGE('',*,*,#1288,.T.);
#3930 = ORIENTED_EDGE('',*,*,#346,.F.);
#3931 = ORIENTED_EDGE('',*,*,#3590,.F.);
#3932 = ORIENTED_EDGE('',*,*,#1256,.F.);
#3933 = CYLINDRICAL_SURFACE('',#3934,1.8);
#3934 = AXIS2_PLACEMENT_3D('',#3935,#3936,#3937);
#3935 = CARTESIAN_POINT('',(12.194242597395,-69.00337778126,
    59.984691882511));
#3936 = DIRECTION('',(1.585996110796E-09,1.,-5.872364339749E-11));
#3937 = DIRECTION('',(-4.010470167303E-24,5.872364339749E-11,1.));
#3938 = ADVANCED_FACE('',(#3939),#3961,.T.);
#3939 = FACE_BOUND('',#3940,.T.);
#3940 = EDGE_LOOP('',(#3941,#3942,#3951,#3958,#3959,#3960));
#3941 = ORIENTED_EDGE('',*,*,#32,.F.);
#3942 = ORIENTED_EDGE('',*,*,#3943,.T.);
#3943 = EDGE_CURVE('',#24,#3944,#3946,.T.);
#3944 = VERTEX_POINT('',#3945);
#3945 = CARTESIAN_POINT('',(-12.19424260821,-59.60056779934,
    58.184691883213));
#3946 = B_SPLINE_CURVE_WITH_KNOTS('',3,(#3947,#3948,#3949,#3950),
  .UNSPECIFIED.,.F.,.F.,(4,4),(6.627404796774E-04,7.305987405771E-04),
  .PIECEWISE_BEZIER_KNOTS.);
#3947 = CARTESIAN_POINT('',(-12.19424260821,-59.66842606023,
    58.184691883209));
#3948 = CARTESIAN_POINT('',(-12.19424260821,-59.64580663994,
    58.18469188321));
#3949 = CARTESIAN_POINT('',(-12.19424260821,-59.62318721964,
    58.184691883211));
#3950 = CARTESIAN_POINT('',(-12.19424260821,-59.60056779934,
    58.184691883213));
#3951 = ORIENTED_EDGE('',*,*,#3952,.F.);
#3952 = EDGE_CURVE('',#422,#3944,#3953,.T.);
#3953 = B_SPLINE_CURVE_WITH_KNOTS('',3,(#3954,#3955,#3956,#3957),
  .UNSPECIFIED.,.F.,.F.,(4,4),(-1.165048343493E-05,1.361514188536E-04),
  .PIECEWISE_BEZIER_KNOTS.);
#3954 = CARTESIAN_POINT('',(-12.12768181349,-59.46842606024,
    58.185922952971));
#3955 = CARTESIAN_POINT('',(-12.14993456505,-59.51237381327,
    58.185099523001));
#3956 = CARTESIAN_POINT('',(-12.17205177583,-59.55653432805,
    58.184691882848));
#3957 = CARTESIAN_POINT('',(-12.19424260821,-59.60056779934,
    58.184691883213));
#3958 = ORIENTED_EDGE('',*,*,#3564,.F.);
#3959 = ORIENTED_EDGE('',*,*,#371,.F.);
#3960 = ORIENTED_EDGE('',*,*,#220,.T.);
#3961 = CYLINDRICAL_SURFACE('',#3962,1.8);
#3962 = AXIS2_PLACEMENT_3D('',#3963,#3964,#3965);
#3963 = CARTESIAN_POINT('',(-12.19424257164,-55.33793720166,
    59.984691883463));
#3964 = DIRECTION('',(-1.585995564997E-09,-1.,-5.861523921131E-11));
#3965 = DIRECTION('',(1.364635921934E-24,5.861523921131E-11,-1.));
#3966 = ADVANCED_FACE('',(#3967),#4002,.F.);
#3967 = FACE_BOUND('',#3968,.F.);
#3968 = EDGE_LOOP('',(#3969,#3977,#3986,#3995,#4001));
#3969 = ORIENTED_EDGE('',*,*,#3970,.F.);
#3970 = EDGE_CURVE('',#3971,#309,#3973,.T.);
#3971 = VERTEX_POINT('',#3972);
#3972 = CARTESIAN_POINT('',(12.194242608204,-57.46842605681,47.));
#3973 = LINE('',#3974,#3975);
#3974 = CARTESIAN_POINT('',(12.194242608204,-57.46842605682,
    29.162876734009));
#3975 = VECTOR('',#3976,1.);
#3976 = DIRECTION('',(8.606423291841E-23,5.426512006971E-14,1.));
#3977 = ORIENTED_EDGE('',*,*,#3978,.F.);
#3978 = EDGE_CURVE('',#3979,#3971,#3981,.T.);
#3979 = VERTEX_POINT('',#3980);
#3980 = CARTESIAN_POINT('',(11.857201446796,-56.35731494892,47.));
#3981 = CIRCLE('',#3982,2.);
#3982 = AXIS2_PLACEMENT_3D('',#3983,#3984,#3985);
#3983 = CARTESIAN_POINT('',(10.194242608204,-57.46842605999,47.));
#3984 = DIRECTION('',(0.,0.,-1.));
#3985 = DIRECTION('',(-1.,0.,0.));
#3986 = ORIENTED_EDGE('',*,*,#3987,.F.);
#3987 = EDGE_CURVE('',#3988,#3979,#3990,.T.);
#3988 = VERTEX_POINT('',#3989);
#3989 = CARTESIAN_POINT('',(11.517118263736,-55.96842605999,47.));
#3990 = CIRCLE('',#3991,2.);
#3991 = AXIS2_PLACEMENT_3D('',#3992,#3993,#3994);
#3992 = CARTESIAN_POINT('',(10.194242608204,-57.46842605999,47.));
#3993 = DIRECTION('',(0.,0.,-1.));
#3994 = DIRECTION('',(-1.,0.,0.));
#3995 = ORIENTED_EDGE('',*,*,#3996,.F.);
#3996 = EDGE_CURVE('',#300,#3988,#3997,.T.);
#3997 = LINE('',#3998,#3999);
#3998 = CARTESIAN_POINT('',(11.517118263735,-55.96842605999,
    29.162876734009));
#3999 = VECTOR('',#4000,1.);
#4000 = DIRECTION('',(-8.606423291841E-23,-5.426512006971E-14,-1.));
#4001 = ORIENTED_EDGE('',*,*,#308,.F.);
#4002 = CYLINDRICAL_SURFACE('',#4003,2.);
#4003 = AXIS2_PLACEMENT_3D('',#4004,#4005,#4006);
#4004 = CARTESIAN_POINT('',(10.194242608204,-57.46842606,29.162876734009
    ));
#4005 = DIRECTION('',(8.606423291841E-23,5.426512006971E-14,1.));
#4006 = DIRECTION('',(1.,-4.670285933025E-36,-8.606423291841E-23));
#4007 = ADVANCED_FACE('',(#4008),#4051,.T.);
#4008 = FACE_BOUND('',#4009,.T.);
#4009 = EDGE_LOOP('',(#4010,#4011,#4020,#4028,#4036,#4045));
#4010 = ORIENTED_EDGE('',*,*,#3978,.F.);
#4011 = ORIENTED_EDGE('',*,*,#4012,.T.);
#4012 = EDGE_CURVE('',#3979,#4013,#4015,.T.);
#4013 = VERTEX_POINT('',#4014);
#4014 = CARTESIAN_POINT('',(13.767775979721,-58.27476822951,47.));
#4015 = CIRCLE('',#4016,7.);
#4016 = AXIS2_PLACEMENT_3D('',#4017,#4018,#4019);
#4017 = CARTESIAN_POINT('',(17.67755738187,-52.46842606017,47.));
#4018 = DIRECTION('',(0.,0.,1.));
#4019 = DIRECTION('',(-1.,0.,0.));
#4020 = ORIENTED_EDGE('',*,*,#4021,.T.);
#4021 = EDGE_CURVE('',#4013,#4022,#4024,.T.);
#4022 = VERTEX_POINT('',#4023);
#4023 = CARTESIAN_POINT('',(13.767775979721,-59.86842606017,47.));
#4024 = LINE('',#4025,#4026);
#4025 = CARTESIAN_POINT('',(13.767775979721,-59.86842606015,47.));
#4026 = VECTOR('',#4027,1.);
#4027 = DIRECTION('',(-1.214579662565E-13,-1.,-0.));
#4028 = ORIENTED_EDGE('',*,*,#4029,.T.);
#4029 = EDGE_CURVE('',#4022,#4030,#4032,.T.);
#4030 = VERTEX_POINT('',#4031);
#4031 = CARTESIAN_POINT('',(12.394242608205,-59.86842606018,47.));
#4032 = LINE('',#4033,#4034);
#4033 = CARTESIAN_POINT('',(2.106063883632E-10,-59.86842606022,47.));
#4034 = VECTOR('',#4035,1.);
#4035 = DIRECTION('',(-1.,-3.517820698197E-12,0.));
#4036 = ORIENTED_EDGE('',*,*,#4037,.T.);
#4037 = EDGE_CURVE('',#4030,#4038,#4040,.T.);
#4038 = VERTEX_POINT('',#4039);
#4039 = CARTESIAN_POINT('',(12.194242608204,-59.66842606018,47.));
#4040 = CIRCLE('',#4041,0.2);
#4041 = AXIS2_PLACEMENT_3D('',#4042,#4043,#4044);
#4042 = CARTESIAN_POINT('',(12.394242608204,-59.66842606018,47.));
#4043 = DIRECTION('',(0.,0.,-1.));
#4044 = DIRECTION('',(-1.,0.,0.));
#4045 = ORIENTED_EDGE('',*,*,#4046,.T.);
#4046 = EDGE_CURVE('',#4038,#3971,#4047,.T.);
#4047 = LINE('',#4048,#4049);
#4048 = CARTESIAN_POINT('',(12.194242608204,-59.46842606017,47.));
#4049 = VECTOR('',#4050,1.);
#4050 = DIRECTION('',(0.,1.,0.));
#4051 = PLANE('',#4052);
#4052 = AXIS2_PLACEMENT_3D('',#4053,#4054,#4055);
#4053 = CARTESIAN_POINT('',(10.194242608204,-57.46842605999,47.));
#4054 = DIRECTION('',(0.,0.,-1.));
#4055 = DIRECTION('',(-1.,0.,0.));
#4056 = ADVANCED_FACE('',(#4057),#4072,.T.);
#4057 = FACE_BOUND('',#4058,.T.);
#4058 = EDGE_LOOP('',(#4059,#4060,#4066,#4067,#4068,#4069,#4070,#4071));
#4059 = ORIENTED_EDGE('',*,*,#4046,.F.);
#4060 = ORIENTED_EDGE('',*,*,#4061,.T.);
#4061 = EDGE_CURVE('',#4038,#3884,#4062,.T.);
#4062 = LINE('',#4063,#4064);
#4063 = CARTESIAN_POINT('',(12.194242608204,-59.66842606018,
    29.162876734009));
#4064 = VECTOR('',#4065,1.);
#4065 = DIRECTION('',(-6.846180197209E-30,-2.408363440133E-41,1.));
#4066 = ORIENTED_EDGE('',*,*,#3883,.T.);
#4067 = ORIENTED_EDGE('',*,*,#1265,.T.);
#4068 = ORIENTED_EDGE('',*,*,#866,.T.);
#4069 = ORIENTED_EDGE('',*,*,#838,.T.);
#4070 = ORIENTED_EDGE('',*,*,#317,.T.);
#4071 = ORIENTED_EDGE('',*,*,#3970,.F.);
#4072 = PLANE('',#4073);
#4073 = AXIS2_PLACEMENT_3D('',#4074,#4075,#4076);
#4074 = CARTESIAN_POINT('',(12.194242608204,-59.46842606017,
    29.162876734009));
#4075 = DIRECTION('',(-1.,2.067951531429E-25,8.606423291841E-23));
#4076 = DIRECTION('',(8.606423291841E-23,5.426512006971E-14,1.));
#4077 = ADVANCED_FACE('',(#4078),#4113,.F.);
#4078 = FACE_BOUND('',#4079,.F.);
#4079 = EDGE_LOOP('',(#4080,#4088,#4089,#4097,#4106));
#4080 = ORIENTED_EDGE('',*,*,#4081,.T.);
#4081 = EDGE_CURVE('',#4082,#274,#4084,.T.);
#4082 = VERTEX_POINT('',#4083);
#4083 = CARTESIAN_POINT('',(-12.19424260821,-57.46842605682,47.));
#4084 = LINE('',#4085,#4086);
#4085 = CARTESIAN_POINT('',(-12.19424260821,-57.46842605682,
    29.162876734009));
#4086 = VECTOR('',#4087,1.);
#4087 = DIRECTION('',(8.606423291841E-23,5.426512006971E-14,1.));
#4088 = ORIENTED_EDGE('',*,*,#271,.F.);
#4089 = ORIENTED_EDGE('',*,*,#4090,.F.);
#4090 = EDGE_CURVE('',#4091,#272,#4093,.T.);
#4091 = VERTEX_POINT('',#4092);
#4092 = CARTESIAN_POINT('',(-11.51711826374,-55.96842605999,47.));
#4093 = LINE('',#4094,#4095);
#4094 = CARTESIAN_POINT('',(-11.51711826374,-55.96842605999,
    29.162876734009));
#4095 = VECTOR('',#4096,1.);
#4096 = DIRECTION('',(8.606423291841E-23,5.426512006971E-14,1.));
#4097 = ORIENTED_EDGE('',*,*,#4098,.F.);
#4098 = EDGE_CURVE('',#4099,#4091,#4101,.T.);
#4099 = VERTEX_POINT('',#4100);
#4100 = CARTESIAN_POINT('',(-11.8572014468,-56.35731494892,47.));
#4101 = CIRCLE('',#4102,2.000000000001);
#4102 = AXIS2_PLACEMENT_3D('',#4103,#4104,#4105);
#4103 = CARTESIAN_POINT('',(-10.19424260821,-57.46842606,47.));
#4104 = DIRECTION('',(0.,0.,-1.));
#4105 = DIRECTION('',(-1.,0.,0.));
#4106 = ORIENTED_EDGE('',*,*,#4107,.F.);
#4107 = EDGE_CURVE('',#4082,#4099,#4108,.T.);
#4108 = CIRCLE('',#4109,2.000000000001);
#4109 = AXIS2_PLACEMENT_3D('',#4110,#4111,#4112);
#4110 = CARTESIAN_POINT('',(-10.19424260821,-57.46842606,47.));
#4111 = DIRECTION('',(0.,0.,-1.));
#4112 = DIRECTION('',(-1.,0.,0.));
#4113 = CYLINDRICAL_SURFACE('',#4114,2.);
#4114 = AXIS2_PLACEMENT_3D('',#4115,#4116,#4117);
#4115 = CARTESIAN_POINT('',(-10.19424260821,-57.46842606,29.162876734009
    ));
#4116 = DIRECTION('',(8.606423291841E-23,5.426512006971E-14,1.));
#4117 = DIRECTION('',(1.,-4.670285933025E-36,-8.606423291841E-23));
#4118 = ADVANCED_FACE('',(#4119),#4162,.T.);
#4119 = FACE_BOUND('',#4120,.T.);
#4120 = EDGE_LOOP('',(#4121,#4131,#4138,#4139,#4147,#4156));
#4121 = ORIENTED_EDGE('',*,*,#4122,.T.);
#4122 = EDGE_CURVE('',#4123,#4125,#4127,.T.);
#4123 = VERTEX_POINT('',#4124);
#4124 = CARTESIAN_POINT('',(-13.76777598031,-59.86842606023,47.));
#4125 = VERTEX_POINT('',#4126);
#4126 = CARTESIAN_POINT('',(-13.76777598031,-58.2747682299,47.));
#4127 = LINE('',#4128,#4129);
#4128 = CARTESIAN_POINT('',(-13.76777598031,-56.0554189773,47.));
#4129 = VECTOR('',#4130,1.);
#4130 = DIRECTION('',(-1.214579664386E-13,1.,-0.));
#4131 = ORIENTED_EDGE('',*,*,#4132,.T.);
#4132 = EDGE_CURVE('',#4125,#4099,#4133,.T.);
#4133 = CIRCLE('',#4134,7.);
#4134 = AXIS2_PLACEMENT_3D('',#4135,#4136,#4137);
#4135 = CARTESIAN_POINT('',(-17.67755738187,-52.46842606017,47.));
#4136 = DIRECTION('',(0.,0.,1.));
#4137 = DIRECTION('',(-1.,0.,0.));
#4138 = ORIENTED_EDGE('',*,*,#4107,.F.);
#4139 = ORIENTED_EDGE('',*,*,#4140,.T.);
#4140 = EDGE_CURVE('',#4082,#4141,#4143,.T.);
#4141 = VERTEX_POINT('',#4142);
#4142 = CARTESIAN_POINT('',(-12.19424260821,-59.66842606023,47.));
#4143 = LINE('',#4144,#4145);
#4144 = CARTESIAN_POINT('',(-12.19424260821,-57.46842605682,47.));
#4145 = VECTOR('',#4146,1.);
#4146 = DIRECTION('',(0.,-1.,0.));
#4147 = ORIENTED_EDGE('',*,*,#4148,.T.);
#4148 = EDGE_CURVE('',#4141,#4149,#4151,.T.);
#4149 = VERTEX_POINT('',#4150);
#4150 = CARTESIAN_POINT('',(-12.39424260821,-59.86842606023,47.));
#4151 = CIRCLE('',#4152,0.2);
#4152 = AXIS2_PLACEMENT_3D('',#4153,#4154,#4155);
#4153 = CARTESIAN_POINT('',(-12.39424260821,-59.66842606023,47.));
#4154 = DIRECTION('',(0.,0.,-1.));
#4155 = DIRECTION('',(-1.,0.,0.));
#4156 = ORIENTED_EDGE('',*,*,#4157,.T.);
#4157 = EDGE_CURVE('',#4149,#4123,#4158,.T.);
#4158 = LINE('',#4159,#4160);
#4159 = CARTESIAN_POINT('',(0.,-59.86842606023,47.));
#4160 = VECTOR('',#4161,1.);
#4161 = DIRECTION('',(-1.,0.,0.));
#4162 = PLANE('',#4163);
#4163 = AXIS2_PLACEMENT_3D('',#4164,#4165,#4166);
#4164 = CARTESIAN_POINT('',(10.194242608204,-57.46842605999,47.));
#4165 = DIRECTION('',(0.,0.,-1.));
#4166 = DIRECTION('',(-1.,0.,0.));
#4167 = ADVANCED_FACE('',(#4168),#4208,.F.);
#4168 = FACE_BOUND('',#4169,.F.);
#4169 = EDGE_LOOP('',(#4170,#4179,#4190,#4199,#4206,#4207));
#4170 = ORIENTED_EDGE('',*,*,#4171,.F.);
#4171 = EDGE_CURVE('',#4172,#2136,#4174,.T.);
#4172 = VERTEX_POINT('',#4173);
#4173 = CARTESIAN_POINT('',(-24.4954607107,-51.85778553873,
    54.580755573201));
#4174 = CIRCLE('',#4175,1.8);
#4175 = AXIS2_PLACEMENT_3D('',#4176,#4177,#4178);
#4176 = CARTESIAN_POINT('',(-24.4954607107,-52.25849501131,
    56.335586596004));
#4177 = DIRECTION('',(3.74700270811E-16,0.974906123779,0.222616373651));
#4178 = DIRECTION('',(-0.570156972687,-0.182887314634,0.800920256107));
#4179 = ORIENTED_EDGE('',*,*,#4180,.T.);
#4180 = EDGE_CURVE('',#4172,#4181,#4183,.T.);
#4181 = VERTEX_POINT('',#4182);
#4182 = CARTESIAN_POINT('',(-24.4954607107,-29.12098099528,
    57.540957131699));
#4183 = B_SPLINE_CURVE_WITH_KNOTS('',3,(#4184,#4185,#4186,#4187,#4188,
    #4189),.UNSPECIFIED.,.F.,.F.,(4,2,4),(0.,1.15323448823E-02,
    2.295530345945E-02),.UNSPECIFIED.);
#4184 = CARTESIAN_POINT('',(-24.4954607107,-51.85778553873,
    54.580755573201));
#4185 = CARTESIAN_POINT('',(-24.4954607107,-48.12857293299,
    55.432308114123));
#4186 = CARTESIAN_POINT('',(-24.49546071069,-44.34950663806,
    56.043914530967));
#4187 = CARTESIAN_POINT('',(-24.4954607107,-36.75631302797,
    56.980864568829));
#4188 = CARTESIAN_POINT('',(-24.4954607107,-32.94962952425,
    57.30485180756));
#4189 = CARTESIAN_POINT('',(-24.4954607107,-29.12098099528,
    57.540957131699));
#4190 = ORIENTED_EDGE('',*,*,#4191,.T.);
#4191 = EDGE_CURVE('',#4181,#4192,#4194,.T.);
#4192 = VERTEX_POINT('',#4193);
#4193 = CARTESIAN_POINT('',(-24.49470448688,-29.01098549882,
    57.547715998811));
#4194 = B_SPLINE_CURVE_WITH_KNOTS('',3,(#4195,#4196,#4197,#4198),
  .UNSPECIFIED.,.F.,.F.,(4,4),(0.,1.102055506726E-04),
  .PIECEWISE_BEZIER_KNOTS.);
#4195 = CARTESIAN_POINT('',(-24.4954607107,-29.12098099528,
    57.540957131699));
#4196 = CARTESIAN_POINT('',(-24.4954607107,-29.08431546414,
    57.543218223843));
#4197 = CARTESIAN_POINT('',(-24.49520863102,-29.0476485628,
    57.545471162639));
#4198 = CARTESIAN_POINT('',(-24.49470448688,-29.01098549882,
    57.547715998811));
#4199 = ORIENTED_EDGE('',*,*,#4200,.T.);
#4200 = EDGE_CURVE('',#4192,#3106,#4201,.T.);
#4201 = CIRCLE('',#4202,1.8);
#4202 = AXIS2_PLACEMENT_3D('',#4203,#4204,#4205);
#4203 = CARTESIAN_POINT('',(-24.4954607107,-29.12098099528,
    59.344351860327));
#4204 = DIRECTION('',(-2.352285033425E-15,0.998131122263,
    6.110861453525E-02));
#4205 = DIRECTION('',(-0.570156972687,-5.020291288579E-02,0.820000423192
    ));
#4206 = ORIENTED_EDGE('',*,*,#3114,.F.);
#4207 = ORIENTED_EDGE('',*,*,#2133,.T.);
#4208 = ( BOUNDED_SURFACE() B_SPLINE_SURFACE(3,3,(
    (#4209,#4210,#4211,#4212,#4213,#4214)
    ,(#4215,#4216,#4217,#4218,#4219,#4220)
    ,(#4221,#4222,#4223,#4224,#4225,#4226)
    ,(#4227,#4228,#4229,#4230,#4231,#4232)
    ,(#4233,#4234,#4235,#4236,#4237,#4238)
    ,(#4239,#4240,#4241,#4242,#4243,#4244)
    ,(#4245,#4246,#4247,#4248,#4249,#4250
)),.UNSPECIFIED.,.T.,.F.,.F.) B_SPLINE_SURFACE_WITH_KNOTS((1,3,3,3,1),(4
    ,2,4),(-0.5,0.,0.5,1.,1.5),(0.666754723049,0.793867007413,
0.920979291778),.UNSPECIFIED.) GEOMETRIC_REPRESENTATION_ITEM() 
RATIONAL_B_SPLINE_SURFACE((
    (1.,1.,1.,1.,1.,1.)
    ,(0.333333333333,0.333333333333,0.333333333333,0.333333333333
      ,0.333333333333,0.333333333333)
    ,(0.333333333333,0.333333333333,0.333333333333,0.333333333333
      ,0.333333333333,0.333333333333)
    ,(1.,1.,1.,1.,1.,1.)
    ,(0.333333333333,0.333333333333,0.333333333333,0.333333333333
      ,0.333333333333,0.333333333333)
    ,(0.333333333333,0.333333333333,0.333333333333,0.333333333333
      ,0.333333333333,0.333333333333)
,(1.,1.,1.,1.,1.,1.))) REPRESENTATION_ITEM('') SURFACE() );
#4209 = CARTESIAN_POINT('',(-25.52174326153,-29.21134623847,
    60.820352622072));
#4210 = CARTESIAN_POINT('',(-25.52174326153,-33.12789707731,
    60.580569501217));
#4211 = CARTESIAN_POINT('',(-25.52174326152,-37.03943456522,
    60.249560452033));
#4212 = CARTESIAN_POINT('',(-25.52174326154,-44.83326757007,
    59.287852841796));
#4213 = CARTESIAN_POINT('',(-25.52174326153,-48.72210608818,
    58.659936001768));
#4214 = CARTESIAN_POINT('',(-25.52174326153,-52.58769217765,
    57.777243056997));
#4215 = CARTESIAN_POINT('',(-22.56421447834,-29.33677564808,
    62.869081730522));
#4216 = CARTESIAN_POINT('',(-22.56421447834,-33.28513760126,
    62.627351036768));
#4217 = CARTESIAN_POINT('',(-22.56421447833,-37.23932490201,
    62.293027479382));
#4218 = CARTESIAN_POINT('',(-22.56421447835,-45.13611055848,
    61.318616194551));
#4219 = CARTESIAN_POINT('',(-22.56421447834,-49.09366844995,
    60.680488738142));
#4220 = CARTESIAN_POINT('',(-22.56421447834,-53.04462677727,
    59.778301344073));
#4221 = CARTESIAN_POINT('',(-20.51164937667,-29.15604516169,
    59.917080207032));
#4222 = CARTESIAN_POINT('',(-20.51164937667,-33.05857067041,
    59.678155759425));
#4223 = CARTESIAN_POINT('',(-20.51164937667,-36.95130411081,
    59.3486080571));
#4224 = CARTESIAN_POINT('',(-20.51164937667,-44.69974590713,
    58.392501421019));
#4225 = CARTESIAN_POINT('',(-20.51164937667,-48.55828646436,
    57.769086380716));
#4226 = CARTESIAN_POINT('',(-20.51164937667,-52.38623244458,
    56.894988422088));
#4227 = CARTESIAN_POINT('',(-23.46917815986,-29.03061575208,
    57.868351098582));
#4228 = CARTESIAN_POINT('',(-23.46917815986,-32.90133014647,
    57.631374223875));
#4229 = CARTESIAN_POINT('',(-23.46917815986,-36.75141377403,
    57.305141029751));
#4230 = CARTESIAN_POINT('',(-23.46917815986,-44.39690291872,
    56.361738068265));
#4231 = CARTESIAN_POINT('',(-23.46917815986,-48.18672410259,
    55.748533644342));
#4232 = CARTESIAN_POINT('',(-23.46917815986,-51.92929784497,
    54.893930135011));
#4233 = CARTESIAN_POINT('',(-26.42670694305,-28.90518634248,
    55.819621990132));
#4234 = CARTESIAN_POINT('',(-26.42670694305,-32.74408962253,
    55.584592688324));
#4235 = CARTESIAN_POINT('',(-26.42670694305,-36.55152343724,
    55.261674002402));
#4236 = CARTESIAN_POINT('',(-26.42670694305,-44.09405993031,
    54.33097471551));
#4237 = CARTESIAN_POINT('',(-26.42670694305,-47.81516174082,
    53.727980907967));
#4238 = CARTESIAN_POINT('',(-26.42670694305,-51.47236324535,
    52.892871847935));
#4239 = CARTESIAN_POINT('',(-28.47927204472,-29.08591682887,
    58.771623513622));
#4240 = CARTESIAN_POINT('',(-28.47927204472,-32.97065655337,
    58.533787965667));
#4241 = CARTESIAN_POINT('',(-28.47927204471,-36.83954422844,
    58.206093424684));
#4242 = CARTESIAN_POINT('',(-28.47927204473,-44.53042458167,
    57.257089489042));
#4243 = CARTESIAN_POINT('',(-28.47927204472,-48.35054372641,
    56.639383265394));
#4244 = CARTESIAN_POINT('',(-28.47927204472,-52.13075757803,
    55.77618476992));
#4245 = CARTESIAN_POINT('',(-25.52174326153,-29.21134623847,
    60.820352622072));
#4246 = CARTESIAN_POINT('',(-25.52174326153,-33.12789707731,
    60.580569501217));
#4247 = CARTESIAN_POINT('',(-25.52174326152,-37.03943456522,
    60.249560452033));
#4248 = CARTESIAN_POINT('',(-25.52174326154,-44.83326757007,
    59.287852841796));
#4249 = CARTESIAN_POINT('',(-25.52174326153,-48.72210608818,
    58.659936001768));
#4250 = CARTESIAN_POINT('',(-25.52174326153,-52.58769217765,
    57.777243056997));
#4251 = ADVANCED_FACE('',(#4252),#4297,.T.);
#4252 = FACE_BOUND('',#4253,.T.);
#4253 = EDGE_LOOP('',(#4254,#4264,#4273,#4288,#4289,#4290));
#4254 = ORIENTED_EDGE('',*,*,#4255,.F.);
#4255 = EDGE_CURVE('',#4256,#4258,#4260,.T.);
#4256 = VERTEX_POINT('',#4257);
#4257 = CARTESIAN_POINT('',(-24.4954607107,-59.86842606017,
    53.872003925558));
#4258 = VERTEX_POINT('',#4259);
#4259 = CARTESIAN_POINT('',(-24.49546070954,-58.01144039859,
    53.872003925558));
#4260 = LINE('',#4261,#4262);
#4261 = CARTESIAN_POINT('',(-24.4954607107,-58.01144039859,
    53.872003925558));
#4262 = VECTOR('',#4263,1.);
#4263 = DIRECTION('',(3.715087906981E-43,1.,-5.426512006971E-14));
#4264 = ORIENTED_EDGE('',*,*,#4265,.T.);
#4265 = EDGE_CURVE('',#4256,#4266,#4268,.T.);
#4266 = VERTEX_POINT('',#4267);
#4267 = CARTESIAN_POINT('',(-23.76218268128,-59.86842606023,
    54.028135520983));
#4268 = CIRCLE('',#4269,1.8);
#4269 = AXIS2_PLACEMENT_3D('',#4270,#4271,#4272);
#4270 = CARTESIAN_POINT('',(-24.4954607107,-59.86842606023,
    55.672003925558));
#4271 = DIRECTION('',(0.,-1.,0.));
#4272 = DIRECTION('',(0.,0.,-1.));
#4273 = ORIENTED_EDGE('',*,*,#4274,.T.);
#4274 = EDGE_CURVE('',#4266,#2047,#4275,.T.);
#4275 = B_SPLINE_CURVE_WITH_KNOTS('',3,(#4276,#4277,#4278,#4279,#4280,
    #4281,#4282,#4283,#4284,#4285,#4286,#4287),.UNSPECIFIED.,.F.,.F.,(4,
    2,2,2,2,4),(5.589104039934E-04,1.256660640533E-03,1.954410877072E-03
    ,2.303285995341E-03,2.652161113611E-03,3.34991135015E-03),
  .UNSPECIFIED.);
#4276 = CARTESIAN_POINT('',(-23.76218268128,-59.86842606023,
    54.028135520983));
#4277 = CARTESIAN_POINT('',(-23.91455450224,-60.0310981207,
    53.960167240606));
#4278 = CARTESIAN_POINT('',(-24.07813914754,-60.19058520733,
    53.912451119945));
#4279 = CARTESIAN_POINT('',(-24.4223671586,-60.49433917443,
    53.865116907658));
#4280 = CARTESIAN_POINT('',(-24.60709696083,-60.64196321129,
    53.865351469266));
#4281 = CARTESIAN_POINT('',(-24.88949464388,-60.83921503493,
    53.913069248818));
#4282 = CARTESIAN_POINT('',(-24.98455593864,-60.90104689594,
    53.936742793871));
#4283 = CARTESIAN_POINT('',(-25.17692603603,-61.01522736762,
    54.00288728868));
#4284 = CARTESIAN_POINT('',(-25.27395959852,-61.06728001333,
    54.04548454487));
#4285 = CARTESIAN_POINT('',(-25.55685808665,-61.19944030622,
    54.202330878016));
#4286 = CARTESIAN_POINT('',(-25.73940645798,-61.25670162295,
    54.350227965814));
#4287 = CARTESIAN_POINT('',(-25.88741283944,-61.26675575795,
    54.530746167085));
#4288 = ORIENTED_EDGE('',*,*,#2044,.F.);
#4289 = ORIENTED_EDGE('',*,*,#2164,.F.);
#4290 = ORIENTED_EDGE('',*,*,#4291,.F.);
#4291 = EDGE_CURVE('',#4258,#2165,#4292,.T.);
#4292 = CIRCLE('',#4293,1.8);
#4293 = AXIS2_PLACEMENT_3D('',#4294,#4295,#4296);
#4294 = CARTESIAN_POINT('',(-24.4954607107,-58.01144039859,
    55.672003925558));
#4295 = DIRECTION('',(2.37191437719E-16,1.,-4.714024418188E-14));
#4296 = DIRECTION('',(-0.570156972687,3.886263330054E-14,0.821535773108)
  );
#4297 = CYLINDRICAL_SURFACE('',#4298,1.8);
#4298 = AXIS2_PLACEMENT_3D('',#4299,#4300,#4301);
#4299 = CARTESIAN_POINT('',(-24.4954607107,-58.01144039859,
    55.672003925558));
#4300 = DIRECTION('',(-3.715087906981E-43,-1.,5.426512006971E-14));
#4301 = DIRECTION('',(1.,-3.715087906981E-43,2.015996913419E-56));
#4302 = ADVANCED_FACE('',(#4303),#4315,.F.);
#4303 = FACE_BOUND('',#4304,.F.);
#4304 = EDGE_LOOP('',(#4305,#4306,#4313,#4314));
#4305 = ORIENTED_EDGE('',*,*,#4291,.F.);
#4306 = ORIENTED_EDGE('',*,*,#4307,.T.);
#4307 = EDGE_CURVE('',#4258,#4172,#4308,.T.);
#4308 = B_SPLINE_CURVE_WITH_KNOTS('',3,(#4309,#4310,#4311,#4312),
  .UNSPECIFIED.,.F.,.F.,(4,4),(0.,6.207092025033E-03),
  .PIECEWISE_BEZIER_KNOTS.);
#4309 = CARTESIAN_POINT('',(-24.49546070954,-58.01144039859,
    53.872003925558));
#4310 = CARTESIAN_POINT('',(-24.4954607107,-55.92546613598,
    53.872003925557));
#4311 = CARTESIAN_POINT('',(-24.4954607107,-53.87227793454,
    54.120753342255));
#4312 = CARTESIAN_POINT('',(-24.4954607107,-51.85778553873,
    54.580755573201));
#4313 = ORIENTED_EDGE('',*,*,#4171,.T.);
#4314 = ORIENTED_EDGE('',*,*,#2173,.T.);
#4315 = ( BOUNDED_SURFACE() B_SPLINE_SURFACE(3,3,(
    (#4316,#4317,#4318,#4319)
    ,(#4320,#4321,#4322,#4323)
    ,(#4324,#4325,#4326,#4327)
    ,(#4328,#4329,#4330,#4331)
    ,(#4332,#4333,#4334,#4335)
    ,(#4336,#4337,#4338,#4339)
    ,(#4340,#4341,#4342,#4343
)),.UNSPECIFIED.,.T.,.F.,.F.) B_SPLINE_SURFACE_WITH_KNOTS((1,3,3,3,1),(4
    ,4),(-0.5,0.,0.5,1.,1.5),(0.920979291778,0.984142292202),
.UNSPECIFIED.) GEOMETRIC_REPRESENTATION_ITEM() RATIONAL_B_SPLINE_SURFACE
((
    (1.,1.,1.,1.)
    ,(0.333333333333,0.333333333333,0.333333333333,0.333333333333)
    ,(0.333333333333,0.333333333333,0.333333333333,0.333333333333)
    ,(1.,1.,1.,1.)
    ,(0.333333333333,0.333333333333,0.333333333333,0.333333333333)
    ,(0.333333333333,0.333333333333,0.333333333333,0.333333333333)
,(1.,1.,1.,1.))) REPRESENTATION_ITEM('') SURFACE() );
#4316 = CARTESIAN_POINT('',(-25.52174326153,-52.58769217765,
    57.777243056997));
#4317 = CARTESIAN_POINT('',(-25.52174326153,-54.38141916069,
    57.367651829138));
#4318 = CARTESIAN_POINT('',(-25.52174326153,-56.18560293729,
    57.150768317152));
#4319 = CARTESIAN_POINT('',(-25.52174326153,-58.01144039859,
    57.150768317152));
#4320 = CARTESIAN_POINT('',(-22.56421447834,-53.04462677727,
    59.778301344073));
#4321 = CARTESIAN_POINT('',(-22.56421447834,-54.70015066678,
    59.400268305008));
#4322 = CARTESIAN_POINT('',(-22.56421447834,-56.34845322363,
    59.203333418825));
#4323 = CARTESIAN_POINT('',(-22.56421447834,-58.01144039859,
    59.203333418825));
#4324 = CARTESIAN_POINT('',(-20.51164937667,-52.38623244458,
    56.894988422088));
#4325 = CARTESIAN_POINT('',(-20.51164937667,-54.24089234528,
    56.471483377469));
#4326 = CARTESIAN_POINT('',(-20.51164937667,-56.11380321968,
    56.245804635635));
#4327 = CARTESIAN_POINT('',(-20.51164937667,-58.01144039859,
    56.245804635635));
#4328 = CARTESIAN_POINT('',(-23.46917815986,-51.92929784497,
    54.893930135011));
#4329 = CARTESIAN_POINT('',(-23.46917815986,-53.9221608392,54.4388669016
    ));
#4330 = CARTESIAN_POINT('',(-23.46917815986,-55.95095293334,
    54.193239533962));
#4331 = CARTESIAN_POINT('',(-23.46917815986,-58.01144039859,
    54.193239533963));
#4332 = CARTESIAN_POINT('',(-26.42670694305,-51.47236324535,
    52.892871847935));
#4333 = CARTESIAN_POINT('',(-26.42670694305,-53.60342933312,
    52.40625042573));
#4334 = CARTESIAN_POINT('',(-26.42670694305,-55.788102647,52.14067443229
    ));
#4335 = CARTESIAN_POINT('',(-26.42670694305,-58.01144039859,
    52.14067443229));
#4336 = CARTESIAN_POINT('',(-28.47927204472,-52.13075757803,
    55.77618476992));
#4337 = CARTESIAN_POINT('',(-28.47927204472,-54.06268765461,
    55.335035353269));
#4338 = CARTESIAN_POINT('',(-28.47927204472,-56.02275265094,
    55.09820321548));
#4339 = CARTESIAN_POINT('',(-28.47927204472,-58.01144039859,
    55.09820321548));
#4340 = CARTESIAN_POINT('',(-25.52174326153,-52.58769217765,
    57.777243056997));
#4341 = CARTESIAN_POINT('',(-25.52174326153,-54.38141916069,
    57.367651829138));
#4342 = CARTESIAN_POINT('',(-25.52174326153,-56.18560293729,
    57.150768317152));
#4343 = CARTESIAN_POINT('',(-25.52174326153,-58.01144039859,
    57.150768317152));
#4344 = ADVANCED_FACE('',(#4345),#4432,.T.);
#4345 = FACE_BOUND('',#4346,.T.);
#4346 = EDGE_LOOP('',(#4347,#4358,#4366,#4372,#4373,#4374,#4375,#4383,
    #4392,#4403,#4412,#4423));
#4347 = ORIENTED_EDGE('',*,*,#4348,.T.);
#4348 = EDGE_CURVE('',#4349,#4351,#4353,.T.);
#4349 = VERTEX_POINT('',#4350);
#4350 = CARTESIAN_POINT('',(-24.4954607107,-51.95586617027,
    53.008928376462));
#4351 = VERTEX_POINT('',#4352);
#4352 = CARTESIAN_POINT('',(-24.4954607107,-52.36054349122,
    52.899364312706));
#4353 = B_SPLINE_CURVE_WITH_KNOTS('',3,(#4354,#4355,#4356,#4357),
  .UNSPECIFIED.,.F.,.F.,(4,4),(0.,4.191752541345E-04),
  .PIECEWISE_BEZIER_KNOTS.);
#4354 = CARTESIAN_POINT('',(-24.4954607107,-51.95586617027,
    53.008928376462));
#4355 = CARTESIAN_POINT('',(-24.4954607107,-52.09050148376,
    52.97138256737));
#4356 = CARTESIAN_POINT('',(-24.4954607107,-52.22539233554,
    52.934854883708));
#4357 = CARTESIAN_POINT('',(-24.4954607107,-52.36054349122,
    52.899364312706));
#4358 = ORIENTED_EDGE('',*,*,#4359,.T.);
#4359 = EDGE_CURVE('',#4351,#4360,#4362,.T.);
#4360 = VERTEX_POINT('',#4361);
#4361 = CARTESIAN_POINT('',(-24.4954607107,-59.86842606017,
    52.899364312703));
#4362 = LINE('',#4363,#4364);
#4363 = CARTESIAN_POINT('',(-24.4954607107,-59.86842606023,
    52.899364312703));
#4364 = VECTOR('',#4365,1.);
#4365 = DIRECTION('',(-2.067951531383E-25,-1.,5.426512006971E-14));
#4366 = ORIENTED_EDGE('',*,*,#4367,.F.);
#4367 = EDGE_CURVE('',#4256,#4360,#4368,.T.);
#4368 = LINE('',#4369,#4370);
#4369 = CARTESIAN_POINT('',(-24.4954607107,-59.86842606017,
    80.978348680723));
#4370 = VECTOR('',#4371,1.);
#4371 = DIRECTION('',(0.,0.,-1.));
#4372 = ORIENTED_EDGE('',*,*,#4255,.T.);
#4373 = ORIENTED_EDGE('',*,*,#4307,.T.);
#4374 = ORIENTED_EDGE('',*,*,#4180,.T.);
#4375 = ORIENTED_EDGE('',*,*,#4376,.F.);
#4376 = EDGE_CURVE('',#4377,#4181,#4379,.T.);
#4377 = VERTEX_POINT('',#4378);
#4378 = CARTESIAN_POINT('',(-24.4954607107,-29.12098099528,
    56.491866656668));
#4379 = LINE('',#4380,#4381);
#4380 = CARTESIAN_POINT('',(-24.4954607107,-29.12098099528,
    56.903690614604));
#4381 = VECTOR('',#4382,1.);
#4382 = DIRECTION('',(8.606423291841E-23,5.426512006971E-14,1.));
#4383 = ORIENTED_EDGE('',*,*,#4384,.T.);
#4384 = EDGE_CURVE('',#4377,#4385,#4387,.T.);
#4385 = VERTEX_POINT('',#4386);
#4386 = CARTESIAN_POINT('',(-24.4954607107,-33.49704494095,
    56.139862240287));
#4387 = B_SPLINE_CURVE_WITH_KNOTS('',3,(#4388,#4389,#4390,#4391),
  .UNSPECIFIED.,.F.,.F.,(4,4),(0.,4.390198488201E-03),
  .PIECEWISE_BEZIER_KNOTS.);
#4388 = CARTESIAN_POINT('',(-24.4954607107,-29.12098099528,
    56.491866656668));
#4389 = CARTESIAN_POINT('',(-24.4954607107,-30.58098953808,
    56.390948858344));
#4390 = CARTESIAN_POINT('',(-24.4954607107,-32.03976993111,
    56.274762893641));
#4391 = CARTESIAN_POINT('',(-24.4954607107,-33.49704494095,
    56.139862240287));
#4392 = ORIENTED_EDGE('',*,*,#4393,.F.);
#4393 = EDGE_CURVE('',#4394,#4385,#4396,.T.);
#4394 = VERTEX_POINT('',#4395);
#4395 = CARTESIAN_POINT('',(-24.4954607107,-37.32414338457,
    56.077941566908));
#4396 = B_SPLINE_CURVE_WITH_KNOTS('',3,(#4397,#4398,#4399,#4400,#4401,
    #4402),.UNSPECIFIED.,.F.,.F.,(4,2,4),(0.,1.913821242486E-03,
    3.827642484971E-03),.UNSPECIFIED.);
#4397 = CARTESIAN_POINT('',(-24.4954607107,-37.32414338457,
    56.077941566908));
#4398 = CARTESIAN_POINT('',(-24.4954607107,-36.68772696561,
    56.162949760626));
#4399 = CARTESIAN_POINT('',(-24.4954607107,-36.05105438973,
    56.234705783125));
#4400 = CARTESIAN_POINT('',(-24.4954607107,-34.77575904363,
    56.277325335231));
#4401 = CARTESIAN_POINT('',(-24.4954607107,-34.13598603201,
    56.248913059514));
#4402 = CARTESIAN_POINT('',(-24.4954607107,-33.49704494095,
    56.139862240287));
#4403 = ORIENTED_EDGE('',*,*,#4404,.F.);
#4404 = EDGE_CURVE('',#4405,#4394,#4407,.T.);
#4405 = VERTEX_POINT('',#4406);
#4406 = CARTESIAN_POINT('',(-24.4954607107,-39.27867874047,
    55.802098130911));
#4407 = B_SPLINE_CURVE_WITH_KNOTS('',3,(#4408,#4409,#4410,#4411),
  .UNSPECIFIED.,.F.,.F.,(4,4),(0.,1.973904267853E-03),
  .PIECEWISE_BEZIER_KNOTS.);
#4408 = CARTESIAN_POINT('',(-24.4954607107,-39.27867874047,
    55.802098130911));
#4409 = CARTESIAN_POINT('',(-24.4954607107,-38.62787024752,
    55.899029239882));
#4410 = CARTESIAN_POINT('',(-24.4954607107,-37.97633713637,
    55.990825943957));
#4411 = CARTESIAN_POINT('',(-24.4954607107,-37.32414338457,
    56.077941566908));
#4412 = ORIENTED_EDGE('',*,*,#4413,.F.);
#4413 = EDGE_CURVE('',#4414,#4405,#4416,.T.);
#4414 = VERTEX_POINT('',#4415);
#4415 = CARTESIAN_POINT('',(-24.4954607107,-42.07409287603,
    55.093647865816));
#4416 = B_SPLINE_CURVE_WITH_KNOTS('',3,(#4417,#4418,#4419,#4420,#4421,
    #4422),.UNSPECIFIED.,.F.,.F.,(4,2,4),(6.520370447708E-03,
    7.958803087883E-03,9.397235728059E-03),.UNSPECIFIED.);
#4417 = CARTESIAN_POINT('',(-24.4954607107,-42.07409287603,
    55.093647865816));
#4418 = CARTESIAN_POINT('',(-24.4954607107,-41.63443897349,
    55.282691284411));
#4419 = CARTESIAN_POINT('',(-24.4954607107,-41.17368239941,
    55.427233738683));
#4420 = CARTESIAN_POINT('',(-24.4954607107,-40.23329470229,
    55.651443990736));
#4421 = CARTESIAN_POINT('',(-24.4954607107,-39.75678335954,
    55.730889455191));
#4422 = CARTESIAN_POINT('',(-24.4954607107,-39.27867874047,
    55.802098130911));
#4423 = ORIENTED_EDGE('',*,*,#4424,.T.);
#4424 = EDGE_CURVE('',#4414,#4349,#4425,.T.);
#4425 = B_SPLINE_CURVE_WITH_KNOTS('',3,(#4426,#4427,#4428,#4429,#4430,
    #4431),.UNSPECIFIED.,.F.,.F.,(4,2,4),(3.18433998769E-16,
    5.049641046355E-03,1.009928209271E-02),.UNSPECIFIED.);
#4426 = CARTESIAN_POINT('',(-24.4954607107,-42.07409287603,
    55.093647865816));
#4427 = CARTESIAN_POINT('',(-24.4954607107,-43.73958122081,
    54.834010272628));
#4428 = CARTESIAN_POINT('',(-24.4954607107,-45.39738870669,
    54.537964660643));
#4429 = CARTESIAN_POINT('',(-24.4954607107,-48.69316165796,
    53.851820328226));
#4430 = CARTESIAN_POINT('',(-24.4954607107,-50.33118659003,
    53.462003485633));
#4431 = CARTESIAN_POINT('',(-24.4954607107,-51.95586617027,
    53.008928376462));
#4432 = PLANE('',#4433);
#4433 = AXIS2_PLACEMENT_3D('',#4434,#4435,#4436);
#4434 = CARTESIAN_POINT('',(-24.4954607107,-59.46842606024,
    29.162876734009));
#4435 = DIRECTION('',(-1.,2.067951531429E-25,8.606423291841E-23));
#4436 = DIRECTION('',(8.606423291841E-23,5.426512006971E-14,1.));
#4437 = ADVANCED_FACE('',(#4438),#4459,.T.);
#4438 = FACE_BOUND('',#4439,.T.);
#4439 = EDGE_LOOP('',(#4440,#4441,#4447,#4448,#4449,#4450,#4451,#4452));
#4440 = ORIENTED_EDGE('',*,*,#3943,.F.);
#4441 = ORIENTED_EDGE('',*,*,#4442,.T.);
#4442 = EDGE_CURVE('',#24,#4141,#4443,.T.);
#4443 = LINE('',#4444,#4445);
#4444 = CARTESIAN_POINT('',(-12.19424260821,-59.66842606023,
    29.162876734009));
#4445 = VECTOR('',#4446,1.);
#4446 = DIRECTION('',(6.846180197209E-30,0.,-1.));
#4447 = ORIENTED_EDGE('',*,*,#4140,.F.);
#4448 = ORIENTED_EDGE('',*,*,#4081,.T.);
#4449 = ORIENTED_EDGE('',*,*,#407,.T.);
#4450 = ORIENTED_EDGE('',*,*,#431,.T.);
#4451 = ORIENTED_EDGE('',*,*,#440,.F.);
#4452 = ORIENTED_EDGE('',*,*,#4453,.F.);
#4453 = EDGE_CURVE('',#3944,#441,#4454,.T.);
#4454 = B_SPLINE_CURVE_WITH_KNOTS('',3,(#4455,#4456,#4457,#4458),
  .UNSPECIFIED.,.F.,.F.,(4,4),(0.,9.573024556744E-05),
  .PIECEWISE_BEZIER_KNOTS.);
#4455 = CARTESIAN_POINT('',(-12.19424260821,-59.60056779934,
    58.184691883213));
#4456 = CARTESIAN_POINT('',(-12.19424260821,-59.56865771748,
    58.184691883214));
#4457 = CARTESIAN_POINT('',(-12.19424260821,-59.53674600694,
    58.184368125457));
#4458 = CARTESIAN_POINT('',(-12.19424260821,-59.50484246685,
    58.183722019006));
#4459 = PLANE('',#4460);
#4460 = AXIS2_PLACEMENT_3D('',#4461,#4462,#4463);
#4461 = CARTESIAN_POINT('',(-12.19424260821,-57.46842605682,
    29.162876734009));
#4462 = DIRECTION('',(1.,-2.067951531429E-25,-8.606423291841E-23));
#4463 = DIRECTION('',(-8.606423291841E-23,-5.426512006971E-14,-1.));
#4464 = ADVANCED_FACE('',(#4465),#4470,.F.);
#4465 = FACE_BOUND('',#4466,.F.);
#4466 = EDGE_LOOP('',(#4467,#4468,#4469));
#4467 = ORIENTED_EDGE('',*,*,#449,.F.);
#4468 = ORIENTED_EDGE('',*,*,#4453,.F.);
#4469 = ORIENTED_EDGE('',*,*,#3952,.F.);
#4470 = ( BOUNDED_SURFACE() B_SPLINE_SURFACE(3,2,(
    (#4471,#4472,#4473)
    ,(#4474,#4475,#4476)
    ,(#4477,#4478,#4479)
    ,(#4480,#4481,#4482
)),.UNSPECIFIED.,.F.,.F.,.F.) B_SPLINE_SURFACE_WITH_KNOTS((4,4),(3,3),(
    -1.149673431604E-05,1.671579951763E-04),(0.,1.),
.PIECEWISE_BEZIER_KNOTS.) GEOMETRIC_REPRESENTATION_ITEM() 
RATIONAL_B_SPLINE_SURFACE((
    (1.,1.,1.)
    ,(1.,1.000000409804,1.)
    ,(1.,0.999852437524,1.)
,(1.,0.999559056915,1.))) REPRESENTATION_ITEM('') SURFACE() );
#4471 = CARTESIAN_POINT('',(-12.12768181349,-59.46842606023,
    58.185922952963));
#4472 = CARTESIAN_POINT('',(-12.12768181349,-59.46842606023,
    58.185922952963));
#4473 = CARTESIAN_POINT('',(-12.12768181349,-59.46842606023,
    58.185922952963));
#4474 = CARTESIAN_POINT('',(-12.17158789871,-59.49257183289,
    58.184298273685));
#4475 = CARTESIAN_POINT('',(-12.16074220705,-59.50252600442,
    58.184699600264));
#4476 = CARTESIAN_POINT('',(-12.14998320114,-59.5124564865,
    58.185097723334));
#4477 = CARTESIAN_POINT('',(-12.21610852409,-59.51687141354,
    58.182999400058));
#4478 = CARTESIAN_POINT('',(-12.19426522626,-59.53704696447,
    58.184287467587));
#4479 = CARTESIAN_POINT('',(-12.17239030689,-59.55720652147,
    58.184686993486));
#4480 = CARTESIAN_POINT('',(-12.26004199848,-59.54093533466,
    58.182061353913));
#4481 = CARTESIAN_POINT('',(-12.22737041597,-59.57112087103,
    58.184699184662));
#4482 = CARTESIAN_POINT('',(-12.1946417067,-59.6013597301,
    58.184691927464));
#4483 = ADVANCED_FACE('',(#4484),#4529,.F.);
#4484 = FACE_BOUND('',#4485,.F.);
#4485 = EDGE_LOOP('',(#4486,#4487,#4488,#4489,#4498));
#4486 = ORIENTED_EDGE('',*,*,#4274,.T.);
#4487 = ORIENTED_EDGE('',*,*,#2084,.T.);
#4488 = ORIENTED_EDGE('',*,*,#145,.T.);
#4489 = ORIENTED_EDGE('',*,*,#4490,.F.);
#4490 = EDGE_CURVE('',#4491,#129,#4493,.T.);
#4491 = VERTEX_POINT('',#4492);
#4492 = CARTESIAN_POINT('',(-12.92020669311,-59.86842606023,
    58.186353189786));
#4493 = B_SPLINE_CURVE_WITH_KNOTS('',3,(#4494,#4495,#4496,#4497),
  .UNSPECIFIED.,.F.,.F.,(4,4),(5.82335802697E-11,1.701309343536E-04),
  .PIECEWISE_BEZIER_KNOTS.);
#4494 = CARTESIAN_POINT('',(-12.92020669311,-59.86842606023,
    58.186353189786));
#4495 = CARTESIAN_POINT('',(-12.86625235424,-59.85054799145,
    58.186353189786));
#4496 = CARTESIAN_POINT('',(-12.81241392408,-59.83238549648,
    58.186353189786));
#4497 = CARTESIAN_POINT('',(-12.75874455771,-59.81380874297,
    58.186353189786));
#4498 = ORIENTED_EDGE('',*,*,#4499,.F.);
#4499 = EDGE_CURVE('',#4266,#4491,#4500,.T.);
#4500 = B_SPLINE_CURVE_WITH_KNOTS('',3,(#4501,#4502,#4503,#4504,#4505,
    #4506,#4507,#4508,#4509,#4510,#4511,#4512,#4513,#4514,#4515,#4516,
    #4517,#4518,#4519,#4520,#4521,#4522,#4523,#4524,#4525,#4526,#4527,
    #4528),.UNSPECIFIED.,.F.,.F.,(4,2,2,2,2,2,2,2,2,2,2,2,2,4),(
    9.160718165164E-04,1.046064642137E-03,1.164357499532E-03,
    1.282650356926E-03,1.395691602387E-03,1.508732847847E-03,
    1.734815338767E-03,2.186980320608E-03,3.091310284289E-03,
    6.804327854136E-03,8.66083663906E-03,1.051734542398E-02,
    1.199481731939E-02,1.268242398765E-02),.UNSPECIFIED.);
#4501 = CARTESIAN_POINT('',(-23.76218268128,-59.86842606023,
    54.028135520983));
#4502 = CARTESIAN_POINT('',(-23.72436236767,-59.86842606024,
    54.056510905413));
#4503 = CARTESIAN_POINT('',(-23.68654205406,-59.86842606024,
    54.084886289843));
#4504 = CARTESIAN_POINT('',(-23.61430543368,-59.86842606024,
    54.139083140096));
#4505 = CARTESIAN_POINT('',(-23.57988912691,-59.86842606024,
    54.164904605918));
#4506 = CARTESIAN_POINT('',(-23.51105651337,-59.86842606024,
    54.216547537562));
#4507 = CARTESIAN_POINT('',(-23.47520525555,-59.86842606024,
    54.243446187489));
#4508 = CARTESIAN_POINT('',(-23.41070675154,-59.86842606024,
    54.291836228427));
#4509 = CARTESIAN_POINT('',(-23.3818786924,-59.86842606024,
    54.31332748259));
#4510 = CARTESIAN_POINT('',(-23.3213705866,-59.86842606024,
    54.358173124242));
#4511 = CARTESIAN_POINT('',(-23.29106222642,-59.86842606024,
    54.380498938482));
#4512 = CARTESIAN_POINT('',(-23.19997414977,-59.86842606024,
    54.447186407913));
#4513 = CARTESIAN_POINT('',(-23.13903143827,-59.86842606024,
    54.491258093032));
#4514 = CARTESIAN_POINT('',(-22.95555068862,-59.86842606024,
    54.622321515897));
#4515 = CARTESIAN_POINT('',(-22.83236004666,-59.86842606024,
    54.708161675983));
#4516 = CARTESIAN_POINT('',(-22.46017211147,-59.86842606024,
    54.961139840219));
#4517 = CARTESIAN_POINT('',(-22.20863490375,-59.86842606024,
    55.123689672647));
#4518 = CARTESIAN_POINT('',(-20.9056621444,-59.86842606024,
    55.92401668374));
#4519 = CARTESIAN_POINT('',(-19.80164009565,-59.86842606024,
    56.467345229821));
#4520 = CARTESIAN_POINT('',(-18.05911080854,-59.86842606024,
    57.131901749273));
#4521 = CARTESIAN_POINT('',(-17.4638114706,-59.86842606025,
    57.327680533292));
#4522 = CARTESIAN_POINT('',(-16.27048730385,-59.86842606023,
    57.660409357008));
#4523 = CARTESIAN_POINT('',(-15.66871899355,-59.86842606023,
    57.798839034203));
#4524 = CARTESIAN_POINT('',(-14.57879240919,-59.86842606024,
    57.998286771831));
#4525 = CARTESIAN_POINT('',(-14.09294772873,-59.86842606023,
    58.069392607067));
#4526 = CARTESIAN_POINT('',(-13.376935481,-59.86842606024,58.14789381671
    ));
#4527 = CARTESIAN_POINT('',(-13.14890595021,-59.86842606024,
    58.169031681296));
#4528 = CARTESIAN_POINT('',(-12.92020669311,-59.86842606023,
    58.186353189786));
#4529 = ( BOUNDED_SURFACE() B_SPLINE_SURFACE(3,3,(
    (#4530,#4531,#4532,#4533,#4534,#4535,#4536,#4537,#4538,#4539,#4540
      ,#4541,#4542,#4543,#4544,#4545,#4546,#4547,#4548,#4549,#4550,#4551
      ,#4552,#4553,#4554,#4555,#4556,#4557,#4558,#4559,#4560,#4561,#4562
      ,#4563,#4564,#4565,#4566,#4567,#4568,#4569,#4570,#4571,#4572,#4573
      ,#4574,#4575,#4576,#4577,#4578,#4579,#4580,#4581,#4582,#4583)
    ,(#4584,#4585,#4586,#4587,#4588,#4589,#4590,#4591,#4592,#4593,#4594
      ,#4595,#4596,#4597,#4598,#4599,#4600,#4601,#4602,#4603,#4604,#4605
      ,#4606,#4607,#4608,#4609,#4610,#4611,#4612,#4613,#4614,#4615,#4616
      ,#4617,#4618,#4619,#4620,#4621,#4622,#4623,#4624,#4625,#4626,#4627
      ,#4628,#4629,#4630,#4631,#4632,#4633,#4634,#4635,#4636,#4637)
    ,(#4638,#4639,#4640,#4641,#4642,#4643,#4644,#4645,#4646,#4647,#4648
      ,#4649,#4650,#4651,#4652,#4653,#4654,#4655,#4656,#4657,#4658,#4659
      ,#4660,#4661,#4662,#4663,#4664,#4665,#4666,#4667,#4668,#4669,#4670
      ,#4671,#4672,#4673,#4674,#4675,#4676,#4677,#4678,#4679,#4680,#4681
      ,#4682,#4683,#4684,#4685,#4686,#4687,#4688,#4689,#4690,#4691)
    ,(#4692,#4693,#4694,#4695,#4696,#4697,#4698,#4699,#4700,#4701,#4702
      ,#4703,#4704,#4705,#4706,#4707,#4708,#4709,#4710,#4711,#4712,#4713
      ,#4714,#4715,#4716,#4717,#4718,#4719,#4720,#4721,#4722,#4723,#4724
      ,#4725,#4726,#4727,#4728,#4729,#4730,#4731,#4732,#4733,#4734,#4735
      ,#4736,#4737,#4738,#4739,#4740,#4741,#4742,#4743,#4744,#4745)
    ,(#4746,#4747,#4748,#4749,#4750,#4751,#4752,#4753,#4754,#4755,#4756
      ,#4757,#4758,#4759,#4760,#4761,#4762,#4763,#4764,#4765,#4766,#4767
      ,#4768,#4769,#4770,#4771,#4772,#4773,#4774,#4775,#4776,#4777,#4778
      ,#4779,#4780,#4781,#4782,#4783,#4784,#4785,#4786,#4787,#4788,#4789
      ,#4790,#4791,#4792,#4793,#4794,#4795,#4796,#4797,#4798,#4799)
    ,(#4800,#4801,#4802,#4803,#4804,#4805,#4806,#4807,#4808,#4809,#4810
      ,#4811,#4812,#4813,#4814,#4815,#4816,#4817,#4818,#4819,#4820,#4821
      ,#4822,#4823,#4824,#4825,#4826,#4827,#4828,#4829,#4830,#4831,#4832
      ,#4833,#4834,#4835,#4836,#4837,#4838,#4839,#4840,#4841,#4842,#4843
      ,#4844,#4845,#4846,#4847,#4848,#4849,#4850,#4851,#4852,#4853)
    ,(#4854,#4855,#4856,#4857,#4858,#4859,#4860,#4861,#4862,#4863,#4864
      ,#4865,#4866,#4867,#4868,#4869,#4870,#4871,#4872,#4873,#4874,#4875
      ,#4876,#4877,#4878,#4879,#4880,#4881,#4882,#4883,#4884,#4885,#4886
      ,#4887,#4888,#4889,#4890,#4891,#4892,#4893,#4894,#4895,#4896,#4897
      ,#4898,#4899,#4900,#4901,#4902,#4903,#4904,#4905,#4906,#4907
)),.UNSPECIFIED.,.T.,.F.,.F.) B_SPLINE_SURFACE_WITH_KNOTS((1,3,3,3,1),(4
    ,2,2,2,2,2,2,2,2,2,2,2,2,2,2,2,2,2,2,2,2,2,2,2,2,2,4),(-0.5,0.,0.5,
    1.,1.5),(-0.310540080864,-0.155270040432,-7.763502021599E-02,
    -3.8817510108E-02,-1.9408755054E-02,-9.704377526999E-03,0.,
    9.273551643185E-03,1.854710328637E-02,3.709420657274E-02,
    7.418841314548E-02,0.148376826291,0.452981221314,0.605283418825,
    0.757585616337,0.878792808168,0.939396404084,0.969698202042,
    0.984849101021,0.992424550511,1.,1.009704362525,1.01940872505,
    1.0388174501,1.0776349002,1.1552698004,1.3105396008),.UNSPECIFIED.) 
GEOMETRIC_REPRESENTATION_ITEM() RATIONAL_B_SPLINE_SURFACE((
    (1.,1.,1.,1.,1.,1.,1.,1.,1.,1.,1.,1.,1.,1.,1.,1.,1.,1.,1.,1.,1.,1.
      ,1.,1.,1.,1.,1.,1.,1.,1.,1.,1.,1.,1.,1.,1.,1.,1.,1.,1.,1.,1.,1.,1.
      ,1.,1.,1.,1.,1.,1.,1.,1.,1.,1.)
    ,(0.333333333333,0.333333333333,0.333333333333,0.333333333333
      ,0.333333333333,0.333333333333,0.333333333333,0.333333333333
      ,0.333333333333,0.333333333333,0.333333333333,0.333333333333
      ,0.333333333333,0.333333333333,0.333333333333,0.333333333333
      ,0.333333333333,0.333333333333,0.333333333333,0.333333333333
      ,0.333333333333,0.333333333333,0.333333333333,0.333333333333
      ,0.333333333333,0.333333333333,0.333333333333,0.333333333333
      ,0.333333333333,0.333333333333,0.333333333333,0.333333333333
      ,0.333333333333,0.333333333333,0.333333333333,0.333333333333
      ,0.333333333333,0.333333333333,0.333333333333,0.333333333333
      ,0.333333333333,0.333333333333,0.333333333333,0.333333333333
      ,0.333333333333,0.333333333333,0.333333333333,0.333333333333
      ,0.333333333333,0.333333333333,0.333333333333,0.333333333333
      ,0.333333333333,0.333333333333)
    ,(0.333333333333,0.333333333333,0.333333333333,0.333333333333
      ,0.333333333333,0.333333333333,0.333333333333,0.333333333333
      ,0.333333333333,0.333333333333,0.333333333333,0.333333333333
      ,0.333333333333,0.333333333333,0.333333333333,0.333333333333
      ,0.333333333333,0.333333333333,0.333333333333,0.333333333333
      ,0.333333333333,0.333333333333,0.333333333333,0.333333333333
      ,0.333333333333,0.333333333333,0.333333333333,0.333333333333
      ,0.333333333333,0.333333333333,0.333333333333,0.333333333333
      ,0.333333333333,0.333333333333,0.333333333333,0.333333333333
      ,0.333333333333,0.333333333333,0.333333333333,0.333333333333
      ,0.333333333333,0.333333333333,0.333333333333,0.333333333333
      ,0.333333333333,0.333333333333,0.333333333333,0.333333333333
      ,0.333333333333,0.333333333333,0.333333333333,0.333333333333
      ,0.333333333333,0.333333333333)
    ,(1.,1.,1.,1.,1.,1.,1.,1.,1.,1.,1.,1.,1.,1.,1.,1.,1.,1.,1.,1.,1.,1.
      ,1.,1.,1.,1.,1.,1.,1.,1.,1.,1.,1.,1.,1.,1.,1.,1.,1.,1.,1.,1.,1.,1.
      ,1.,1.,1.,1.,1.,1.,1.,1.,1.,1.)
    ,(0.333333333333,0.333333333333,0.333333333333,0.333333333333
      ,0.333333333333,0.333333333333,0.333333333333,0.333333333333
      ,0.333333333333,0.333333333333,0.333333333333,0.333333333333
      ,0.333333333333,0.333333333333,0.333333333333,0.333333333333
      ,0.333333333333,0.333333333333,0.333333333333,0.333333333333
      ,0.333333333333,0.333333333333,0.333333333333,0.333333333333
      ,0.333333333333,0.333333333333,0.333333333333,0.333333333333
      ,0.333333333333,0.333333333333,0.333333333333,0.333333333333
      ,0.333333333333,0.333333333333,0.333333333333,0.333333333333
      ,0.333333333333,0.333333333333,0.333333333333,0.333333333333
      ,0.333333333333,0.333333333333,0.333333333333,0.333333333333
      ,0.333333333333,0.333333333333,0.333333333333,0.333333333333
      ,0.333333333333,0.333333333333,0.333333333333,0.333333333333
      ,0.333333333333,0.333333333333)
    ,(0.333333333333,0.333333333333,0.333333333333,0.333333333333
      ,0.333333333333,0.333333333333,0.333333333333,0.333333333333
      ,0.333333333333,0.333333333333,0.333333333333,0.333333333333
      ,0.333333333333,0.333333333333,0.333333333333,0.333333333333
      ,0.333333333333,0.333333333333,0.333333333333,0.333333333333
      ,0.333333333333,0.333333333333,0.333333333333,0.333333333333
      ,0.333333333333,0.333333333333,0.333333333333,0.333333333333
      ,0.333333333333,0.333333333333,0.333333333333,0.333333333333
      ,0.333333333333,0.333333333333,0.333333333333,0.333333333333
      ,0.333333333333,0.333333333333,0.333333333333,0.333333333333
      ,0.333333333333,0.333333333333,0.333333333333,0.333333333333
      ,0.333333333333,0.333333333333,0.333333333333,0.333333333333
      ,0.333333333333,0.333333333333,0.333333333333,0.333333333333
      ,0.333333333333,0.333333333333)
    ,(1.,1.,1.,1.,1.,1.,1.,1.,1.,1.,1.,1.,1.,1.,1.,1.,1.,1.,1.,1.,1.,1.
      ,1.,1.,1.,1.,1.,1.,1.,1.,1.,1.,1.,1.,1.,1.,1.,1.,1.,1.,1.,1.,1.,1.
,1.,1.,1.,1.,1.,1.,1.,1.,1.,1.))) REPRESENTATION_ITEM('') SURFACE() );
#4530 = CARTESIAN_POINT('',(-28.87893504472,-59.40188457255,
    54.631973564773));
#4531 = CARTESIAN_POINT('',(-28.3282741364,-59.40188457256,
    55.045117017923));
#4532 = CARTESIAN_POINT('',(-27.77761322808,-59.40188457255,
    55.458260471083));
#4533 = CARTESIAN_POINT('',(-26.95162186561,-59.40188457255,
    56.077975650815));
#4534 = CARTESIAN_POINT('',(-26.67629141145,-59.40188457255,
    56.284547377393));
#4535 = CARTESIAN_POINT('',(-26.26329573021,-59.40188457255,
    56.594404967259));
#4536 = CARTESIAN_POINT('',(-26.12563050313,-59.40188457255,
    56.697690830548));
#4537 = CARTESIAN_POINT('',(-25.91913266251,-59.40188457255,
    56.852619625481));
#4538 = CARTESIAN_POINT('',(-25.85030004898,-59.40188457255,
    56.904262557125));
#4539 = CARTESIAN_POINT('',(-25.74705112867,-59.40188457255,
    56.981726954592));
#4540 = CARTESIAN_POINT('',(-25.7126348219,-59.40188457255,
    57.007548420414));
#4541 = CARTESIAN_POINT('',(-25.64380220836,-59.40188457255,
    57.059191352058));
#4542 = CARTESIAN_POINT('',(-25.61085715437,-59.40188457255,
    57.083909677147));
#4543 = CARTESIAN_POINT('',(-25.54067526363,-59.40188457255,
    57.13656357223));
#4544 = CARTESIAN_POINT('',(-25.5035059473,-59.40188457255,
    57.164287667762));
#4545 = CARTESIAN_POINT('',(-25.43185047693,-59.40188457255,
    57.217395189547));
#4546 = CARTESIAN_POINT('',(-25.39595890643,-59.40188457255,
    57.243833718118));
#4547 = CARTESIAN_POINT('',(-25.28809364399,-59.40188457255,
    57.322804113114));
#4548 = CARTESIAN_POINT('',(-25.21592939989,-59.40188457255,
    57.374990785304));
#4549 = CARTESIAN_POINT('',(-24.99868214048,-59.40188457255,
    57.530174200906));
#4550 = CARTESIAN_POINT('',(-24.85284458622,-59.40188457255,
    57.631794286716));
#4551 = CARTESIAN_POINT('',(-24.4123757441,-59.40188457256,
    57.931183354842));
#4552 = CARTESIAN_POINT('',(-24.11471025848,-59.40188457255,
    58.123528101444));
#4553 = CARTESIAN_POINT('',(-22.57640532707,-59.40188457255,
    59.068403591006));
#4554 = CARTESIAN_POINT('',(-21.27367443604,-59.40188457254,
    59.709382237991));
#4555 = CARTESIAN_POINT('',(-19.2226155657,-59.40188457256,
    60.491604033645));
#4556 = CARTESIAN_POINT('',(-18.52324132009,-59.40188457257,
    60.721602918192));
#4557 = CARTESIAN_POINT('',(-17.11999827442,-59.40188457254,
    61.112862448798));
#4558 = CARTESIAN_POINT('',(-16.41319416598,-59.40188457255,
    61.275379387139));
#4559 = CARTESIAN_POINT('',(-15.13508618774,-59.40188457256,
    61.509262812219));
#4560 = CARTESIAN_POINT('',(-14.56519038704,-59.40188457255,
    61.592674680945));
#4561 = CARTESIAN_POINT('',(-13.70485816861,-59.40188457255,
    61.686998653824));
#4562 = CARTESIAN_POINT('',(-13.41720335608,-59.40188457255,
    61.713301978003));
#4563 = CARTESIAN_POINT('',(-12.98446047667,-59.40188457255,
    61.744989601082));
#4564 = CARTESIAN_POINT('',(-12.84000275469,-59.40188457255,
    61.754257654016));
#4565 = CARTESIAN_POINT('',(-12.62300803715,-59.40188457255,
    61.766211113883));
#4566 = CARTESIAN_POINT('',(-12.5506251091,-59.40188457255,
    61.769870835207));
#4567 = CARTESIAN_POINT('',(-12.44197456034,-59.40188457255,
    61.774872449744));
#4568 = CARTESIAN_POINT('',(-12.40574501796,-59.40188457255,
    61.776458326979));
#4569 = CARTESIAN_POINT('',(-12.33326069359,-59.40188457255,
    61.779467293077));
#4570 = CARTESIAN_POINT('',(-12.29565422154,-59.40188457255,
    61.780939978199));
#4571 = CARTESIAN_POINT('',(-12.21601067343,-59.40188457255,
    61.783887141654));
#4572 = CARTESIAN_POINT('',(-12.1747455506,-59.40188457255,
    61.785413132451));
#4573 = CARTESIAN_POINT('',(-12.08875251852,-59.40188457255,
    61.788594253672));
#4574 = CARTESIAN_POINT('',(-12.04575600248,-59.40188457255,
    61.790184814283));
#4575 = CARTESIAN_POINT('',(-11.91676645436,-59.40188457255,
    61.794956496114));
#4576 = CARTESIAN_POINT('',(-11.83077342228,-59.40188457255,
    61.798137617335));
#4577 = CARTESIAN_POINT('',(-11.57279432604,-59.40188457255,
    61.807680980999));
#4578 = CARTESIAN_POINT('',(-11.40080826188,-59.40188457255,
    61.814043223441));
#4579 = CARTESIAN_POINT('',(-10.88485006941,-59.40188457255,
    61.833129950768));
#4580 = CARTESIAN_POINT('',(-10.54087794109,-59.40188457255,
    61.845854435652));
#4581 = CARTESIAN_POINT('',(-9.508961556145,-59.40188457255,
    61.884027890306));
#4582 = CARTESIAN_POINT('',(-8.821017299509,-59.40188457255,
    61.909476860075));
#4583 = CARTESIAN_POINT('',(-8.133073042875,-59.40188457255,
    61.934925829844));
#4584 = CARTESIAN_POINT('',(-28.79906697781,-55.80434528553,
    54.525520898197));
#4585 = CARTESIAN_POINT('',(-28.2484060695,-55.80434528553,
    54.938664351347));
#4586 = CARTESIAN_POINT('',(-27.69774516118,-55.80434528553,
    55.351807804507));
#4587 = CARTESIAN_POINT('',(-26.8717537987,-55.80434528553,
    55.971522984239));
#4588 = CARTESIAN_POINT('',(-26.59642334455,-55.80434528553,
    56.178094710817));
#4589 = CARTESIAN_POINT('',(-26.18342766331,-55.80434528553,
    56.487952300683));
#4590 = CARTESIAN_POINT('',(-26.04576243623,-55.80434528553,
    56.591238163972));
#4591 = CARTESIAN_POINT('',(-25.83926459561,-55.80434528553,
    56.746166958905));
#4592 = CARTESIAN_POINT('',(-25.77043198207,-55.80434528553,
    56.797809890549));
#4593 = CARTESIAN_POINT('',(-25.66718306176,-55.80434528553,
    56.875274288016));
#4594 = CARTESIAN_POINT('',(-25.63276675499,-55.80434528553,
    56.901095753838));
#4595 = CARTESIAN_POINT('',(-25.56393414145,-55.80434528553,
    56.952738685482));
#4596 = CARTESIAN_POINT('',(-25.53088025457,-55.80434528553,
    56.977538660403));
#4597 = CARTESIAN_POINT('',(-25.46091119798,-55.80434528553,
    57.030032880666));
#4598 = CARTESIAN_POINT('',(-25.42405424899,-55.80434528553,
    57.057523565814));
#4599 = CARTESIAN_POINT('',(-25.35281623038,-55.80434528553,
    57.110321692813));
#4600 = CARTESIAN_POINT('',(-25.31713374258,-55.80434528553,
    57.136606206518));
#4601 = CARTESIAN_POINT('',(-25.2098967601,-55.80434528553,
    57.215116624725));
#4602 = CARTESIAN_POINT('',(-25.13815274525,-55.80434528553,
    57.266999403051));
#4603 = CARTESIAN_POINT('',(-24.92216999003,-55.80434528553,
    57.421279561783));
#4604 = CARTESIAN_POINT('',(-24.77718052802,-55.80434528553,
    57.522308713493));
#4605 = CARTESIAN_POINT('',(-24.33926870152,-55.80434528553,
    57.819959764194));
#4606 = CARTESIAN_POINT('',(-24.04333064938,-55.80434528553,
    58.011188736816));
#4607 = CARTESIAN_POINT('',(-22.51383854833,-55.80434528553,
    58.950651106661));
#4608 = CARTESIAN_POINT('',(-21.21854899971,-55.80434528552,
    59.587972906652));
#4609 = CARTESIAN_POINT('',(-19.17904409063,-55.80434528553,
    60.365788317585));
#4610 = CARTESIAN_POINT('',(-18.48356729128,-55.80434528554,
    60.594505711656));
#4611 = CARTESIAN_POINT('',(-17.08818538686,-55.80434528552,
    60.983573356721));
#4612 = CARTESIAN_POINT('',(-16.38531470856,-55.80434528553,
    61.145188263945));
#4613 = CARTESIAN_POINT('',(-15.11425383587,-55.80434528553,
    61.37778212517));
#4614 = CARTESIAN_POINT('',(-14.54750562119,-55.80434528553,
    61.460733151743));
#4615 = CARTESIAN_POINT('',(-13.69194475103,-55.80434528553,
    61.554534009812));
#4616 = CARTESIAN_POINT('',(-13.4058859529,-55.80434528553,
    61.580691407724));
#4617 = CARTESIAN_POINT('',(-12.97554069706,-55.80434528553,
    61.612203464675));
#4618 = CARTESIAN_POINT('',(-12.83188278219,-55.80434528553,
    61.621420210755));
#4619 = CARTESIAN_POINT('',(-12.61608807525,-55.80434528553,
    61.633307566347));
#4620 = CARTESIAN_POINT('',(-12.54410520071,-55.80434528553,
    61.636947061907));
#4621 = CARTESIAN_POINT('',(-12.43605473227,-55.80434528553,
    61.641921052373));
#4622 = CARTESIAN_POINT('',(-12.40002521667,-55.80434528553,
    61.643498173992));
#4623 = CARTESIAN_POINT('',(-12.32794093341,-55.80434528553,
    61.646490533601));
#4624 = CARTESIAN_POINT('',(-12.29063447656,-55.80434528553,
    61.647951670781));
#4625 = CARTESIAN_POINT('',(-12.21121903352,-55.80434528553,
    61.650890390882));
#4626 = CARTESIAN_POINT('',(-12.16982580662,-55.80434528553,
    61.652421123476));
#4627 = CARTESIAN_POINT('',(-12.08383277454,-55.80434528553,
    61.655602244697));
#4628 = CARTESIAN_POINT('',(-12.0408362585,-55.80434528553,
    61.657192805308));
#4629 = CARTESIAN_POINT('',(-11.91184671038,-55.80434528553,
    61.66196448714));
#4630 = CARTESIAN_POINT('',(-11.8258536783,-55.80434528553,
    61.665145608361));
#4631 = CARTESIAN_POINT('',(-11.56787458206,-55.80434528553,
    61.674688972024));
#4632 = CARTESIAN_POINT('',(-11.3958885179,-55.80434528553,
    61.681051214466));
#4633 = CARTESIAN_POINT('',(-10.87993032543,-55.80434528553,
    61.700137941793));
#4634 = CARTESIAN_POINT('',(-10.53595819711,-55.80434528553,
    61.712862426678));
#4635 = CARTESIAN_POINT('',(-9.504041812164,-55.80434528553,
    61.751035881331));
#4636 = CARTESIAN_POINT('',(-8.816097555528,-55.80434528553,
    61.7764848511));
#4637 = CARTESIAN_POINT('',(-8.128153298894,-55.80434528553,
    61.801933820869));
#4638 = CARTESIAN_POINT('',(-26.64004920956,-55.9374282609,
    51.647860181911));
#4639 = CARTESIAN_POINT('',(-26.08938830125,-55.9374282609,
    52.061003635061));
#4640 = CARTESIAN_POINT('',(-25.53872739293,-55.9374282609,
    52.474147088221));
#4641 = CARTESIAN_POINT('',(-24.71273603046,-55.9374282609,
    53.093862267953));
#4642 = CARTESIAN_POINT('',(-24.4374055763,-55.9374282609,
    53.300433994531));
#4643 = CARTESIAN_POINT('',(-24.02440989506,-55.9374282609,
    53.610291584397));
#4644 = CARTESIAN_POINT('',(-23.88674466798,-55.9374282609,
    53.713577447686));
#4645 = CARTESIAN_POINT('',(-23.68024682736,-55.9374282609,
    53.868506242619));
#4646 = CARTESIAN_POINT('',(-23.61141421382,-55.9374282609,
    53.920149174263));
#4647 = CARTESIAN_POINT('',(-23.50816529351,-55.9374282609,
    53.99761357173));
#4648 = CARTESIAN_POINT('',(-23.47374898674,-55.9374282609,
    54.023435037552));
#4649 = CARTESIAN_POINT('',(-23.4049163732,-55.9374282609,
    54.075077969196));
#4650 = CARTESIAN_POINT('',(-23.36892048264,-55.9374282609,
    54.102085127129));
#4651 = CARTESIAN_POINT('',(-23.30470482316,-55.9374282609,
    54.150262969268));
#4652 = CARTESIAN_POINT('',(-23.27629188253,-55.9374282609,
    54.171444034244));
#4653 = CARTESIAN_POINT('',(-23.2163385465,-55.9374282609,
    54.215878507737));
#4654 = CARTESIAN_POINT('',(-23.18630804538,-55.9374282609,
    54.237999644938));
#4655 = CARTESIAN_POINT('',(-23.09605491724,-55.93742826089,
    54.304075831251));
#4656 = CARTESIAN_POINT('',(-23.03567066662,-55.9374282609,
    54.347743658625));
#4657 = CARTESIAN_POINT('',(-22.85387037148,-55.9374282609,
    54.477606704239));
#4658 = CARTESIAN_POINT('',(-22.73180679611,-55.93742826089,
    54.562661546353));
#4659 = CARTESIAN_POINT('',(-22.36301698994,-55.9374282609,
    54.81332998381));
#4660 = CARTESIAN_POINT('',(-22.11377544354,-55.93742826089,
    54.974397015768));
#4661 = CARTESIAN_POINT('',(-20.82251443688,-55.9374282609,
    55.76753029718));
#4662 = CARTESIAN_POINT('',(-19.728381511,-55.93742826089,
    56.305999100587));
#4663 = CARTESIAN_POINT('',(-18.00120678445,-55.9374282609,
    56.964699784137));
#4664 = CARTESIAN_POINT('',(-17.41108693197,-55.9374282609,
    57.158775539852));
#4665 = CARTESIAN_POINT('',(-16.22820977698,-55.93742826089,
    57.488591471761));
#4666 = CARTESIAN_POINT('',(-15.63166877268,-55.93742826089,
    57.625822400658));
#4667 = CARTESIAN_POINT('',(-14.55110739272,-55.9374282609,
    57.823556380908));
#4668 = CARTESIAN_POINT('',(-14.06944567592,-55.93742826089,
    57.894049783011));
#4669 = CARTESIAN_POINT('',(-13.34286533685,-55.9374282609,
    57.973709643161));
#4670 = CARTESIAN_POINT('',(-13.09995048335,-55.9374282609,
    57.995922318057));
#4671 = CARTESIAN_POINT('',(-12.73441851384,-55.93742826089,
    58.02268841826));
#4672 = CARTESIAN_POINT('',(-12.61238122681,-55.93742826089,
    58.030518221928));
#4673 = CARTESIAN_POINT('',(-12.4290255698,-55.9374282609,
    58.040618626729));
#4674 = CARTESIAN_POINT('',(-12.36785706282,-55.9374282609,
    58.043711373289));
#4675 = CARTESIAN_POINT('',(-12.27602814722,-55.93742826089,
    58.04793862151));
#4676 = CARTESIAN_POINT('',(-12.24540581619,-55.9374282609,
    58.049279058681));
#4677 = CARTESIAN_POINT('',(-12.18413556538,-55.9374282609,
    58.051822506647));
#4678 = CARTESIAN_POINT('',(-12.15493921035,-55.9374282609,
    58.052971476361));
#4679 = CARTESIAN_POINT('',(-12.08168997262,-55.9374282609,
    58.055681953157));
#4680 = CARTESIAN_POINT('',(-12.03683379764,-55.9374282609,
    58.057340867457));
#4681 = CARTESIAN_POINT('',(-11.95084076556,-55.9374282609,
    58.060521988678));
#4682 = CARTESIAN_POINT('',(-11.90784424952,-55.9374282609,
    58.062112549289));
#4683 = CARTESIAN_POINT('',(-11.7788547014,-55.93742826089,
    58.066884231121));
#4684 = CARTESIAN_POINT('',(-11.69286166933,-55.93742826089,
    58.070065352342));
#4685 = CARTESIAN_POINT('',(-11.43488257309,-55.9374282609,
    58.079608716005));
#4686 = CARTESIAN_POINT('',(-11.26289650893,-55.93742826089,
    58.085970958447));
#4687 = CARTESIAN_POINT('',(-10.74693831645,-55.9374282609,
    58.105057685774));
#4688 = CARTESIAN_POINT('',(-10.40296618814,-55.9374282609,
    58.117782170659));
#4689 = CARTESIAN_POINT('',(-9.371049803189,-55.93742826089,
    58.155955625312));
#4690 = CARTESIAN_POINT('',(-8.683105546553,-55.93742826089,
    58.181404595081));
#4691 = CARTESIAN_POINT('',(-7.995161289919,-55.9374282609,
    58.20685356485));
#4692 = CARTESIAN_POINT('',(-26.71991727647,-59.53496754792,
    51.754312848487));
#4693 = CARTESIAN_POINT('',(-26.16925636815,-59.53496754792,
    52.167456301637));
#4694 = CARTESIAN_POINT('',(-25.61859545983,-59.53496754792,
    52.580599754797));
#4695 = CARTESIAN_POINT('',(-24.79260409736,-59.53496754792,
    53.200314934529));
#4696 = CARTESIAN_POINT('',(-24.5172736432,-59.53496754792,
    53.406886661107));
#4697 = CARTESIAN_POINT('',(-24.10427796196,-59.53496754792,
    53.716744250973));
#4698 = CARTESIAN_POINT('',(-23.96661273489,-59.53496754792,
    53.820030114262));
#4699 = CARTESIAN_POINT('',(-23.76011489427,-59.53496754792,
    53.974958909195));
#4700 = CARTESIAN_POINT('',(-23.69128228073,-59.53496754792,
    54.026601840839));
#4701 = CARTESIAN_POINT('',(-23.58803336042,-59.53496754792,
    54.104066238305));
#4702 = CARTESIAN_POINT('',(-23.55361705365,-59.53496754792,
    54.129887704128));
#4703 = CARTESIAN_POINT('',(-23.48478444011,-59.53496754792,
    54.181530635772));
#4704 = CARTESIAN_POINT('',(-23.44889738243,-59.53496754792,
    54.208456143872));
#4705 = CARTESIAN_POINT('',(-23.38446888881,-59.53496754792,
    54.256793660832));
#4706 = CARTESIAN_POINT('',(-23.35574358084,-59.53496754792,
    54.278208136191));
#4707 = CARTESIAN_POINT('',(-23.29537279305,-59.53496754792,
    54.322952004471));
#4708 = CARTESIAN_POINT('',(-23.26513320923,-59.53496754792,
    54.345227156538));
#4709 = CARTESIAN_POINT('',(-23.17425180113,-59.53496754792,
    54.41176331964));
#4710 = CARTESIAN_POINT('',(-23.11344732126,-59.53496754792,
    54.455735040879));
#4711 = CARTESIAN_POINT('',(-22.93038252192,-59.53496754792,
    54.586501343362));
#4712 = CARTESIAN_POINT('',(-22.80747085431,-59.53496754792,
    54.672147119577));
#4713 = CARTESIAN_POINT('',(-22.43612403252,-59.53496754792,
    54.924553574457));
#4714 = CARTESIAN_POINT('',(-22.18515505264,-59.53496754792,
    55.086736380396));
#4715 = CARTESIAN_POINT('',(-20.88508121562,-59.53496754792,
    55.885282781525));
#4716 = CARTESIAN_POINT('',(-19.78350694733,-59.53496754792,
    56.427408431921));
#4717 = CARTESIAN_POINT('',(-18.04477825952,-59.53496754792,
    57.0905155002));
#4718 = CARTESIAN_POINT('',(-17.45076096078,-59.53496754793,
    57.28587274639));
#4719 = CARTESIAN_POINT('',(-16.26002266453,-59.53496754791,
    57.617880563835));
#4720 = CARTESIAN_POINT('',(-15.6595482301,-59.53496754791,
    57.75601352385));
#4721 = CARTESIAN_POINT('',(-14.5719397446,-59.53496754792,
    57.955037067959));
#4722 = CARTESIAN_POINT('',(-14.08713044177,-59.53496754791,
    58.025991312212));
#4723 = CARTESIAN_POINT('',(-13.35577875442,-59.53496754792,
    58.106174287173));
#4724 = CARTESIAN_POINT('',(-13.11126788652,-59.53496754792,
    58.128532888336));
#4725 = CARTESIAN_POINT('',(-12.74333829345,-59.53496754792,
    58.155474554666));
#4726 = CARTESIAN_POINT('',(-12.62050119931,-59.53496754792,
    58.163355665189));
#4727 = CARTESIAN_POINT('',(-12.4359455317,-59.53496754792,
    58.173522174265));
#4728 = CARTESIAN_POINT('',(-12.37437697122,-59.53496754792,
    58.17663514659));
#4729 = CARTESIAN_POINT('',(-12.2819479753,-59.53496754792,
    58.180890018882));
#4730 = CARTESIAN_POINT('',(-12.25112561748,-59.53496754792,
    58.182239211669));
#4731 = CARTESIAN_POINT('',(-12.18945532556,-59.53496754792,
    58.184799266124));
#4732 = CARTESIAN_POINT('',(-12.15995895532,-59.53496754792,
    58.185959783779));
#4733 = CARTESIAN_POINT('',(-12.08648161253,-59.53496754792,
    58.18867870393));
#4734 = CARTESIAN_POINT('',(-12.04175354162,-59.53496754792,
    58.190332876432));
#4735 = CARTESIAN_POINT('',(-11.95576050954,-59.53496754792,
    58.193513997653));
#4736 = CARTESIAN_POINT('',(-11.9127639935,-59.53496754792,
    58.195104558264));
#4737 = CARTESIAN_POINT('',(-11.78377444539,-59.53496754792,
    58.199876240096));
#4738 = CARTESIAN_POINT('',(-11.69778141331,-59.53496754792,
    58.203057361317));
#4739 = CARTESIAN_POINT('',(-11.43980231707,-59.53496754792,
    58.21260072498));
#4740 = CARTESIAN_POINT('',(-11.26781625291,-59.53496754792,
    58.218962967422));
#4741 = CARTESIAN_POINT('',(-10.75185806043,-59.53496754792,
    58.238049694749));
#4742 = CARTESIAN_POINT('',(-10.40788593212,-59.53496754792,
    58.250774179633));
#4743 = CARTESIAN_POINT('',(-9.37596954717,-59.53496754791,
    58.288947634287));
#4744 = CARTESIAN_POINT('',(-8.688025290534,-59.53496754792,
    58.314396604056));
#4745 = CARTESIAN_POINT('',(-8.0000810339,-59.53496754792,
    58.339845573825));
#4746 = CARTESIAN_POINT('',(-26.79978534337,-63.13250683494,
    51.860765515063));
#4747 = CARTESIAN_POINT('',(-26.24912443505,-63.13250683494,
    52.273908968213));
#4748 = CARTESIAN_POINT('',(-25.69846352674,-63.13250683494,
    52.687052421373));
#4749 = CARTESIAN_POINT('',(-24.87247216426,-63.13250683494,
    53.306767601105));
#4750 = CARTESIAN_POINT('',(-24.59714171011,-63.13250683494,
    53.513339327683));
#4751 = CARTESIAN_POINT('',(-24.18414602887,-63.13250683494,
    53.823196917549));
#4752 = CARTESIAN_POINT('',(-24.04648080179,-63.13250683494,
    53.926482780837));
#4753 = CARTESIAN_POINT('',(-23.83998296117,-63.13250683494,
    54.08141157577));
#4754 = CARTESIAN_POINT('',(-23.77115034763,-63.13250683494,
    54.133054507415));
#4755 = CARTESIAN_POINT('',(-23.66790142732,-63.13250683494,
    54.210518904881));
#4756 = CARTESIAN_POINT('',(-23.63348512055,-63.13250683494,
    54.236340370704));
#4757 = CARTESIAN_POINT('',(-23.56465250701,-63.13250683494,
    54.287983302348));
#4758 = CARTESIAN_POINT('',(-23.52887428223,-63.13250683494,
    54.314827160615));
#4759 = CARTESIAN_POINT('',(-23.46423295445,-63.13250683494,
    54.363324352396));
#4760 = CARTESIAN_POINT('',(-23.43519527916,-63.13250683494,
    54.384972238138));
#4761 = CARTESIAN_POINT('',(-23.37440703959,-63.13250683494,
    54.430025501205));
#4762 = CARTESIAN_POINT('',(-23.34395837308,-63.13250683494,
    54.452454668138));
#4763 = CARTESIAN_POINT('',(-23.25244868501,-63.13250683494,
    54.519450808029));
#4764 = CARTESIAN_POINT('',(-23.1912239759,-63.13250683494,
    54.563726423132));
#4765 = CARTESIAN_POINT('',(-23.00689467237,-63.13250683494,
    54.695395982485));
#4766 = CARTESIAN_POINT('',(-22.88313491251,-63.13250683494,
    54.7816326928));
#4767 = CARTESIAN_POINT('',(-22.5092310751,-63.13250683494,
    55.035777165105));
#4768 = CARTESIAN_POINT('',(-22.25653466175,-63.13250683494,
    55.199075745024));
#4769 = CARTESIAN_POINT('',(-20.94764799435,-63.13250683494,
    56.003035265869));
#4770 = CARTESIAN_POINT('',(-19.83863238366,-63.13250683494,
    56.548817763255));
#4771 = CARTESIAN_POINT('',(-18.08834973458,-63.13250683494,
    57.216331216262));
#4772 = CARTESIAN_POINT('',(-17.49043498959,-63.13250683495,
    57.412969952928));
#4773 = CARTESIAN_POINT('',(-16.29183555208,-63.13250683493,
    57.747169655909));
#4774 = CARTESIAN_POINT('',(-15.68742768753,-63.13250683494,
    57.886204647041));
#4775 = CARTESIAN_POINT('',(-14.59277209648,-63.13250683494,
    58.086517755009));
#4776 = CARTESIAN_POINT('',(-14.10481520763,-63.13250683494,
    58.157932841414));
#4777 = CARTESIAN_POINT('',(-13.368692172,-63.13250683494,
    58.238638931185));
#4778 = CARTESIAN_POINT('',(-13.1225852897,-63.13250683494,
    58.261143458615));
#4779 = CARTESIAN_POINT('',(-12.75225807306,-63.13250683494,
    58.288260691073));
#4780 = CARTESIAN_POINT('',(-12.62862117181,-63.13250683494,
    58.29619310845));
#4781 = CARTESIAN_POINT('',(-12.4428654936,-63.13250683494,
    58.306425721801));
#4782 = CARTESIAN_POINT('',(-12.38089687961,-63.13250683494,
    58.30955891989));
#4783 = CARTESIAN_POINT('',(-12.28786780337,-63.13250683494,
    58.313841416254));
#4784 = CARTESIAN_POINT('',(-12.25684541878,-63.13250683494,
    58.315199364655));
#4785 = CARTESIAN_POINT('',(-12.19477508574,-63.13250683494,
    58.3177760256));
#4786 = CARTESIAN_POINT('',(-12.1649787003,-63.13250683494,
    58.318948091198));
#4787 = CARTESIAN_POINT('',(-12.09127325244,-63.13250683494,
    58.321675454702));
#4788 = CARTESIAN_POINT('',(-12.0466732856,-63.13250683494,
    58.323324885407));
#4789 = CARTESIAN_POINT('',(-11.96068025353,-63.13250683494,
    58.326506006628));
#4790 = CARTESIAN_POINT('',(-11.91768373749,-63.13250683494,
    58.328096567239));
#4791 = CARTESIAN_POINT('',(-11.78869418937,-63.13250683494,
    58.33286824907));
#4792 = CARTESIAN_POINT('',(-11.70270115729,-63.13250683494,
    58.336049370291));
#4793 = CARTESIAN_POINT('',(-11.44472206105,-63.13250683494,
    58.345592733955));
#4794 = CARTESIAN_POINT('',(-11.27273599689,-63.13250683494,
    58.351954976397));
#4795 = CARTESIAN_POINT('',(-10.75677780442,-63.13250683494,
    58.371041703724));
#4796 = CARTESIAN_POINT('',(-10.4128056761,-63.13250683494,
    58.383766188608));
#4797 = CARTESIAN_POINT('',(-9.380889291151,-63.13250683494,
    58.421939643262));
#4798 = CARTESIAN_POINT('',(-8.692945034515,-63.13250683494,
    58.447388613031));
#4799 = CARTESIAN_POINT('',(-8.005000777881,-63.13250683494,
    58.4728375828));
#4800 = CARTESIAN_POINT('',(-28.95880311162,-62.99942385957,
    54.738426231349));
#4801 = CARTESIAN_POINT('',(-28.4081422033,-62.99942385958,
    55.151569684499));
#4802 = CARTESIAN_POINT('',(-27.85748129499,-62.99942385958,
    55.564713137659));
#4803 = CARTESIAN_POINT('',(-27.03148993251,-62.99942385957,
    56.184428317391));
#4804 = CARTESIAN_POINT('',(-26.75615947835,-62.99942385957,
    56.391000043969));
#4805 = CARTESIAN_POINT('',(-26.34316379712,-62.99942385957,
    56.700857633835));
#4806 = CARTESIAN_POINT('',(-26.20549857004,-62.99942385957,
    56.804143497124));
#4807 = CARTESIAN_POINT('',(-25.99900072942,-62.99942385957,
    56.959072292057));
#4808 = CARTESIAN_POINT('',(-25.93016811588,-62.99942385957,
    57.010715223701));
#4809 = CARTESIAN_POINT('',(-25.82691919557,-62.99942385957,
    57.088179621168));
#4810 = CARTESIAN_POINT('',(-25.7925028888,-62.99942385957,
    57.11400108699));
#4811 = CARTESIAN_POINT('',(-25.72367027526,-62.99942385957,
    57.165644018634));
#4812 = CARTESIAN_POINT('',(-25.69083405416,-62.99942385957,
    57.19028069389));
#4813 = CARTESIAN_POINT('',(-25.62043932928,-62.99942385957,
    57.243094263794));
#4814 = CARTESIAN_POINT('',(-25.58295764562,-62.99942385957,
    57.271051769709));
#4815 = CARTESIAN_POINT('',(-25.51088472347,-62.99942385957,
    57.324468686281));
#4816 = CARTESIAN_POINT('',(-25.47478407029,-62.99942385957,
    57.351061229718));
#4817 = CARTESIAN_POINT('',(-25.36629052787,-62.99942385957,
    57.430491601503));
#4818 = CARTESIAN_POINT('',(-25.29370605453,-62.99942385957,
    57.482982167558));
#4819 = CARTESIAN_POINT('',(-25.07519429093,-62.99942385957,
    57.639068840029));
#4820 = CARTESIAN_POINT('',(-24.92850864441,-62.99942385957,
    57.741279859938));
#4821 = CARTESIAN_POINT('',(-24.48548278668,-62.99942385958,
    58.04240694549));
#4822 = CARTESIAN_POINT('',(-24.18608986759,-62.99942385957,
    58.235867466072));
#4823 = CARTESIAN_POINT('',(-22.6389721058,-62.99942385958,
    59.18615607535));
#4824 = CARTESIAN_POINT('',(-21.32879987237,-62.99942385956,
    59.830791569329));
#4825 = CARTESIAN_POINT('',(-19.26618704076,-62.99942385958,
    60.617419749705));
#4826 = CARTESIAN_POINT('',(-18.56291534891,-62.99942385959,
    60.848700124728));
#4827 = CARTESIAN_POINT('',(-17.15181116197,-62.99942385956,
    61.242151540874));
#4828 = CARTESIAN_POINT('',(-16.44107362341,-62.99942385957,
    61.405570510333));
#4829 = CARTESIAN_POINT('',(-15.15591853962,-62.99942385958,
    61.640743499268));
#4830 = CARTESIAN_POINT('',(-14.5828751529,-62.99942385957,
    61.724616210147));
#4831 = CARTESIAN_POINT('',(-13.71777158619,-62.99942385958,
    61.819463297836));
#4832 = CARTESIAN_POINT('',(-13.42852075925,-62.99942385957,
    61.845912548282));
#4833 = CARTESIAN_POINT('',(-12.99338025628,-62.99942385957,
    61.877775737488));
#4834 = CARTESIAN_POINT('',(-12.84812272719,-62.99942385957,
    61.887095097277));
#4835 = CARTESIAN_POINT('',(-12.62992799905,-62.99942385957,
    61.899114661418));
#4836 = CARTESIAN_POINT('',(-12.5571450175,-62.99942385957,
    61.902794608508));
#4837 = CARTESIAN_POINT('',(-12.44789438842,-62.99942385957,
    61.907823847116));
#4838 = CARTESIAN_POINT('',(-12.41146481926,-62.99942385957,
    61.909418479967));
#4839 = CARTESIAN_POINT('',(-12.33858045377,-62.99942385957,
    61.912444052553));
#4840 = CARTESIAN_POINT('',(-12.30067396652,-62.99942385957,
    61.913928285617));
#4841 = CARTESIAN_POINT('',(-12.22080231334,-62.99942385957,
    61.916883892427));
#4842 = CARTESIAN_POINT('',(-12.17966529458,-62.99942385957,
    61.918405141426));
#4843 = CARTESIAN_POINT('',(-12.0936722625,-62.99942385957,
    61.921586262647));
#4844 = CARTESIAN_POINT('',(-12.05067574646,-62.99942385957,
    61.923176823258));
#4845 = CARTESIAN_POINT('',(-11.92168619834,-62.99942385957,
    61.927948505089));
#4846 = CARTESIAN_POINT('',(-11.83569316626,-62.99942385957,
    61.93112962631));
#4847 = CARTESIAN_POINT('',(-11.57771407002,-62.99942385957,
    61.940672989974));
#4848 = CARTESIAN_POINT('',(-11.40572800587,-62.99942385957,
    61.947035232416));
#4849 = CARTESIAN_POINT('',(-10.88976981339,-62.99942385958,
    61.966121959743));
#4850 = CARTESIAN_POINT('',(-10.54579768507,-62.99942385958,
    61.978846444627));
#4851 = CARTESIAN_POINT('',(-9.513881300126,-62.99942385957,
    62.017019899281));
#4852 = CARTESIAN_POINT('',(-8.82593704349,-62.99942385957,
    62.04246886905));
#4853 = CARTESIAN_POINT('',(-8.137992786856,-62.99942385957,
    62.067917838819));
#4854 = CARTESIAN_POINT('',(-28.87893504472,-59.40188457255,
    54.631973564773));
#4855 = CARTESIAN_POINT('',(-28.3282741364,-59.40188457256,
    55.045117017923));
#4856 = CARTESIAN_POINT('',(-27.77761322808,-59.40188457255,
    55.458260471083));
#4857 = CARTESIAN_POINT('',(-26.95162186561,-59.40188457255,
    56.077975650815));
#4858 = CARTESIAN_POINT('',(-26.67629141145,-59.40188457255,
    56.284547377393));
#4859 = CARTESIAN_POINT('',(-26.26329573021,-59.40188457255,
    56.594404967259));
#4860 = CARTESIAN_POINT('',(-26.12563050313,-59.40188457255,
    56.697690830548));
#4861 = CARTESIAN_POINT('',(-25.91913266251,-59.40188457255,
    56.852619625481));
#4862 = CARTESIAN_POINT('',(-25.85030004898,-59.40188457255,
    56.904262557125));
#4863 = CARTESIAN_POINT('',(-25.74705112867,-59.40188457255,
    56.981726954592));
#4864 = CARTESIAN_POINT('',(-25.7126348219,-59.40188457255,
    57.007548420414));
#4865 = CARTESIAN_POINT('',(-25.64380220836,-59.40188457255,
    57.059191352058));
#4866 = CARTESIAN_POINT('',(-25.61085715437,-59.40188457255,
    57.083909677147));
#4867 = CARTESIAN_POINT('',(-25.54067526363,-59.40188457255,
    57.13656357223));
#4868 = CARTESIAN_POINT('',(-25.5035059473,-59.40188457255,
    57.164287667762));
#4869 = CARTESIAN_POINT('',(-25.43185047693,-59.40188457255,
    57.217395189547));
#4870 = CARTESIAN_POINT('',(-25.39595890643,-59.40188457255,
    57.243833718118));
#4871 = CARTESIAN_POINT('',(-25.28809364399,-59.40188457255,
    57.322804113114));
#4872 = CARTESIAN_POINT('',(-25.21592939989,-59.40188457255,
    57.374990785304));
#4873 = CARTESIAN_POINT('',(-24.99868214048,-59.40188457255,
    57.530174200906));
#4874 = CARTESIAN_POINT('',(-24.85284458622,-59.40188457255,
    57.631794286716));
#4875 = CARTESIAN_POINT('',(-24.4123757441,-59.40188457256,
    57.931183354842));
#4876 = CARTESIAN_POINT('',(-24.11471025848,-59.40188457255,
    58.123528101444));
#4877 = CARTESIAN_POINT('',(-22.57640532707,-59.40188457255,
    59.068403591006));
#4878 = CARTESIAN_POINT('',(-21.27367443604,-59.40188457254,
    59.709382237991));
#4879 = CARTESIAN_POINT('',(-19.2226155657,-59.40188457256,
    60.491604033645));
#4880 = CARTESIAN_POINT('',(-18.52324132009,-59.40188457257,
    60.721602918192));
#4881 = CARTESIAN_POINT('',(-17.11999827442,-59.40188457254,
    61.112862448798));
#4882 = CARTESIAN_POINT('',(-16.41319416598,-59.40188457255,
    61.275379387139));
#4883 = CARTESIAN_POINT('',(-15.13508618774,-59.40188457256,
    61.509262812219));
#4884 = CARTESIAN_POINT('',(-14.56519038704,-59.40188457255,
    61.592674680945));
#4885 = CARTESIAN_POINT('',(-13.70485816861,-59.40188457255,
    61.686998653824));
#4886 = CARTESIAN_POINT('',(-13.41720335608,-59.40188457255,
    61.713301978003));
#4887 = CARTESIAN_POINT('',(-12.98446047667,-59.40188457255,
    61.744989601082));
#4888 = CARTESIAN_POINT('',(-12.84000275469,-59.40188457255,
    61.754257654016));
#4889 = CARTESIAN_POINT('',(-12.62300803715,-59.40188457255,
    61.766211113883));
#4890 = CARTESIAN_POINT('',(-12.5506251091,-59.40188457255,
    61.769870835207));
#4891 = CARTESIAN_POINT('',(-12.44197456034,-59.40188457255,
    61.774872449744));
#4892 = CARTESIAN_POINT('',(-12.40574501796,-59.40188457255,
    61.776458326979));
#4893 = CARTESIAN_POINT('',(-12.33326069359,-59.40188457255,
    61.779467293077));
#4894 = CARTESIAN_POINT('',(-12.29565422154,-59.40188457255,
    61.780939978199));
#4895 = CARTESIAN_POINT('',(-12.21601067343,-59.40188457255,
    61.783887141654));
#4896 = CARTESIAN_POINT('',(-12.1747455506,-59.40188457255,
    61.785413132451));
#4897 = CARTESIAN_POINT('',(-12.08875251852,-59.40188457255,
    61.788594253672));
#4898 = CARTESIAN_POINT('',(-12.04575600248,-59.40188457255,
    61.790184814283));
#4899 = CARTESIAN_POINT('',(-11.91676645436,-59.40188457255,
    61.794956496114));
#4900 = CARTESIAN_POINT('',(-11.83077342228,-59.40188457255,
    61.798137617335));
#4901 = CARTESIAN_POINT('',(-11.57279432604,-59.40188457255,
    61.807680980999));
#4902 = CARTESIAN_POINT('',(-11.40080826188,-59.40188457255,
    61.814043223441));
#4903 = CARTESIAN_POINT('',(-10.88485006941,-59.40188457255,
    61.833129950768));
#4904 = CARTESIAN_POINT('',(-10.54087794109,-59.40188457255,
    61.845854435652));
#4905 = CARTESIAN_POINT('',(-9.508961556145,-59.40188457255,
    61.884027890306));
#4906 = CARTESIAN_POINT('',(-8.821017299509,-59.40188457255,
    61.909476860075));
#4907 = CARTESIAN_POINT('',(-8.133073042875,-59.40188457255,
    61.934925829844));
#4908 = ADVANCED_FACE('',(#4909),#4949,.F.);
#4909 = FACE_BOUND('',#4910,.F.);
#4910 = EDGE_LOOP('',(#4911,#4912,#4933,#4948));
#4911 = ORIENTED_EDGE('',*,*,#2298,.F.);
#4912 = ORIENTED_EDGE('',*,*,#4913,.F.);
#4913 = EDGE_CURVE('',#4914,#2299,#4916,.T.);
#4914 = VERTEX_POINT('',#4915);
#4915 = CARTESIAN_POINT('',(12.758744638759,-59.81380877527,
    58.186353189786));
#4916 = B_SPLINE_CURVE_WITH_KNOTS('',3,(#4917,#4918,#4919,#4920,#4921,
    #4922,#4923,#4924,#4925,#4926,#4927,#4928,#4929,#4930,#4931,#4932),
  .UNSPECIFIED.,.F.,.F.,(4,2,2,2,2,2,2,4),(7.062265245843E-04,
    1.618368333741E-03,2.530510142898E-03,2.986581047476E-03,
    3.442651952055E-03,3.670687404344E-03,3.898722856633E-03,
    4.354793761211E-03),.UNSPECIFIED.);
#4917 = CARTESIAN_POINT('',(12.758744638759,-59.81380877527,
    58.186353189786));
#4918 = CARTESIAN_POINT('',(13.025526518447,-59.95963795701,
    58.196834597622));
#4919 = CARTESIAN_POINT('',(13.291615574349,-60.10487827855,
    58.220396016291));
#4920 = CARTESIAN_POINT('',(13.821853962147,-60.3937618029,58.3037765678
    ));
#4921 = CARTESIAN_POINT('',(14.087030710733,-60.53798007179,
    58.363507233733));
#4922 = CARTESIAN_POINT('',(14.469604608704,-60.74506988265,
    58.497859996626));
#4923 = CARTESIAN_POINT('',(14.594938004093,-60.81274081604,
    58.550242266319));
#4924 = CARTESIAN_POINT('',(14.838907856492,-60.94382761789,
    58.67837076791));
#4925 = CARTESIAN_POINT('',(14.958761582896,-61.00789000724,
    58.755077457182));
#4926 = CARTESIAN_POINT('',(15.120206631877,-61.09323884071,
    58.893126803843));
#4927 = CARTESIAN_POINT('',(15.171222532078,-61.12003507141,
    58.943117042232));
#4928 = CARTESIAN_POINT('',(15.265797902067,-61.16921124823,
    59.053689905818));
#4929 = CARTESIAN_POINT('',(15.30960261568,-61.19170545843,
    59.114935961508));
#4930 = CARTESIAN_POINT('',(15.419713288567,-61.24708352713,
    59.310473959771));
#4931 = CARTESIAN_POINT('',(15.466047660224,-61.26842606497,
    59.462461343536));
#4932 = CARTESIAN_POINT('',(15.473852466085,-61.26842606448,
    59.618414430455));
#4933 = ORIENTED_EDGE('',*,*,#4934,.F.);
#4934 = EDGE_CURVE('',#3902,#4914,#4935,.T.);
#4935 = B_SPLINE_CURVE_WITH_KNOTS('',3,(#4936,#4937,#4938,#4939,#4940,
    #4941,#4942,#4943,#4944,#4945,#4946,#4947),.UNSPECIFIED.,.F.,.F.,(4,
    2,2,2,2,4),(0.,3.459742526236E-05,6.919485052473E-05,
    1.383897010495E-04,2.767794020989E-04,5.535588041978E-04),
  .UNSPECIFIED.);
#4936 = CARTESIAN_POINT('',(12.271559804231,-59.75382500479,
    58.186353189786));
#4937 = CARTESIAN_POINT('',(12.271559804265,-59.74224549916,
    58.186353189786));
#4938 = CARTESIAN_POINT('',(12.272357472694,-59.73052243127,
    58.186353189786));
#4939 = CARTESIAN_POINT('',(12.279678452998,-59.70866210724,
    58.186353189786));
#4940 = CARTESIAN_POINT('',(12.287438681536,-59.6989517918,
    58.186353189786));
#4941 = CARTESIAN_POINT('',(12.319423034808,-59.68480486203,
    58.186353189786));
#4942 = CARTESIAN_POINT('',(12.343447778874,-59.6889733582,
    58.186353189786));
#4943 = CARTESIAN_POINT('',(12.411243976342,-59.7004274379,
    58.186353189786));
#4944 = CARTESIAN_POINT('',(12.455018062051,-59.71385913995,
    58.186353189786));
#4945 = CARTESIAN_POINT('',(12.585964332452,-59.75409722396,
    58.186353189786));
#4946 = CARTESIAN_POINT('',(12.672389022859,-59.78391822397,
    58.186353189786));
#4947 = CARTESIAN_POINT('',(12.758744638759,-59.81380877527,
    58.186353189786));
#4948 = ORIENTED_EDGE('',*,*,#3910,.F.);
#4949 = ( BOUNDED_SURFACE() B_SPLINE_SURFACE(3,2,(
    (#4950,#4951,#4952)
    ,(#4953,#4954,#4955)
    ,(#4956,#4957,#4958)
    ,(#4959,#4960,#4961)
    ,(#4962,#4963,#4964)
    ,(#4965,#4966,#4967)
    ,(#4968,#4969,#4970)
    ,(#4971,#4972,#4973)
    ,(#4974,#4975,#4976)
    ,(#4977,#4978,#4979)
    ,(#4980,#4981,#4982)
    ,(#4983,#4984,#4985)
    ,(#4986,#4987,#4988)
    ,(#4989,#4990,#4991)
    ,(#4992,#4993,#4994)
    ,(#4995,#4996,#4997)
    ,(#4998,#4999,#5000)
    ,(#5001,#5002,#5003
)),.UNSPECIFIED.,.F.,.F.,.F.) B_SPLINE_SURFACE_WITH_KNOTS((4,2,2,2,2,2,2
    ,2,4),(3,3),(3.027040267407E-04,1.784284153051E-03,
    2.525074216207E-03,3.265864279362E-03,4.006654342517E-03,
    4.747444405672E-03,5.11783943725E-03,5.488234468828E-03,
    6.229024531983E-03),(0.,1.),.UNSPECIFIED.) 
GEOMETRIC_REPRESENTATION_ITEM() RATIONAL_B_SPLINE_SURFACE((
    (1.,0.998639139858,1.)
    ,(1.,0.99436612134,1.)
    ,(1.,0.980181248607,1.)
    ,(1.,0.945119383737,1.)
    ,(1.,0.931020121915,1.)
    ,(1.,0.898956243552,1.)
    ,(1.,0.881197060694,1.)
    ,(1.,0.843577002276,1.)
    ,(1.,0.823685279023,1.)
    ,(1.,0.784065842395,1.)
    ,(1.,0.764863279377,1.)
    ,(1.,0.740698448903,1.)
    ,(1.,0.73334683735,1.)
    ,(1.,0.721136137019,1.)
    ,(1.,0.716258285895,1.)
    ,(1.,0.705847499281,1.)
    ,(1.,0.70466247034,1.)
,(1.,0.709789731212,1.))) REPRESENTATION_ITEM('') SURFACE() );
#4950 = CARTESIAN_POINT('',(12.24535397038,-59.70191885022,
    58.18541768689));
#4951 = CARTESIAN_POINT('',(12.302819525096,-59.6487075804,
    58.187050090974));
#4952 = CARTESIAN_POINT('',(12.360204175933,-59.59578576588,
    58.180517300334));
#4953 = CARTESIAN_POINT('',(12.429883834714,-60.06756616466,
    58.190659562806));
#4954 = CARTESIAN_POINT('',(12.578126414581,-59.93154616922,
    58.200789326719));
#4955 = CARTESIAN_POINT('',(12.724491497769,-59.79523252918,
    58.177068270474));
#4956 = CARTESIAN_POINT('',(12.612402843346,-60.42627714663,
    58.22340017839));
#4957 = CARTESIAN_POINT('',(12.852652919277,-60.21019585926,
    58.272832789357));
#4958 = CARTESIAN_POINT('',(13.08264113593,-59.99089031141,
    58.196443031394));
#4959 = CARTESIAN_POINT('',(12.884481659002,-60.94878787423,
    58.319512712473));
#4960 = CARTESIAN_POINT('',(13.221853308371,-60.57487916793,
    58.457065580693));
#4961 = CARTESIAN_POINT('',(13.605448171262,-60.27589614249,
    58.267352877554));
#4962 = CARTESIAN_POINT('',(12.975477338212,-61.12144494864,
    58.359852640319));
#4963 = CARTESIAN_POINT('',(13.342233427347,-60.69181016116,
    58.534506123686));
#4964 = CARTESIAN_POINT('',(13.778408618921,-60.37007271191,
    58.29838033749));
#4965 = CARTESIAN_POINT('',(13.154252611822,-61.4548844327,
    58.458647630621));
#4966 = CARTESIAN_POINT('',(13.561321984846,-60.90017357023,
    58.712625976985));
#4967 = CARTESIAN_POINT('',(14.113040215951,-60.55194869027,
    58.3776762695));
#4968 = CARTESIAN_POINT('',(13.241011797398,-61.61378925723,
    58.516412084332));
#4969 = CARTESIAN_POINT('',(13.658870342802,-60.99034336192,
    58.81363788269));
#4970 = CARTESIAN_POINT('',(14.272824678435,-60.63862401304,
    58.425379044419));
#4971 = CARTESIAN_POINT('',(13.408429058449,-61.91320437152,
    58.651529265193));
#4972 = CARTESIAN_POINT('',(13.822773255973,-61.13713844966,
    59.027732485933));
#4973 = CARTESIAN_POINT('',(14.5748979429,-60.80194137333,
    58.540660461864));
#4974 = CARTESIAN_POINT('',(13.489119501063,-62.05379106729,
    58.728791964592));
#4975 = CARTESIAN_POINT('',(13.887966983553,-61.19244217221,
    59.14194055127));
#4976 = CARTESIAN_POINT('',(14.717257740011,-60.87862506879,
    58.608141566022));
#4977 = CARTESIAN_POINT('',(13.642331757646,-62.31110547751,
    58.90903925017));
#4978 = CARTESIAN_POINT('',(13.979281054434,-61.26521627316,
    59.364355900859));
#4979 = CARTESIAN_POINT('',(14.979615305194,-61.01897845415,
    58.770261073027));
#4980 = CARTESIAN_POINT('',(13.712839558248,-62.42435035588,
    59.009964414494));
#4981 = CARTESIAN_POINT('',(14.001448654164,-61.27925753649,
    59.467981204937));
#4982 = CARTESIAN_POINT('',(15.096086135212,-61.08074839961,
    58.863096417085));
#4983 = CARTESIAN_POINT('',(13.804452042363,-62.56229790105,
    59.177670717771));
#4984 = CARTESIAN_POINT('',(14.010086827992,-61.28150687093,
    59.590410082661));
#4985 = CARTESIAN_POINT('',(15.240243347828,-61.15599252334,
    59.02134319623));
#4986 = CARTESIAN_POINT('',(13.832947179801,-62.60340946492,
    59.237023463774));
#4987 = CARTESIAN_POINT('',(14.008795530898,-61.27907089567,
    59.62629321532));
#4988 = CARTESIAN_POINT('',(15.283684044139,-61.17841701134,
    59.07795812958));
#4989 = CARTESIAN_POINT('',(13.883327118605,-62.672123199,59.35910875171
    ));
#4990 = CARTESIAN_POINT('',(14.002292806953,-61.27252098155,
    59.684883575663));
#4991 = CARTESIAN_POINT('',(15.357469590369,-61.21589722998,
    59.195722902013));
#4992 = CARTESIAN_POINT('',(13.905276381656,-62.69986282163,
    59.421794463806));
#4993 = CARTESIAN_POINT('',(13.997161237218,-61.26850336172,
    59.707335508181));
#4994 = CARTESIAN_POINT('',(15.387943505384,-61.23102793282,
    59.256815243909));
#4995 = CARTESIAN_POINT('',(13.960950076735,-62.76283841423,
    59.614955437667));
#4996 = CARTESIAN_POINT('',(13.983605340339,-61.26077031716,
    59.761049796282));
#4997 = CARTESIAN_POINT('',(15.459723412559,-61.26537825716,
    59.446960221651));
#4998 = CARTESIAN_POINT('',(13.984470528814,-62.77733357708,
    59.752635103249));
#4999 = CARTESIAN_POINT('',(13.979081313787,-61.26347273248,
    59.776206824061));
#5000 = CARTESIAN_POINT('',(15.48101611765,-61.27328692054,
    59.585025584997));
#5001 = CARTESIAN_POINT('',(13.99172024016,-62.76287843699,
    59.889433500151));
#5002 = CARTESIAN_POINT('',(13.987193429467,-61.27669939269,
    59.804014820517));
#5003 = CARTESIAN_POINT('',(15.473668633391,-61.26540008714,
    59.724586938985));
#5004 = ADVANCED_FACE('',(#5005),#5050,.F.);
#5005 = FACE_BOUND('',#5006,.F.);
#5006 = EDGE_LOOP('',(#5007,#5008,#5009,#5042,#5049));
#5007 = ORIENTED_EDGE('',*,*,#2359,.T.);
#5008 = ORIENTED_EDGE('',*,*,#3641,.F.);
#5009 = ORIENTED_EDGE('',*,*,#5010,.F.);
#5010 = EDGE_CURVE('',#5011,#3614,#5013,.T.);
#5011 = VERTEX_POINT('',#5012);
#5012 = CARTESIAN_POINT('',(12.920206680102,-59.86842606017,
    58.186353189786));
#5013 = B_SPLINE_CURVE_WITH_KNOTS('',3,(#5014,#5015,#5016,#5017,#5018,
    #5019,#5020,#5021,#5022,#5023,#5024,#5025,#5026,#5027,#5028,#5029,
    #5030,#5031,#5032,#5033,#5034,#5035,#5036,#5037,#5038,#5039,#5040,
    #5041),.UNSPECIFIED.,.F.,.F.,(4,2,2,2,2,2,2,2,2,2,2,2,2,4),(0.,
    6.871154649933E-04,2.163531832589E-03,4.018714317415E-03,
    5.87389680224E-03,9.584261771892E-03,1.048794572715E-02,
    1.093978770478E-02,1.116570869359E-02,1.1278669188E-02,
    1.139162968241E-02,1.151020012755E-02,1.162877057269E-02,
    1.17579463368E-02),.UNSPECIFIED.);
#5014 = CARTESIAN_POINT('',(12.920206680102,-59.86842606017,
    58.186353189786));
#5015 = CARTESIAN_POINT('',(13.148905946111,-59.86842606016,
    58.169031680761));
#5016 = CARTESIAN_POINT('',(13.376935485747,-59.86842606015,
    58.147893815351));
#5017 = CARTESIAN_POINT('',(14.092947737657,-59.86842606016,
    58.069392604764));
#5018 = CARTESIAN_POINT('',(14.578792413548,-59.86842606016,
    57.998286770033));
#5019 = CARTESIAN_POINT('',(15.668718993355,-59.86842606015,
    57.798839033233));
#5020 = CARTESIAN_POINT('',(16.270487303637,-59.86842606017,
    57.660409356044));
#5021 = CARTESIAN_POINT('',(17.463811470295,-59.86842606014,
    57.327680532349));
#5022 = CARTESIAN_POINT('',(18.059110808211,-59.86842606015,
    57.131901748334));
#5023 = CARTESIAN_POINT('',(19.80164009528,-59.86842606016,
    56.467345228923));
#5024 = CARTESIAN_POINT('',(20.905662143958,-59.86842606015,
    55.92401668285));
#5025 = CARTESIAN_POINT('',(22.208634917312,-59.86842606016,
    55.12368966316));
#5026 = CARTESIAN_POINT('',(22.460172138711,-59.86842606015,
    54.961139821443));
#5027 = CARTESIAN_POINT('',(22.832360093854,-59.86842606016,
    54.708161642248));
#5028 = CARTESIAN_POINT('',(22.955550742373,-59.86842606015,
    54.622321477009));
#5029 = CARTESIAN_POINT('',(23.139031501698,-59.86842606015,
    54.491258046153));
#5030 = CARTESIAN_POINT('',(23.199974216405,-59.86842606015,
    54.447186358328));
#5031 = CARTESIAN_POINT('',(23.291062297824,-59.86842606015,
    54.380498884771));
#5032 = CARTESIAN_POINT('',(23.321370659598,-59.86842606015,
    54.358173069145));
#5033 = CARTESIAN_POINT('',(23.381878768551,-59.86842606016,
    54.313327424698));
#5034 = CARTESIAN_POINT('',(23.410706829189,-59.86842606015,
    54.291836169191));
#5035 = CARTESIAN_POINT('',(23.475306363504,-59.86842606016,
    54.243370329687));
#5036 = CARTESIAN_POINT('',(23.511267441083,-59.86842606015,
    54.216389283382));
#5037 = CARTESIAN_POINT('',(23.580310903049,-59.86842606015,
    54.164588158278));
#5038 = CARTESIAN_POINT('',(23.614832634031,-59.86842606015,
    54.138687595726));
#5039 = CARTESIAN_POINT('',(23.686963829773,-59.86842606016,
    54.084569841659));
#5040 = CARTESIAN_POINT('',(23.724573294532,-59.86842606016,
    54.056352650145));
#5041 = CARTESIAN_POINT('',(23.762182759288,-59.86842606014,
    54.028135458627));
#5042 = ORIENTED_EDGE('',*,*,#5043,.F.);
#5043 = EDGE_CURVE('',#4914,#5011,#5044,.T.);
#5044 = B_SPLINE_CURVE_WITH_KNOTS('',3,(#5045,#5046,#5047,#5048),
  .UNSPECIFIED.,.F.,.F.,(4,4),(6.139209573335E-04,7.840517340789E-04),
  .PIECEWISE_BEZIER_KNOTS.);
#5045 = CARTESIAN_POINT('',(12.758744638759,-59.81380877527,
    58.186353189786));
#5046 = CARTESIAN_POINT('',(12.812413973965,-59.83238551751,
    58.186353189786));
#5047 = CARTESIAN_POINT('',(12.866252320891,-59.85054798439,
    58.186353189787));
#5048 = CARTESIAN_POINT('',(12.920206680102,-59.86842606017,
    58.186353189786));
#5049 = ORIENTED_EDGE('',*,*,#4913,.T.);
#5050 = ( BOUNDED_SURFACE() B_SPLINE_SURFACE(3,3,(
    (#5051,#5052,#5053,#5054,#5055,#5056,#5057,#5058,#5059,#5060,#5061
      ,#5062,#5063,#5064,#5065,#5066,#5067,#5068,#5069,#5070,#5071,#5072
      ,#5073,#5074,#5075,#5076,#5077,#5078,#5079,#5080,#5081,#5082,#5083
      ,#5084,#5085,#5086,#5087,#5088,#5089,#5090,#5091,#5092,#5093,#5094
      ,#5095,#5096,#5097,#5098,#5099,#5100,#5101,#5102,#5103,#5104)
    ,(#5105,#5106,#5107,#5108,#5109,#5110,#5111,#5112,#5113,#5114,#5115
      ,#5116,#5117,#5118,#5119,#5120,#5121,#5122,#5123,#5124,#5125,#5126
      ,#5127,#5128,#5129,#5130,#5131,#5132,#5133,#5134,#5135,#5136,#5137
      ,#5138,#5139,#5140,#5141,#5142,#5143,#5144,#5145,#5146,#5147,#5148
      ,#5149,#5150,#5151,#5152,#5153,#5154,#5155,#5156,#5157,#5158)
    ,(#5159,#5160,#5161,#5162,#5163,#5164,#5165,#5166,#5167,#5168,#5169
      ,#5170,#5171,#5172,#5173,#5174,#5175,#5176,#5177,#5178,#5179,#5180
      ,#5181,#5182,#5183,#5184,#5185,#5186,#5187,#5188,#5189,#5190,#5191
      ,#5192,#5193,#5194,#5195,#5196,#5197,#5198,#5199,#5200,#5201,#5202
      ,#5203,#5204,#5205,#5206,#5207,#5208,#5209,#5210,#5211,#5212)
    ,(#5213,#5214,#5215,#5216,#5217,#5218,#5219,#5220,#5221,#5222,#5223
      ,#5224,#5225,#5226,#5227,#5228,#5229,#5230,#5231,#5232,#5233,#5234
      ,#5235,#5236,#5237,#5238,#5239,#5240,#5241,#5242,#5243,#5244,#5245
      ,#5246,#5247,#5248,#5249,#5250,#5251,#5252,#5253,#5254,#5255,#5256
      ,#5257,#5258,#5259,#5260,#5261,#5262,#5263,#5264,#5265,#5266)
    ,(#5267,#5268,#5269,#5270,#5271,#5272,#5273,#5274,#5275,#5276,#5277
      ,#5278,#5279,#5280,#5281,#5282,#5283,#5284,#5285,#5286,#5287,#5288
      ,#5289,#5290,#5291,#5292,#5293,#5294,#5295,#5296,#5297,#5298,#5299
      ,#5300,#5301,#5302,#5303,#5304,#5305,#5306,#5307,#5308,#5309,#5310
      ,#5311,#5312,#5313,#5314,#5315,#5316,#5317,#5318,#5319,#5320)
    ,(#5321,#5322,#5323,#5324,#5325,#5326,#5327,#5328,#5329,#5330,#5331
      ,#5332,#5333,#5334,#5335,#5336,#5337,#5338,#5339,#5340,#5341,#5342
      ,#5343,#5344,#5345,#5346,#5347,#5348,#5349,#5350,#5351,#5352,#5353
      ,#5354,#5355,#5356,#5357,#5358,#5359,#5360,#5361,#5362,#5363,#5364
      ,#5365,#5366,#5367,#5368,#5369,#5370,#5371,#5372,#5373,#5374)
    ,(#5375,#5376,#5377,#5378,#5379,#5380,#5381,#5382,#5383,#5384,#5385
      ,#5386,#5387,#5388,#5389,#5390,#5391,#5392,#5393,#5394,#5395,#5396
      ,#5397,#5398,#5399,#5400,#5401,#5402,#5403,#5404,#5405,#5406,#5407
      ,#5408,#5409,#5410,#5411,#5412,#5413,#5414,#5415,#5416,#5417,#5418
      ,#5419,#5420,#5421,#5422,#5423,#5424,#5425,#5426,#5427,#5428
)),.UNSPECIFIED.,.T.,.F.,.F.) B_SPLINE_SURFACE_WITH_KNOTS((1,3,3,3,1),(4
    ,2,2,2,2,2,2,2,2,2,2,2,2,2,2,2,2,2,2,2,2,2,2,2,2,2,4),(-0.5,0.,0.5,
    1.,1.5),(-0.31149084473,-0.155745422365,-7.787271118261E-02,
    -3.893635559131E-02,-1.946817779565E-02,-9.734088897826E-03,0.,
    7.575449373981E-03,1.515089874796E-02,3.030179749593E-02,
    6.060359499185E-02,0.121207189984,0.242414379967,0.394716576575,
    0.547018773183,0.851623166399,0.9258115832,0.9629057916,0.9814528958
    ,0.9907264479,1.,1.009734104001,1.019468208002,1.038936416003,
    1.077872832006,1.155745664012,1.311491328025),.UNSPECIFIED.) 
GEOMETRIC_REPRESENTATION_ITEM() RATIONAL_B_SPLINE_SURFACE((
    (1.,1.,1.,1.,1.,1.,1.,1.,1.,1.,1.,1.,1.,1.,1.,1.,1.,1.,1.,1.,1.,1.
      ,1.,1.,1.,1.,1.,1.,1.,1.,1.,1.,1.,1.,1.,1.,1.,1.,1.,1.,1.,1.,1.,1.
      ,1.,1.,1.,1.,1.,1.,1.,1.,1.,1.)
    ,(0.333333333333,0.333333333333,0.333333333333,0.333333333333
      ,0.333333333333,0.333333333333,0.333333333333,0.333333333333
      ,0.333333333333,0.333333333333,0.333333333333,0.333333333333
      ,0.333333333333,0.333333333333,0.333333333333,0.333333333333
      ,0.333333333333,0.333333333333,0.333333333333,0.333333333333
      ,0.333333333333,0.333333333333,0.333333333333,0.333333333333
      ,0.333333333333,0.333333333333,0.333333333333,0.333333333333
      ,0.333333333333,0.333333333333,0.333333333333,0.333333333333
      ,0.333333333333,0.333333333333,0.333333333333,0.333333333333
      ,0.333333333333,0.333333333333,0.333333333333,0.333333333333
      ,0.333333333333,0.333333333333,0.333333333333,0.333333333333
      ,0.333333333333,0.333333333333,0.333333333333,0.333333333333
      ,0.333333333333,0.333333333333,0.333333333333,0.333333333333
      ,0.333333333333,0.333333333333)
    ,(0.333333333333,0.333333333333,0.333333333333,0.333333333333
      ,0.333333333333,0.333333333333,0.333333333333,0.333333333333
      ,0.333333333333,0.333333333333,0.333333333333,0.333333333333
      ,0.333333333333,0.333333333333,0.333333333333,0.333333333333
      ,0.333333333333,0.333333333333,0.333333333333,0.333333333333
      ,0.333333333333,0.333333333333,0.333333333333,0.333333333333
      ,0.333333333333,0.333333333333,0.333333333333,0.333333333333
      ,0.333333333333,0.333333333333,0.333333333333,0.333333333333
      ,0.333333333333,0.333333333333,0.333333333333,0.333333333333
      ,0.333333333333,0.333333333333,0.333333333333,0.333333333333
      ,0.333333333333,0.333333333333,0.333333333333,0.333333333333
      ,0.333333333333,0.333333333333,0.333333333333,0.333333333333
      ,0.333333333333,0.333333333333,0.333333333333,0.333333333333
      ,0.333333333333,0.333333333333)
    ,(1.,1.,1.,1.,1.,1.,1.,1.,1.,1.,1.,1.,1.,1.,1.,1.,1.,1.,1.,1.,1.,1.
      ,1.,1.,1.,1.,1.,1.,1.,1.,1.,1.,1.,1.,1.,1.,1.,1.,1.,1.,1.,1.,1.,1.
      ,1.,1.,1.,1.,1.,1.,1.,1.,1.,1.)
    ,(0.333333333333,0.333333333333,0.333333333333,0.333333333333
      ,0.333333333333,0.333333333333,0.333333333333,0.333333333333
      ,0.333333333333,0.333333333333,0.333333333333,0.333333333333
      ,0.333333333333,0.333333333333,0.333333333333,0.333333333333
      ,0.333333333333,0.333333333333,0.333333333333,0.333333333333
      ,0.333333333333,0.333333333333,0.333333333333,0.333333333333
      ,0.333333333333,0.333333333333,0.333333333333,0.333333333333
      ,0.333333333333,0.333333333333,0.333333333333,0.333333333333
      ,0.333333333333,0.333333333333,0.333333333333,0.333333333333
      ,0.333333333333,0.333333333333,0.333333333333,0.333333333333
      ,0.333333333333,0.333333333333,0.333333333333,0.333333333333
      ,0.333333333333,0.333333333333,0.333333333333,0.333333333333
      ,0.333333333333,0.333333333333,0.333333333333,0.333333333333
      ,0.333333333333,0.333333333333)
    ,(0.333333333333,0.333333333333,0.333333333333,0.333333333333
      ,0.333333333333,0.333333333333,0.333333333333,0.333333333333
      ,0.333333333333,0.333333333333,0.333333333333,0.333333333333
      ,0.333333333333,0.333333333333,0.333333333333,0.333333333333
      ,0.333333333333,0.333333333333,0.333333333333,0.333333333333
      ,0.333333333333,0.333333333333,0.333333333333,0.333333333333
      ,0.333333333333,0.333333333333,0.333333333333,0.333333333333
      ,0.333333333333,0.333333333333,0.333333333333,0.333333333333
      ,0.333333333333,0.333333333333,0.333333333333,0.333333333333
      ,0.333333333333,0.333333333333,0.333333333333,0.333333333333
      ,0.333333333333,0.333333333333,0.333333333333,0.333333333333
      ,0.333333333333,0.333333333333,0.333333333333,0.333333333333
      ,0.333333333333,0.333333333333,0.333333333333,0.333333333333
      ,0.333333333333,0.333333333333)
    ,(1.,1.,1.,1.,1.,1.,1.,1.,1.,1.,1.,1.,1.,1.,1.,1.,1.,1.,1.,1.,1.,1.
      ,1.,1.,1.,1.,1.,1.,1.,1.,1.,1.,1.,1.,1.,1.,1.,1.,1.,1.,1.,1.,1.,1.
,1.,1.,1.,1.,1.,1.,1.,1.,1.,1.))) REPRESENTATION_ITEM('') SURFACE() );
#5051 = CARTESIAN_POINT('',(8.120410472008,-59.38936907653,
    61.934887317874));
#5052 = CARTESIAN_POINT('',(8.810462041264,-59.38936907654,
    61.909360391831));
#5053 = CARTESIAN_POINT('',(9.500513610529,-59.38936907653,
    61.883833465777));
#5054 = CARTESIAN_POINT('',(10.535590964421,-59.38936907654,
    61.845543076706));
#5055 = CARTESIAN_POINT('',(10.880616749052,-59.38936907653,
    61.832779613683));
#5056 = CARTESIAN_POINT('',(11.398155425998,-59.38936907654,
    61.813634419146));
#5057 = CARTESIAN_POINT('',(11.570668318313,-59.38936907653,
    61.807252687634));
#5058 = CARTESIAN_POINT('',(11.829437656786,-59.38936907653,
    61.797680090366));
#5059 = CARTESIAN_POINT('',(11.915694102943,-59.38936907653,
    61.79448922461));
#5060 = CARTESIAN_POINT('',(12.04507877218,-59.38936907653,
    61.789702925976));
#5061 = CARTESIAN_POINT('',(12.088206995259,-59.38936907654,
    61.788107493098));
#5062 = CARTESIAN_POINT('',(12.174463441416,-59.38936907653,
    61.784916627342));
#5063 = CARTESIAN_POINT('',(12.21585545681,-59.38936907653,
    61.783385943965));
#5064 = CARTESIAN_POINT('',(12.295635145438,-59.38936907653,
    61.780433742611));
#5065 = CARTESIAN_POINT('',(12.333240475091,-59.38936907653,
    61.778961101412));
#5066 = CARTESIAN_POINT('',(12.405723275973,-59.38936907653,
    61.775952198462));
#5067 = CARTESIAN_POINT('',(12.441952056588,-59.38936907653,
    61.774366354525));
#5068 = CARTESIAN_POINT('',(12.550600320043,-59.38936907654,
    61.769364845053));
#5069 = CARTESIAN_POINT('',(12.622981724557,-59.38936907653,
    61.765705200666));
#5070 = CARTESIAN_POINT('',(12.839971872067,-59.38936907654,
    61.753751992288));
#5071 = CARTESIAN_POINT('',(12.984426548128,-59.38936907653,
    61.74448413459));
#5072 = CARTESIAN_POINT('',(13.417160296614,-59.38936907654,
    61.71279717968));
#5073 = CARTESIAN_POINT('',(13.704809031029,-59.38936907653,
    61.686494410993));
#5074 = CARTESIAN_POINT('',(14.565123078703,-59.38936907654,
    61.59217242971));
#5075 = CARTESIAN_POINT('',(15.135006892447,-59.38936907654,
    61.508762315816));
#5076 = CARTESIAN_POINT('',(16.41308803981,-59.38936907652,
    61.274883800571));
#5077 = CARTESIAN_POINT('',(17.119877175227,-59.38936907654,
    61.112370295902));
#5078 = CARTESIAN_POINT('',(18.523090296638,-59.38936907653,
    60.721119108951));
#5079 = CARTESIAN_POINT('',(19.222449706194,-59.38936907653,
    60.491125102527));
#5080 = CARTESIAN_POINT('',(21.2734645951,-59.38936907655,
    59.708920080269));
#5081 = CARTESIAN_POINT('',(22.576167159882,-59.38936907652,
    59.067955353438));
#5082 = CARTESIAN_POINT('',(24.11443856093,-59.38936907654,
    58.123100459307));
#5083 = CARTESIAN_POINT('',(24.412097487118,-59.38936907653,57.930759949
    ));
#5084 = CARTESIAN_POINT('',(24.852556619327,-59.38936907654,
    57.631377479092));
#5085 = CARTESIAN_POINT('',(24.998390953018,-59.38936907653,
    57.529759636623));
#5086 = CARTESIAN_POINT('',(25.215633410446,-59.38936907653,
    57.374579649887));
#5087 = CARTESIAN_POINT('',(25.287796058694,-59.38936907653,
    57.322394131292));
#5088 = CARTESIAN_POINT('',(25.395658935186,-59.38936907653,
    57.243425482355));
#5089 = CARTESIAN_POINT('',(25.431549711666,-59.38936907653,
    57.216987538414));
#5090 = CARTESIAN_POINT('',(25.503203596708,-59.38936907653,
    57.16388119106));
#5091 = CARTESIAN_POINT('',(25.540371725915,-59.38936907653,
    57.136157982294));
#5092 = CARTESIAN_POINT('',(25.610662737953,-59.38936907654,
    57.083422218479));
#5093 = CARTESIAN_POINT('',(25.643709124957,-59.38936907653,
    57.058627864057));
#5094 = CARTESIAN_POINT('',(25.712752586923,-59.38936907653,
    57.006826738953));
#5095 = CARTESIAN_POINT('',(25.747274317906,-59.38936907653,
    56.980926176401));
#5096 = CARTESIAN_POINT('',(25.850839510854,-59.38936907654,
    56.903224488743));
#5097 = CARTESIAN_POINT('',(25.91988297282,-59.38936907653,
    56.851423363639));
#5098 = CARTESIAN_POINT('',(26.127013358717,-59.38936907653,
    56.696019988326));
#5099 = CARTESIAN_POINT('',(26.265100282648,-59.38936907654,
    56.592417738117));
#5100 = CARTESIAN_POINT('',(26.679361054442,-59.38936907653,
    56.281610987489));
#5101 = CARTESIAN_POINT('',(26.955534902305,-59.38936907654,
    56.07440648707));
#5102 = CARTESIAN_POINT('',(27.784056445892,-59.38936907653,
    55.452792985817));
#5103 = CARTESIAN_POINT('',(28.336404141613,-59.38936907653,
    55.038383984976));
#5104 = CARTESIAN_POINT('',(28.888751837343,-59.38936907653,
    54.623974984143));
#5105 = CARTESIAN_POINT('',(8.114565394473,-55.79284297895,
    61.776881417844));
#5106 = CARTESIAN_POINT('',(8.80461696373,-55.79284297895,
    61.751354491801));
#5107 = CARTESIAN_POINT('',(9.494668532995,-55.79284297895,
    61.725827565748));
#5108 = CARTESIAN_POINT('',(10.529745886887,-55.79284297895,
    61.687537176676));
#5109 = CARTESIAN_POINT('',(10.874771671517,-55.79284297895,
    61.674773713653));
#5110 = CARTESIAN_POINT('',(11.392310348463,-55.79284297895,
    61.655628519116));
#5111 = CARTESIAN_POINT('',(11.564823240778,-55.79284297895,
    61.649246787604));
#5112 = CARTESIAN_POINT('',(11.823592579251,-55.79284297895,
    61.639674190336));
#5113 = CARTESIAN_POINT('',(11.909849025409,-55.79284297895,
    61.63648332458));
#5114 = CARTESIAN_POINT('',(12.039233694645,-55.79284297895,
    61.631697025946));
#5115 = CARTESIAN_POINT('',(12.082361917724,-55.79284297895,
    61.630101593068));
#5116 = CARTESIAN_POINT('',(12.168618363882,-55.79284297895,
    61.626910727312));
#5117 = CARTESIAN_POINT('',(12.210163044104,-55.79284297895,
    61.625374393016));
#5118 = CARTESIAN_POINT('',(12.289671258153,-55.79284297895,
    61.622432240347));
#5119 = CARTESIAN_POINT('',(12.326920144046,-55.79284297895,
    61.620973319093));
#5120 = CARTESIAN_POINT('',(12.39892766182,-55.79284297895,
    61.617984146076));
#5121 = CARTESIAN_POINT('',(12.434918793483,-55.79284297895,
    61.61640870456));
#5122 = CARTESIAN_POINT('',(12.542854110119,-55.79284297895,
    61.611440014851));
#5123 = CARTESIAN_POINT('',(12.614760216797,-55.79284297895,
    61.607804400406));
#5124 = CARTESIAN_POINT('',(12.830324648923,-55.79284297895,
    61.595929729572));
#5125 = CARTESIAN_POINT('',(12.973829085633,-55.79284297895,
    61.586722828812));
#5126 = CARTESIAN_POINT('',(13.403714251937,-55.79284297895,
    61.555244461504));
#5127 = CARTESIAN_POINT('',(13.689466784529,-55.79284297895,
    61.529115065723));
#5128 = CARTESIAN_POINT('',(14.544112061764,-55.79284297895,
    61.435414589646));
#5129 = CARTESIAN_POINT('',(15.110256273681,-55.79284297895,
    61.352551995705));
#5130 = CARTESIAN_POINT('',(16.379964855966,-55.79284297894,
    61.120205592794));
#5131 = CARTESIAN_POINT('',(17.082080739353,-55.79284297896,
    60.958763778385));
#5132 = CARTESIAN_POINT('',(18.475954151608,-55.79284297894,
    60.570116739198));
#5133 = CARTESIAN_POINT('',(19.170683061034,-55.79284297894,
    60.341645253273));
#5134 = CARTESIAN_POINT('',(21.207970854227,-55.79284297896,
    59.564675393524));
#5135 = CARTESIAN_POINT('',(22.501832466565,-55.79284297893,
    58.928055314292));
#5136 = CARTESIAN_POINT('',(24.029633470163,-55.79284297895,
    57.989631670111));
#5137 = CARTESIAN_POINT('',(24.325240057269,-55.79284297894,
    57.798616794963));
#5138 = CARTESIAN_POINT('',(24.762661235679,-55.79284297895,
    57.501299238788));
#5139 = CARTESIAN_POINT('',(24.907487963068,-55.79284297895,
    57.400383476697));
#5140 = CARTESIAN_POINT('',(25.123228081116,-55.79284297895,
    57.246276636564));
#5141 = CARTESIAN_POINT('',(25.194891460993,-55.79284297895,
    57.194452169936));
#5142 = CARTESIAN_POINT('',(25.302007887015,-55.79284297895,
    57.116030012868));
#5143 = CARTESIAN_POINT('',(25.33765025533,-55.79284297895,
    57.089775051795));
#5144 = CARTESIAN_POINT('',(25.408808171886,-55.79284297895,
    57.037036291973));
#5145 = CARTESIAN_POINT('',(25.445605181919,-55.79284297895,
    57.009590394756));
#5146 = CARTESIAN_POINT('',(25.515642932668,-55.79284297895,
    56.957044635468));
#5147 = CARTESIAN_POINT('',(25.548819018554,-55.79284297895,
    56.932152976896));
#5148 = CARTESIAN_POINT('',(25.617862480519,-55.79284297895,
    56.880351851792));
#5149 = CARTESIAN_POINT('',(25.652384211502,-55.79284297895,
    56.85445128924));
#5150 = CARTESIAN_POINT('',(25.75594940445,-55.79284297895,
    56.776749601583));
#5151 = CARTESIAN_POINT('',(25.824992866416,-55.79284297895,
    56.724948476478));
#5152 = CARTESIAN_POINT('',(26.032123252313,-55.79284297895,
    56.569545101165));
#5153 = CARTESIAN_POINT('',(26.170210176245,-55.79284297895,
    56.465942850956));
#5154 = CARTESIAN_POINT('',(26.584470948038,-55.79284297895,
    56.155136100327));
#5155 = CARTESIAN_POINT('',(26.860644795901,-55.79284297895,
    55.947931599909));
#5156 = CARTESIAN_POINT('',(27.689166339488,-55.79284297895,
    55.326318098656));
#5157 = CARTESIAN_POINT('',(28.24151403521,-55.79284297894,
    54.911909097815));
#5158 = CARTESIAN_POINT('',(28.793861730939,-55.79284297895,
    54.497500096982));
#5159 = CARTESIAN_POINT('',(7.98161083574,-55.95095695485,
    58.182813658892));
#5160 = CARTESIAN_POINT('',(8.671662404997,-55.95095695485,
    58.15728673285));
#5161 = CARTESIAN_POINT('',(9.361713974262,-55.95095695485,
    58.131759806796));
#5162 = CARTESIAN_POINT('',(10.396791328154,-55.95095695485,
    58.093469417725));
#5163 = CARTESIAN_POINT('',(10.741817112784,-55.95095695485,
    58.080705954701));
#5164 = CARTESIAN_POINT('',(11.25935578973,-55.95095695485,
    58.061560760164));
#5165 = CARTESIAN_POINT('',(11.431868682045,-55.95095695485,
    58.055179028652));
#5166 = CARTESIAN_POINT('',(11.690638020518,-55.95095695485,
    58.045606431384));
#5167 = CARTESIAN_POINT('',(11.776894466676,-55.95095695485,
    58.042415565628));
#5168 = CARTESIAN_POINT('',(11.906279135912,-55.95095695485,
    58.037629266994));
#5169 = CARTESIAN_POINT('',(11.949407358991,-55.95095695485,
    58.036033834116));
#5170 = CARTESIAN_POINT('',(12.035663805149,-55.95095695485,
    58.03284296836));
#5171 = CARTESIAN_POINT('',(12.080681062891,-55.95095695485,
    58.031178095919));
#5172 = CARTESIAN_POINT('',(12.154014203533,-55.95095695485,
    58.028464514817));
#5173 = CARTESIAN_POINT('',(12.183155271767,-55.95095695485,
    58.02731767312));
#5174 = CARTESIAN_POINT('',(12.244351802793,-55.95095695485,
    58.024777285326));
#5175 = CARTESIAN_POINT('',(12.274937272787,-55.95095695485,
    58.023438461605));
#5176 = CARTESIAN_POINT('',(12.366655605274,-55.95095695485,
    58.019216303846));
#5177 = CARTESIAN_POINT('',(12.427750390185,-55.95095695485,
    58.016127284426));
#5178 = CARTESIAN_POINT('',(12.610884908616,-55.95095695485,
    58.006039061138));
#5179 = CARTESIAN_POINT('',(12.732774806788,-55.95095695485,
    57.99821871219));
#5180 = CARTESIAN_POINT('',(13.097864941011,-55.95095695485,
    57.971484965031));
#5181 = CARTESIAN_POINT('',(13.340485680173,-55.95095695485,
    57.949299181295));
#5182 = CARTESIAN_POINT('',(14.066186752844,-55.95095695485,
    57.869735720506));
#5183 = CARTESIAN_POINT('',(14.547268430932,-55.95095695485,
    57.799327242463));
#5184 = CARTESIAN_POINT('',(15.626531172436,-55.95095695485,
    57.601830902636));
#5185 = CARTESIAN_POINT('',(16.222347327872,-55.95095695486,
    57.464766199206));
#5186 = CARTESIAN_POINT('',(17.403775839225,-55.95095695484,
    57.135354185879));
#5187 = CARTESIAN_POINT('',(17.993177473872,-55.95095695484,
    56.941514582053));
#5188 = CARTESIAN_POINT('',(19.71822304743,-55.95095695486,
    56.283625902907));
#5189 = CARTESIAN_POINT('',(20.810984689513,-55.95095695485,
    55.745830979914));
#5190 = CARTESIAN_POINT('',(22.100621690131,-55.95095695485,
    54.953695214488));
#5191 = CARTESIAN_POINT('',(22.349544920246,-55.95095695485,
    54.792833787118));
#5192 = CARTESIAN_POINT('',(22.717863541717,-55.95095695485,
    54.542485615083));
#5193 = CARTESIAN_POINT('',(22.839770837932,-55.95095695485,
    54.457539664646));
#5194 = CARTESIAN_POINT('',(23.021338121033,-55.95095695485,
    54.32784306244));
#5195 = CARTESIAN_POINT('',(23.081644935376,-55.95095695485,
    54.284231233662));
#5196 = CARTESIAN_POINT('',(23.171782289389,-55.95095695485,
    54.218239807357));
#5197 = CARTESIAN_POINT('',(23.201774262519,-55.95095695485,
    54.196147050499));
#5198 = CARTESIAN_POINT('',(23.261650674056,-55.95095695485,
    54.151769589215));
#5199 = CARTESIAN_POINT('',(23.290006053405,-55.95095695485,
    54.130631535564));
#5200 = CARTESIAN_POINT('',(23.354283017826,-55.95095695485,
    54.082407698067));
#5201 = CARTESIAN_POINT('',(23.390409288255,-55.95095695485,
    54.055302718927));
#5202 = CARTESIAN_POINT('',(23.459452750221,-55.95095695485,
    54.003501593823));
#5203 = CARTESIAN_POINT('',(23.493974481204,-55.95095695485,
    53.97760103127));
#5204 = CARTESIAN_POINT('',(23.597539674152,-55.95095695485,
    53.899899343613));
#5205 = CARTESIAN_POINT('',(23.666583136118,-55.95095695485,
    53.848098218509));
#5206 = CARTESIAN_POINT('',(23.873713522015,-55.95095695485,
    53.692694843196));
#5207 = CARTESIAN_POINT('',(24.011800445946,-55.95095695485,
    53.589092592986));
#5208 = CARTESIAN_POINT('',(24.42606121774,-55.95095695485,
    53.278285842358));
#5209 = CARTESIAN_POINT('',(24.702235065603,-55.95095695485,
    53.07108134194));
#5210 = CARTESIAN_POINT('',(25.53075660919,-55.95095695485,
    52.449467840687));
#5211 = CARTESIAN_POINT('',(26.083104304911,-55.95095695484,
    52.035058839846));
#5212 = CARTESIAN_POINT('',(26.635452000641,-55.95095695485,
    51.620649839013));
#5213 = CARTESIAN_POINT('',(7.987455913274,-59.54748305244,
    58.340819558922));
#5214 = CARTESIAN_POINT('',(8.677507482531,-59.54748305244,
    58.31529263288));
#5215 = CARTESIAN_POINT('',(9.367559051796,-59.54748305243,
    58.289765706826));
#5216 = CARTESIAN_POINT('',(10.402636405688,-59.54748305244,
    58.251475317755));
#5217 = CARTESIAN_POINT('',(10.747662190319,-59.54748305244,
    58.238711854731));
#5218 = CARTESIAN_POINT('',(11.265200867265,-59.54748305244,
    58.219566660194));
#5219 = CARTESIAN_POINT('',(11.43771375958,-59.54748305244,
    58.213184928682));
#5220 = CARTESIAN_POINT('',(11.696483098053,-59.54748305244,
    58.203612331414));
#5221 = CARTESIAN_POINT('',(11.78273954421,-59.54748305244,
    58.200421465658));
#5222 = CARTESIAN_POINT('',(11.912124213447,-59.54748305244,
    58.195635167024));
#5223 = CARTESIAN_POINT('',(11.955252436526,-59.54748305244,
    58.194039734146));
#5224 = CARTESIAN_POINT('',(12.041508882683,-59.54748305244,
    58.19084886839));
#5225 = CARTESIAN_POINT('',(12.086373475598,-59.54748305244,
    58.189189646867));
#5226 = CARTESIAN_POINT('',(12.159978090819,-59.54748305244,
    58.18646601708));
#5227 = CARTESIAN_POINT('',(12.189475602812,-59.54748305244,
    58.185305455439));
#5228 = CARTESIAN_POINT('',(12.251147416946,-59.54748305244,
    58.182745337712));
#5229 = CARTESIAN_POINT('',(12.281970535892,-59.54748305244,
    58.18139611157));
#5230 = CARTESIAN_POINT('',(12.374401815198,-59.54748305244,
    58.177141134048));
#5231 = CARTESIAN_POINT('',(12.435971897945,-59.54748305244,
    58.174028084686));
#5232 = CARTESIAN_POINT('',(12.620532131761,-59.54748305244,
    58.163861323855));
#5233 = CARTESIAN_POINT('',(12.743372269283,-59.54748305244,
    58.155980017969));
#5234 = CARTESIAN_POINT('',(13.111310985688,-59.54748305244,
    58.129037683207));
#5235 = CARTESIAN_POINT('',(13.355827926674,-59.54748305244,
    58.106678526565));
#5236 = CARTESIAN_POINT('',(14.087197769783,-59.54748305244,
    58.026493560571));
#5237 = CARTESIAN_POINT('',(14.572019049697,-59.54748305244,
    57.955537562573));
#5238 = CARTESIAN_POINT('',(15.65965435628,-59.54748305243,
    57.756509110415));
#5239 = CARTESIAN_POINT('',(16.260143763746,-59.54748305245,
    57.618372716723));
#5240 = CARTESIAN_POINT('',(17.450911984255,-59.54748305242,
    57.286356555632));
#5241 = CARTESIAN_POINT('',(18.044944119033,-59.54748305243,
    57.090994431306));
#5242 = CARTESIAN_POINT('',(19.783716788303,-59.54748305245,
    56.427870589651));
#5243 = CARTESIAN_POINT('',(20.88531938283,-59.54748305243,
    55.885731019061));
#5244 = CARTESIAN_POINT('',(22.185426780898,-59.54748305244,
    55.087164003684));
#5245 = CARTESIAN_POINT('',(22.436402350096,-59.54748305244,
    54.924976941154));
#5246 = CARTESIAN_POINT('',(22.807758925364,-59.54748305244,
    54.672563855386));
#5247 = CARTESIAN_POINT('',(22.930673827882,-59.54748305244,
    54.586915824571));
#5248 = CARTESIAN_POINT('',(23.113743450364,-59.54748305244,
    54.456146075763));
#5249 = CARTESIAN_POINT('',(23.174549533078,-59.54748305244,
    54.412173195017));
#5250 = CARTESIAN_POINT('',(23.26543333756,-59.54748305244,
    54.345635276843));
#5251 = CARTESIAN_POINT('',(23.295673718855,-59.54748305244,
    54.323359537119));
#5252 = CARTESIAN_POINT('',(23.356046098878,-59.54748305244,
    54.278614488303));
#5253 = CARTESIAN_POINT('',(23.3847725974,-59.54748305244,
    54.257199123102));
#5254 = CARTESIAN_POINT('',(23.449302823111,-59.54748305244,
    54.208785281077));
#5255 = CARTESIAN_POINT('',(23.485299394659,-59.54748305244,
    54.181777606088));
#5256 = CARTESIAN_POINT('',(23.554342856625,-59.54748305244,
    54.129976480983));
#5257 = CARTESIAN_POINT('',(23.588864587607,-59.54748305244,
    54.104075918431));
#5258 = CARTESIAN_POINT('',(23.692429780556,-59.54748305244,
    54.026374230774));
#5259 = CARTESIAN_POINT('',(23.761473242522,-59.54748305244,
    53.97457310567));
#5260 = CARTESIAN_POINT('',(23.968603628418,-59.54748305244,
    53.819169730357));
#5261 = CARTESIAN_POINT('',(24.10669055235,-59.54748305244,
    53.715567480147));
#5262 = CARTESIAN_POINT('',(24.520951324143,-59.54748305244,
    53.404760729519));
#5263 = CARTESIAN_POINT('',(24.797125172007,-59.54748305244,
    53.197556229101));
#5264 = CARTESIAN_POINT('',(25.625646715593,-59.54748305244,
    52.575942727848));
#5265 = CARTESIAN_POINT('',(26.177994411315,-59.54748305243,
    52.161533727007));
#5266 = CARTESIAN_POINT('',(26.730342107044,-59.54748305244,
    51.747124726174));
#5267 = CARTESIAN_POINT('',(7.993300990809,-63.14400915002,
    58.498825458952));
#5268 = CARTESIAN_POINT('',(8.683352560066,-63.14400915003,
    58.47329853291));
#5269 = CARTESIAN_POINT('',(9.373404129331,-63.14400915002,
    58.447771606856));
#5270 = CARTESIAN_POINT('',(10.408481483223,-63.14400915002,
    58.409481217785));
#5271 = CARTESIAN_POINT('',(10.753507267853,-63.14400915002,
    58.396717754761));
#5272 = CARTESIAN_POINT('',(11.271045944799,-63.14400915002,
    58.377572560224));
#5273 = CARTESIAN_POINT('',(11.443558837114,-63.14400915002,
    58.371190828712));
#5274 = CARTESIAN_POINT('',(11.702328175587,-63.14400915002,
    58.361618231444));
#5275 = CARTESIAN_POINT('',(11.788584621745,-63.14400915002,
    58.358427365688));
#5276 = CARTESIAN_POINT('',(11.917969290981,-63.14400915002,
    58.353641067054));
#5277 = CARTESIAN_POINT('',(11.96109751406,-63.14400915002,
    58.352045634176));
#5278 = CARTESIAN_POINT('',(12.047353960218,-63.14400915002,
    58.34885476842));
#5279 = CARTESIAN_POINT('',(12.092065888304,-63.14400915002,
    58.347201197816));
#5280 = CARTESIAN_POINT('',(12.165941978104,-63.14400915002,
    58.344467519344));
#5281 = CARTESIAN_POINT('',(12.195795933857,-63.14400915002,
    58.343293237757));
#5282 = CARTESIAN_POINT('',(12.2579430311,-63.14400915002,
    58.340713390098));
#5283 = CARTESIAN_POINT('',(12.289003798997,-63.14400915002,
    58.339353761535));
#5284 = CARTESIAN_POINT('',(12.382148025122,-63.14400915002,
    58.33506596425));
#5285 = CARTESIAN_POINT('',(12.444193405705,-63.14400915002,
    58.331928884946));
#5286 = CARTESIAN_POINT('',(12.630179354905,-63.14400915002,
    58.321683586572));
#5287 = CARTESIAN_POINT('',(12.753969731778,-63.14400915002,
    58.313741323747));
#5288 = CARTESIAN_POINT('',(13.124757030364,-63.14400915002,
    58.286590401383));
#5289 = CARTESIAN_POINT('',(13.371170173174,-63.14400915002,
    58.264057871835));
#5290 = CARTESIAN_POINT('',(14.108208786722,-63.14400915003,
    58.183251400636));
#5291 = CARTESIAN_POINT('',(14.596769668463,-63.14400915003,
    58.111747882682));
#5292 = CARTESIAN_POINT('',(15.692777540125,-63.14400915002,
    57.911187318195));
#5293 = CARTESIAN_POINT('',(16.297940199619,-63.14400915004,
    57.77197923424));
#5294 = CARTESIAN_POINT('',(17.498048129284,-63.14400915001,
    57.437358925384));
#5295 = CARTESIAN_POINT('',(18.096710764194,-63.14400915002,
    57.24047428056));
#5296 = CARTESIAN_POINT('',(19.849210529176,-63.14400915003,
    56.572115276396));
#5297 = CARTESIAN_POINT('',(20.959654076148,-63.14400915002,
    56.025631058207));
#5298 = CARTESIAN_POINT('',(22.270231871665,-63.14400915003,
    55.22063279288));
#5299 = CARTESIAN_POINT('',(22.523259779946,-63.14400915002,
    55.057120095191));
#5300 = CARTESIAN_POINT('',(22.897654309011,-63.14400915003,
    54.80264209569));
#5301 = CARTESIAN_POINT('',(23.021576817832,-63.14400915002,
    54.716291984497));
#5302 = CARTESIAN_POINT('',(23.206148779694,-63.14400915002,
    54.584449089086));
#5303 = CARTESIAN_POINT('',(23.26745413078,-63.14400915002,
    54.540115156373));
#5304 = CARTESIAN_POINT('',(23.35908438573,-63.14400915002,
    54.47303074633));
#5305 = CARTESIAN_POINT('',(23.389573175191,-63.14400915002,
    54.450572023737));
#5306 = CARTESIAN_POINT('',(23.4504415237,-63.14400915002,54.40545938739
    ));
#5307 = CARTESIAN_POINT('',(23.479539141396,-63.14400915002,
    54.383766710639));
#5308 = CARTESIAN_POINT('',(23.544322628395,-63.14400915002,
    54.335162864088));
#5309 = CARTESIAN_POINT('',(23.580189501063,-63.14400915002,
    54.308252493249));
#5310 = CARTESIAN_POINT('',(23.649232963028,-63.14400915002,
    54.256451368144));
#5311 = CARTESIAN_POINT('',(23.683754694011,-63.14400915002,
    54.230550805592));
#5312 = CARTESIAN_POINT('',(23.787319886959,-63.14400915002,
    54.152849117935));
#5313 = CARTESIAN_POINT('',(23.856363348925,-63.14400915002,
    54.101047992831));
#5314 = CARTESIAN_POINT('',(24.063493734822,-63.14400915002,
    53.945644617517));
#5315 = CARTESIAN_POINT('',(24.201580658754,-63.14400915002,
    53.842042367308));
#5316 = CARTESIAN_POINT('',(24.615841430547,-63.14400915002,
    53.53123561668));
#5317 = CARTESIAN_POINT('',(24.89201527841,-63.14400915002,
    53.324031116262));
#5318 = CARTESIAN_POINT('',(25.720536821997,-63.14400915002,
    52.702417615009));
#5319 = CARTESIAN_POINT('',(26.272884517719,-63.14400915002,
    52.288008614168));
#5320 = CARTESIAN_POINT('',(26.825232213448,-63.14400915002,
    51.873599613335));
#5321 = CARTESIAN_POINT('',(8.126255549542,-62.98589517412,
    62.092893217904));
#5322 = CARTESIAN_POINT('',(8.816307118799,-62.98589517412,
    62.067366291861));
#5323 = CARTESIAN_POINT('',(9.506358688064,-62.98589517412,
    62.041839365807));
#5324 = CARTESIAN_POINT('',(10.541436041956,-62.98589517412,
    62.003548976736));
#5325 = CARTESIAN_POINT('',(10.886461826586,-62.98589517412,
    61.990785513713));
#5326 = CARTESIAN_POINT('',(11.404000503532,-62.98589517412,
    61.971640319176));
#5327 = CARTESIAN_POINT('',(11.576513395847,-62.98589517412,
    61.965258587664));
#5328 = CARTESIAN_POINT('',(11.83528273432,-62.98589517412,
    61.955685990396));
#5329 = CARTESIAN_POINT('',(11.921539180478,-62.98589517412,
    61.95249512464));
#5330 = CARTESIAN_POINT('',(12.050923849714,-62.98589517412,
    61.947708826006));
#5331 = CARTESIAN_POINT('',(12.094052072793,-62.98589517412,
    61.946113393128));
#5332 = CARTESIAN_POINT('',(12.180308518951,-62.98589517412,
    61.942922527372));
#5333 = CARTESIAN_POINT('',(12.221547869517,-62.98589517412,
    61.941397494914));
#5334 = CARTESIAN_POINT('',(12.301599032724,-62.98589517412,
    61.938435244874));
#5335 = CARTESIAN_POINT('',(12.339560806136,-62.98589517412,
    61.93694888373));
#5336 = CARTESIAN_POINT('',(12.412518890126,-62.98589517412,
    61.933920250848));
#5337 = CARTESIAN_POINT('',(12.448985319694,-62.98589517412,
    61.93232400449));
#5338 = CARTESIAN_POINT('',(12.558346529966,-62.98589517412,
    61.927289675255));
#5339 = CARTESIAN_POINT('',(12.631203232317,-62.98589517412,
    61.923606000926));
#5340 = CARTESIAN_POINT('',(12.849619095211,-62.98589517412,
    61.911574255005));
#5341 = CARTESIAN_POINT('',(12.995024010622,-62.98589517412,
    61.902245440369));
#5342 = CARTESIAN_POINT('',(13.43060634129,-62.98589517412,
    61.870349897855));
#5343 = CARTESIAN_POINT('',(13.720151277529,-62.98589517412,
    61.843873756264));
#5344 = CARTESIAN_POINT('',(14.586134095642,-62.98589517413,
    61.748930269773));
#5345 = CARTESIAN_POINT('',(15.159757511212,-62.98589517413,
    61.664972635927));
#5346 = CARTESIAN_POINT('',(16.446211223655,-62.98589517411,
    61.429562008348));
#5347 = CARTESIAN_POINT('',(17.1576736111,-62.98589517413,
    61.265976813418));
#5348 = CARTESIAN_POINT('',(18.570226441667,-62.98589517411,
    60.872121478705));
#5349 = CARTESIAN_POINT('',(19.274216351355,-62.98589517412,
    60.64060495178));
#5350 = CARTESIAN_POINT('',(21.338958335973,-62.98589517413,
    59.853164767013));
#5351 = CARTESIAN_POINT('',(22.6505018532,-62.98589517412,
    59.207855392585));
#5352 = CARTESIAN_POINT('',(24.199243651697,-62.98589517412,
    58.256569248502));
#5353 = CARTESIAN_POINT('',(24.498954916967,-62.98589517412,
    58.062903103036));
#5354 = CARTESIAN_POINT('',(24.942452002974,-62.98589517412,
    57.761455719395));
#5355 = CARTESIAN_POINT('',(25.089293942968,-62.98589517412,
    57.659135796548));
#5356 = CARTESIAN_POINT('',(25.308038739777,-62.98589517412,
    57.50288266321));
#5357 = CARTESIAN_POINT('',(25.380700656396,-62.98589517412,
    57.450336092647));
#5358 = CARTESIAN_POINT('',(25.489309983357,-62.98589517412,
    57.370820951841));
#5359 = CARTESIAN_POINT('',(25.525449168002,-62.98589517412,
    57.344200025033));
#5360 = CARTESIAN_POINT('',(25.59759902153,-62.98589517412,
    57.290726090148));
#5361 = CARTESIAN_POINT('',(25.635138269911,-62.98589517412,
    57.262725569831));
#5362 = CARTESIAN_POINT('',(25.705682543237,-62.98589517412,
    57.20979980149));
#5363 = CARTESIAN_POINT('',(25.738599231361,-62.98589517412,
    57.185102751218));
#5364 = CARTESIAN_POINT('',(25.807642693326,-62.98589517412,
    57.133301626114));
#5365 = CARTESIAN_POINT('',(25.842164424309,-62.98589517412,
    57.107401063561));
#5366 = CARTESIAN_POINT('',(25.945729617258,-62.98589517412,
    57.029699375904));
#5367 = CARTESIAN_POINT('',(26.014773079224,-62.98589517412,
    56.9778982508));
#5368 = CARTESIAN_POINT('',(26.22190346512,-62.98589517412,
    56.822494875487));
#5369 = CARTESIAN_POINT('',(26.359990389052,-62.98589517412,
    56.718892625278));
#5370 = CARTESIAN_POINT('',(26.774251160845,-62.98589517412,
    56.408085874649));
#5371 = CARTESIAN_POINT('',(27.050425008708,-62.98589517412,
    56.200881374231));
#5372 = CARTESIAN_POINT('',(27.878946552295,-62.98589517412,
    55.579267872978));
#5373 = CARTESIAN_POINT('',(28.431294248017,-62.98589517411,
    55.164858872137));
#5374 = CARTESIAN_POINT('',(28.983641943746,-62.98589517412,
    54.750449871304));
#5375 = CARTESIAN_POINT('',(8.120410472008,-59.38936907653,
    61.934887317874));
#5376 = CARTESIAN_POINT('',(8.810462041264,-59.38936907654,
    61.909360391831));
#5377 = CARTESIAN_POINT('',(9.500513610529,-59.38936907653,
    61.883833465777));
#5378 = CARTESIAN_POINT('',(10.535590964421,-59.38936907654,
    61.845543076706));
#5379 = CARTESIAN_POINT('',(10.880616749052,-59.38936907653,
    61.832779613683));
#5380 = CARTESIAN_POINT('',(11.398155425998,-59.38936907654,
    61.813634419146));
#5381 = CARTESIAN_POINT('',(11.570668318313,-59.38936907653,
    61.807252687634));
#5382 = CARTESIAN_POINT('',(11.829437656786,-59.38936907653,
    61.797680090366));
#5383 = CARTESIAN_POINT('',(11.915694102943,-59.38936907653,
    61.79448922461));
#5384 = CARTESIAN_POINT('',(12.04507877218,-59.38936907653,
    61.789702925976));
#5385 = CARTESIAN_POINT('',(12.088206995259,-59.38936907654,
    61.788107493098));
#5386 = CARTESIAN_POINT('',(12.174463441416,-59.38936907653,
    61.784916627342));
#5387 = CARTESIAN_POINT('',(12.21585545681,-59.38936907653,
    61.783385943965));
#5388 = CARTESIAN_POINT('',(12.295635145438,-59.38936907653,
    61.780433742611));
#5389 = CARTESIAN_POINT('',(12.333240475091,-59.38936907653,
    61.778961101412));
#5390 = CARTESIAN_POINT('',(12.405723275973,-59.38936907653,
    61.775952198462));
#5391 = CARTESIAN_POINT('',(12.441952056588,-59.38936907653,
    61.774366354525));
#5392 = CARTESIAN_POINT('',(12.550600320043,-59.38936907654,
    61.769364845053));
#5393 = CARTESIAN_POINT('',(12.622981724557,-59.38936907653,
    61.765705200666));
#5394 = CARTESIAN_POINT('',(12.839971872067,-59.38936907654,
    61.753751992288));
#5395 = CARTESIAN_POINT('',(12.984426548128,-59.38936907653,
    61.74448413459));
#5396 = CARTESIAN_POINT('',(13.417160296614,-59.38936907654,
    61.71279717968));
#5397 = CARTESIAN_POINT('',(13.704809031029,-59.38936907653,
    61.686494410993));
#5398 = CARTESIAN_POINT('',(14.565123078703,-59.38936907654,
    61.59217242971));
#5399 = CARTESIAN_POINT('',(15.135006892447,-59.38936907654,
    61.508762315816));
#5400 = CARTESIAN_POINT('',(16.41308803981,-59.38936907652,
    61.274883800571));
#5401 = CARTESIAN_POINT('',(17.119877175227,-59.38936907654,
    61.112370295902));
#5402 = CARTESIAN_POINT('',(18.523090296638,-59.38936907653,
    60.721119108951));
#5403 = CARTESIAN_POINT('',(19.222449706194,-59.38936907653,
    60.491125102527));
#5404 = CARTESIAN_POINT('',(21.2734645951,-59.38936907655,
    59.708920080269));
#5405 = CARTESIAN_POINT('',(22.576167159882,-59.38936907652,
    59.067955353438));
#5406 = CARTESIAN_POINT('',(24.11443856093,-59.38936907654,
    58.123100459307));
#5407 = CARTESIAN_POINT('',(24.412097487118,-59.38936907653,57.930759949
    ));
#5408 = CARTESIAN_POINT('',(24.852556619327,-59.38936907654,
    57.631377479092));
#5409 = CARTESIAN_POINT('',(24.998390953018,-59.38936907653,
    57.529759636623));
#5410 = CARTESIAN_POINT('',(25.215633410446,-59.38936907653,
    57.374579649887));
#5411 = CARTESIAN_POINT('',(25.287796058694,-59.38936907653,
    57.322394131292));
#5412 = CARTESIAN_POINT('',(25.395658935186,-59.38936907653,
    57.243425482355));
#5413 = CARTESIAN_POINT('',(25.431549711666,-59.38936907653,
    57.216987538414));
#5414 = CARTESIAN_POINT('',(25.503203596708,-59.38936907653,
    57.16388119106));
#5415 = CARTESIAN_POINT('',(25.540371725915,-59.38936907653,
    57.136157982294));
#5416 = CARTESIAN_POINT('',(25.610662737953,-59.38936907654,
    57.083422218479));
#5417 = CARTESIAN_POINT('',(25.643709124957,-59.38936907653,
    57.058627864057));
#5418 = CARTESIAN_POINT('',(25.712752586923,-59.38936907653,
    57.006826738953));
#5419 = CARTESIAN_POINT('',(25.747274317906,-59.38936907653,
    56.980926176401));
#5420 = CARTESIAN_POINT('',(25.850839510854,-59.38936907654,
    56.903224488743));
#5421 = CARTESIAN_POINT('',(25.91988297282,-59.38936907653,
    56.851423363639));
#5422 = CARTESIAN_POINT('',(26.127013358717,-59.38936907653,
    56.696019988326));
#5423 = CARTESIAN_POINT('',(26.265100282648,-59.38936907654,
    56.592417738117));
#5424 = CARTESIAN_POINT('',(26.679361054442,-59.38936907653,
    56.281610987489));
#5425 = CARTESIAN_POINT('',(26.955534902305,-59.38936907654,
    56.07440648707));
#5426 = CARTESIAN_POINT('',(27.784056445892,-59.38936907653,
    55.452792985817));
#5427 = CARTESIAN_POINT('',(28.336404141613,-59.38936907653,
    55.038383984976));
#5428 = CARTESIAN_POINT('',(28.888751837343,-59.38936907653,
    54.623974984143));
#5429 = ADVANCED_FACE('',(#5430),#5451,.F.);
#5430 = FACE_BOUND('',#5431,.F.);
#5431 = EDGE_LOOP('',(#5432,#5441,#5448,#5449,#5450));
#5432 = ORIENTED_EDGE('',*,*,#5433,.T.);
#5433 = EDGE_CURVE('',#4192,#5434,#5436,.T.);
#5434 = VERTEX_POINT('',#5435);
#5435 = CARTESIAN_POINT('',(-24.37869791353,-27.7591545732,
    57.643990794574));
#5436 = B_SPLINE_CURVE_WITH_KNOTS('',3,(#5437,#5438,#5439,#5440),
  .UNSPECIFIED.,.F.,.F.,(4,4),(1.638005236187E-16,1.261998213981E-03),
  .PIECEWISE_BEZIER_KNOTS.);
#5437 = CARTESIAN_POINT('',(-24.49470448688,-29.01098549882,
    57.547715998811));
#5438 = CARTESIAN_POINT('',(-24.48892901054,-28.59097336517,
    57.573432846447));
#5439 = CARTESIAN_POINT('',(-24.45004655922,-28.17217218616,
    57.606182713235));
#5440 = CARTESIAN_POINT('',(-24.37869791353,-27.7591545732,
    57.643990794574));
#5441 = ORIENTED_EDGE('',*,*,#5442,.T.);
#5442 = EDGE_CURVE('',#5434,#1962,#5443,.T.);
#5443 = CIRCLE('',#5444,1.8);
#5444 = AXIS2_PLACEMENT_3D('',#5445,#5446,#5447);
#5445 = CARTESIAN_POINT('',(-24.40461519526,-27.91878494669,
    59.43671119619));
#5446 = DIRECTION('',(0.149666824425,0.984646420169,8.984024107041E-02)
  );
#5447 = DIRECTION('',(-0.565557987988,1.072417375015E-02,0.824638802337)
  );
#5448 = ORIENTED_EDGE('',*,*,#1972,.F.);
#5449 = ORIENTED_EDGE('',*,*,#3105,.F.);
#5450 = ORIENTED_EDGE('',*,*,#4200,.F.);
#5451 = ( BOUNDED_SURFACE() B_SPLINE_SURFACE(3,3,(
    (#5452,#5453,#5454,#5455)
    ,(#5456,#5457,#5458,#5459)
    ,(#5460,#5461,#5462,#5463)
    ,(#5464,#5465,#5466,#5467)
    ,(#5468,#5469,#5470,#5471)
    ,(#5472,#5473,#5474,#5475)
    ,(#5476,#5477,#5478,#5479
)),.UNSPECIFIED.,.T.,.F.,.F.) B_SPLINE_SURFACE_WITH_KNOTS((1,3,3,3,1),(4
    ,4),(-0.5,0.,0.5,1.,1.5),(0.653581531124,0.666754723049),
.UNSPECIFIED.) GEOMETRIC_REPRESENTATION_ITEM() RATIONAL_B_SPLINE_SURFACE
((
    (1.,1.,1.,1.)
    ,(0.333333333333,0.333333333333,0.333333333333,0.333333333333)
    ,(0.333333333333,0.333333333333,0.333333333333,0.333333333333)
    ,(1.,1.,1.,1.)
    ,(0.333333333333,0.333333333333,0.333333333333,0.333333333333)
    ,(0.333333333333,0.333333333333,0.333333333333,0.333333333333)
,(1.,1.,1.,1.))) REPRESENTATION_ITEM('') SURFACE() );
#5452 = CARTESIAN_POINT('',(-25.42261957364,-27.89948143394,
    60.921061040397));
#5453 = CARTESIAN_POINT('',(-25.48875911816,-28.33460836329,
    60.881359572511));
#5454 = CARTESIAN_POINT('',(-25.52174326153,-28.7740105431,
    60.847127639736));
#5455 = CARTESIAN_POINT('',(-25.52174326153,-29.21134623847,
    60.82035262207));
#5456 = CARTESIAN_POINT('',(-22.50296851737,-28.5267128065,
    62.931587965078));
#5457 = CARTESIAN_POINT('',(-22.54427531406,-28.79846701557,
    62.906792806984));
#5458 = CARTESIAN_POINT('',(-22.56421447834,-29.07162053581,
    62.885315330682));
#5459 = CARTESIAN_POINT('',(-22.56421447834,-29.33677564808,
    62.86908173052));
#5460 = CARTESIAN_POINT('',(-20.46695976061,-28.565319832,
    59.962888276664));
#5461 = CARTESIAN_POINT('',(-20.4966345049,-28.76054767123,
    59.945075470177));
#5462 = CARTESIAN_POINT('',(-20.51164937667,-28.96096387802,
    59.929023674878));
#5463 = CARTESIAN_POINT('',(-20.51164937667,-29.15604516169,
    59.91708020703));
#5464 = CARTESIAN_POINT('',(-23.38661081688,-27.93808845944,
    57.952361351983));
#5465 = CARTESIAN_POINT('',(-23.44111830899,-28.29668901895,
    57.919642235704));
#5466 = CARTESIAN_POINT('',(-23.46917815986,-28.66335388532,
    57.890835983932));
#5467 = CARTESIAN_POINT('',(-23.46917815986,-29.03061575208,
    57.868351098581));
#5468 = CARTESIAN_POINT('',(-26.30626187316,-27.31085708687,
    55.941834427302));
#5469 = CARTESIAN_POINT('',(-26.38560211309,-27.83283036667,
    55.894209001231));
#5470 = CARTESIAN_POINT('',(-26.42670694305,-28.36574389261,
    55.852648292986));
#5471 = CARTESIAN_POINT('',(-26.42670694305,-28.90518634248,
    55.819621990131));
#5472 = CARTESIAN_POINT('',(-28.34227062992,-27.27225006137,
    58.910534115716));
#5473 = CARTESIAN_POINT('',(-28.43324292225,-27.87074971101,
    58.855926338038));
#5474 = CARTESIAN_POINT('',(-28.47927204472,-28.4764005504,
    58.80893994879));
#5475 = CARTESIAN_POINT('',(-28.47927204472,-29.08591682887,
    58.771623513621));
#5476 = CARTESIAN_POINT('',(-25.42261957364,-27.89948143394,
    60.921061040397));
#5477 = CARTESIAN_POINT('',(-25.48875911816,-28.33460836329,
    60.881359572511));
#5478 = CARTESIAN_POINT('',(-25.52174326153,-28.7740105431,
    60.847127639736));
#5479 = CARTESIAN_POINT('',(-25.52174326153,-29.21134623847,
    60.82035262207));
#5480 = ADVANCED_FACE('',(#5481),#5502,.F.);
#5481 = FACE_BOUND('',#5482,.F.);
#5482 = EDGE_LOOP('',(#5483,#5484,#5493,#5500,#5501));
#5483 = ORIENTED_EDGE('',*,*,#5442,.F.);
#5484 = ORIENTED_EDGE('',*,*,#5485,.T.);
#5485 = EDGE_CURVE('',#5434,#5486,#5488,.T.);
#5486 = VERTEX_POINT('',#5487);
#5487 = CARTESIAN_POINT('',(-24.07130525571,-26.55065427872,
    57.55893820694));
#5488 = B_SPLINE_CURVE_WITH_KNOTS('',3,(#5489,#5490,#5491,#5492),
  .UNSPECIFIED.,.F.,.F.,(4,4),(3.469446951954E-18,1.255140526456E-03),
  .PIECEWISE_BEZIER_KNOTS.);
#5489 = CARTESIAN_POINT('',(-24.37869791353,-27.7591545732,
    57.643990794574));
#5490 = CARTESIAN_POINT('',(-24.30762267117,-27.34771961665,
    57.681653997826));
#5491 = CARTESIAN_POINT('',(-24.20276379364,-26.93811842524,
    57.650071050176));
#5492 = CARTESIAN_POINT('',(-24.07130525571,-26.55065427872,
    57.55893820694));
#5493 = ORIENTED_EDGE('',*,*,#5494,.T.);
#5494 = EDGE_CURVE('',#5486,#3194,#5495,.T.);
#5495 = CIRCLE('',#5496,1.8);
#5496 = AXIS2_PLACEMENT_3D('',#5497,#5498,#5499);
#5497 = CARTESIAN_POINT('',(-23.9365074289,-26.18315463254,
    59.31585982043));
#5498 = DIRECTION('',(0.358444700467,0.907883391579,-0.217405482917));
#5499 = DIRECTION('',(-0.467452815116,0.376130103852,0.800008756588));
#5500 = ORIENTED_EDGE('',*,*,#3202,.F.);
#5501 = ORIENTED_EDGE('',*,*,#1961,.F.);
#5502 = ( BOUNDED_SURFACE() B_SPLINE_SURFACE(3,3,(
    (#5503,#5504,#5505,#5506)
    ,(#5507,#5508,#5509,#5510)
    ,(#5511,#5512,#5513,#5514)
    ,(#5515,#5516,#5517,#5518)
    ,(#5519,#5520,#5521,#5522)
    ,(#5523,#5524,#5525,#5526)
    ,(#5527,#5528,#5529,#5530
)),.UNSPECIFIED.,.T.,.F.,.F.) B_SPLINE_SURFACE_WITH_KNOTS((1,3,3,3,1),(4
    ,4),(-0.5,0.,0.5,1.,1.5),(0.633851426007,0.653581531124),
.UNSPECIFIED.) GEOMETRIC_REPRESENTATION_ITEM() RATIONAL_B_SPLINE_SURFACE
((
    (1.,1.,1.,1.)
    ,(0.333333333333,0.333333333333,0.333333333333,0.333333333333)
    ,(0.333333333333,0.333333333333,0.333333333333,0.333333333333)
    ,(1.,1.,1.,1.)
    ,(0.333333333333,0.333333333333,0.333333333333,0.333333333333)
    ,(0.333333333333,0.333333333333,0.333333333333,0.333333333333)
,(1.,1.,1.,1.))) REPRESENTATION_ITEM('') SURFACE() );
#5503 = CARTESIAN_POINT('',(-24.7779224961,-25.50612044561,
    60.755875582287));
#5504 = CARTESIAN_POINT('',(-25.07425640521,-26.25668708557,
    60.935609350232));
#5505 = CARTESIAN_POINT('',(-25.29632647346,-27.06860893119,
    60.996870777188));
#5506 = CARTESIAN_POINT('',(-25.42261957364,-27.89948143394,
    60.921061040397));
#5507 = CARTESIAN_POINT('',(-21.86880781978,-26.17259598442,
    62.769047744854));
#5508 = CARTESIAN_POINT('',(-22.15968427753,-26.90933976849,
    62.945471434998));
#5509 = CARTESIAN_POINT('',(-22.37843497321,-27.70741628628,
    63.006341496271));
#5510 = CARTESIAN_POINT('',(-22.50296851737,-28.5267128065,
    62.931587965078));
#5511 = CARTESIAN_POINT('',(-20.18597768536,-27.52666435829,
    59.88901622114));
#5512 = CARTESIAN_POINT('',(-20.3207854846,-27.86811106354,
    59.970780450483));
#5513 = CARTESIAN_POINT('',(-20.41261777988,-28.20780815904,
    59.995508041715));
#5514 = CARTESIAN_POINT('',(-20.46695976061,-28.565319832,
    59.962888276664));
#5515 = CARTESIAN_POINT('',(-23.09509236169,-26.86018881948,
    57.875844058572));
#5516 = CARTESIAN_POINT('',(-23.23535761228,-27.21545838062,
    57.960918365717));
#5517 = CARTESIAN_POINT('',(-23.33050928013,-27.56900080394,
    57.986037322633));
#5518 = CARTESIAN_POINT('',(-23.38661081688,-27.93808845944,
    57.952361351983));
#5519 = CARTESIAN_POINT('',(-26.00420703802,-26.19371328067,
    55.862671896004));
#5520 = CARTESIAN_POINT('',(-26.14992973996,-26.5628056977,
    55.951056280951));
#5521 = CARTESIAN_POINT('',(-26.24840078037,-26.93019344885,
    55.97656660355));
#5522 = CARTESIAN_POINT('',(-26.30626187316,-27.31085708687,
    55.941834427302));
#5523 = CARTESIAN_POINT('',(-27.68703717243,-24.83964490679,
    58.742703419719));
#5524 = CARTESIAN_POINT('',(-27.98882853289,-25.60403440265,
    58.925747265466));
#5525 = CARTESIAN_POINT('',(-28.2142179737,-26.42980157609,
    58.987400058106));
#5526 = CARTESIAN_POINT('',(-28.34227062992,-27.27225006137,
    58.910534115716));
#5527 = CARTESIAN_POINT('',(-24.7779224961,-25.50612044561,
    60.755875582287));
#5528 = CARTESIAN_POINT('',(-25.07425640521,-26.25668708557,
    60.935609350232));
#5529 = CARTESIAN_POINT('',(-25.29632647346,-27.06860893119,
    60.996870777188));
#5530 = CARTESIAN_POINT('',(-25.42261957364,-27.89948143394,
    60.921061040397));
#5531 = ADVANCED_FACE('',(#5532),#5659,.T.);
#5532 = FACE_BOUND('',#5533,.T.);
#5533 = EDGE_LOOP('',(#5534,#5545,#5558,#5566,#5575,#5590,#5605,#5614,
    #5625,#5634,#5641,#5642,#5643,#5652));
#5534 = ORIENTED_EDGE('',*,*,#5535,.T.);
#5535 = EDGE_CURVE('',#5536,#5538,#5540,.T.);
#5536 = VERTEX_POINT('',#5537);
#5537 = CARTESIAN_POINT('',(23.953240535968,-26.00847500219,
    56.328147070826));
#5538 = VERTEX_POINT('',#5539);
#5539 = CARTESIAN_POINT('',(23.661636815884,-25.37147701456,
    55.903966650785));
#5540 = B_SPLINE_CURVE_WITH_KNOTS('',3,(#5541,#5542,#5543,#5544),
  .UNSPECIFIED.,.F.,.F.,(4,4),(0.,8.30655139559E-04),
  .PIECEWISE_BEZIER_KNOTS.);
#5541 = CARTESIAN_POINT('',(23.953240535968,-26.00847500219,
    56.328147070826));
#5542 = CARTESIAN_POINT('',(23.850725401941,-25.75372160435,
    56.269141580401));
#5543 = CARTESIAN_POINT('',(23.743496844557,-25.5302531256,
    56.120815857543));
#5544 = CARTESIAN_POINT('',(23.661636815884,-25.37147701456,
    55.903966650785));
#5545 = ORIENTED_EDGE('',*,*,#5546,.T.);
#5546 = EDGE_CURVE('',#5538,#5547,#5549,.T.);
#5547 = VERTEX_POINT('',#5548);
#5548 = CARTESIAN_POINT('',(20.810684367163,-22.35125572577,
    51.514190584889));
#5549 = B_SPLINE_CURVE_WITH_KNOTS('',3,(#5550,#5551,#5552,#5553,#5554,
    #5555,#5556,#5557),.UNSPECIFIED.,.F.,.F.,(4,2,2,4),(0.,
    3.023019995497E-03,4.534529993245E-03,6.046039990994E-03),
  .UNSPECIFIED.);
#5550 = CARTESIAN_POINT('',(23.661636815884,-25.37147701456,
    55.903966650785));
#5551 = CARTESIAN_POINT('',(23.363684615763,-24.79356747335,
    55.11468402658));
#5552 = CARTESIAN_POINT('',(22.988684305799,-24.24673365562,
    54.350903446595));
#5553 = CARTESIAN_POINT('',(22.288233125911,-23.48333100496,
    53.250052286451));
#5554 = CARTESIAN_POINT('',(22.031552443325,-23.23856795854,
    52.890537490718));
#5555 = CARTESIAN_POINT('',(21.46368911912,-22.77348243531,
    52.187837970163));
#5556 = CARTESIAN_POINT('',(21.150774049789,-22.55220031089,
    51.843058896836));
#5557 = CARTESIAN_POINT('',(20.810684367163,-22.35125572577,
    51.514190584889));
#5558 = ORIENTED_EDGE('',*,*,#5559,.T.);
#5559 = EDGE_CURVE('',#5547,#5560,#5562,.T.);
#5560 = VERTEX_POINT('',#5561);
#5561 = CARTESIAN_POINT('',(20.810684367163,-22.35125572577,
    53.454500455573));
#5562 = LINE('',#5563,#5564);
#5563 = CARTESIAN_POINT('',(20.810684367163,-22.35125572577,
    29.162876734007));
#5564 = VECTOR('',#5565,1.);
#5565 = DIRECTION('',(8.606423291841E-23,5.426512006971E-14,1.));
#5566 = ORIENTED_EDGE('',*,*,#5567,.T.);
#5567 = EDGE_CURVE('',#5560,#5568,#5570,.T.);
#5568 = VERTEX_POINT('',#5569);
#5569 = CARTESIAN_POINT('',(20.967092017661,-22.4462636406,
    53.610753568572));
#5570 = B_SPLINE_CURVE_WITH_KNOTS('',3,(#5571,#5572,#5573,#5574),
  .UNSPECIFIED.,.F.,.F.,(4,4),(0.,2.406343540258E-04),
  .PIECEWISE_BEZIER_KNOTS.);
#5571 = CARTESIAN_POINT('',(20.810684367163,-22.35125572577,
    53.454500455573));
#5572 = CARTESIAN_POINT('',(20.863454634812,-22.38243544124,
    53.506240199693));
#5573 = CARTESIAN_POINT('',(20.915589848324,-22.41411261259,
    53.55833491848));
#5574 = CARTESIAN_POINT('',(20.967092017661,-22.4462636406,
    53.610753568572));
#5575 = ORIENTED_EDGE('',*,*,#5576,.T.);
#5576 = EDGE_CURVE('',#5568,#5577,#5579,.T.);
#5577 = VERTEX_POINT('',#5578);
#5578 = CARTESIAN_POINT('',(21.144528971279,-22.56053192235,
    53.788996709169));
#5579 = B_SPLINE_CURVE_WITH_KNOTS('',3,(#5580,#5581,#5582,#5583,#5584,
    #5585,#5586,#5587,#5588,#5589),.UNSPECIFIED.,.F.,.F.,(4,3,3,4),(
    1.430489624538E-17,1.162130797914E-04,1.962301418238E-04,
    2.762536231208E-04),.UNSPECIFIED.);
#5580 = CARTESIAN_POINT('',(20.967092017661,-22.4462636406,
    53.610753568572));
#5581 = CARTESIAN_POINT('',(20.99196471607,-22.46179080837,
    53.636068876481));
#5582 = CARTESIAN_POINT('',(21.016843671093,-22.47752458333,
    53.661252547598));
#5583 = CARTESIAN_POINT('',(21.041725209382,-22.4934674419,
    53.686299367606));
#5584 = CARTESIAN_POINT('',(21.058857263109,-22.50444481421,
    53.703545225202));
#5585 = CARTESIAN_POINT('',(21.075990925016,-22.5155215594,
    53.720726646876));
#5586 = CARTESIAN_POINT('',(21.093124608739,-22.52669824925,
    53.737842372339));
#5587 = CARTESIAN_POINT('',(21.110259665099,-22.5378758345,
    53.754959469001));
#5588 = CARTESIAN_POINT('',(21.127395087506,-22.54915360618,
    53.772011200204));
#5589 = CARTESIAN_POINT('',(21.144528971279,-22.56053192235,
    53.788996709169));
#5590 = ORIENTED_EDGE('',*,*,#5591,.T.);
#5591 = EDGE_CURVE('',#5577,#5592,#5594,.T.);
#5592 = VERTEX_POINT('',#5593);
#5593 = CARTESIAN_POINT('',(21.80697974814,-23.05515236393,
    54.510813994977));
#5594 = B_SPLINE_CURVE_WITH_KNOTS('',3,(#5595,#5596,#5597,#5598,#5599,
    #5600,#5601,#5602,#5603,#5604),.UNSPECIFIED.,.F.,.F.,(4,3,3,4),(
    4.490622476222E-16,3.468111217619E-04,7.221512813829E-04,
    1.097903680397E-03),.UNSPECIFIED.);
#5595 = CARTESIAN_POINT('',(21.144528971279,-22.56053192235,
    53.788996709169));
#5596 = CARTESIAN_POINT('',(21.218784164051,-22.60984351285,
    53.862608872019));
#5597 = CARTESIAN_POINT('',(21.291609921412,-22.66011351027,
    53.937043832872));
#5598 = CARTESIAN_POINT('',(21.363000055397,-22.71125246618,
    54.012226763709));
#5599 = CARTESIAN_POINT('',(21.440261705265,-22.76659737009,
    54.093593150831));
#5600 = CARTESIAN_POINT('',(21.515863808722,-22.82297563097,
    54.175858617448));
#5601 = CARTESIAN_POINT('',(21.589808937756,-22.88028431682,
    54.258929324089));
#5602 = CARTESIAN_POINT('',(21.663835824623,-22.93765636632,
    54.342091878308));
#5603 = CARTESIAN_POINT('',(21.736222431491,-22.99597654919,
    54.426084026493));
#5604 = CARTESIAN_POINT('',(21.80697974814,-23.05515236393,
    54.510813994977));
#5605 = ORIENTED_EDGE('',*,*,#5606,.T.);
#5606 = EDGE_CURVE('',#5592,#5607,#5609,.T.);
#5607 = VERTEX_POINT('',#5608);
#5608 = CARTESIAN_POINT('',(23.161543259977,-24.53875688787,
    56.577136421338));
#5609 = B_SPLINE_CURVE_WITH_KNOTS('',3,(#5610,#5611,#5612,#5613),
  .UNSPECIFIED.,.F.,.F.,(4,4),(7.822506577693E-16,2.886757777572E-03),
  .PIECEWISE_BEZIER_KNOTS.);
#5610 = CARTESIAN_POINT('',(21.80697974814,-23.05515236393,
    54.510813994977));
#5611 = CARTESIAN_POINT('',(22.350961777304,-23.51009584255,
    55.162217727774));
#5612 = CARTESIAN_POINT('',(22.796593890015,-24.01170249647,
    55.858796570528));
#5613 = CARTESIAN_POINT('',(23.161543259977,-24.53875688787,
    56.577136421338));
#5614 = ORIENTED_EDGE('',*,*,#5615,.T.);
#5615 = EDGE_CURVE('',#5607,#5616,#5618,.T.);
#5616 = VERTEX_POINT('',#5617);
#5617 = CARTESIAN_POINT('',(23.857390710796,-25.78115382822,
    57.367016293667));
#5618 = B_SPLINE_CURVE_WITH_KNOTS('',3,(#5619,#5620,#5621,#5622,#5623,
    #5624),.UNSPECIFIED.,.F.,.F.,(4,2,4),(9.369996782657E-14,
    8.307821433957E-04,1.661564286698E-03),.UNSPECIFIED.);
#5619 = CARTESIAN_POINT('',(23.161543259977,-24.53875688787,
    56.577136421338));
#5620 = CARTESIAN_POINT('',(23.26702371227,-24.69109017068,
    56.784756487586));
#5621 = CARTESIAN_POINT('',(23.387843602753,-24.87828429295,
    56.956700483143));
#5622 = CARTESIAN_POINT('',(23.626764065823,-25.29640018127,
    57.219662221361));
#5623 = CARTESIAN_POINT('',(23.747279711152,-25.53155853699,
    57.313486953971));
#5624 = CARTESIAN_POINT('',(23.857390710796,-25.78115382822,
    57.367016293667));
#5625 = ORIENTED_EDGE('',*,*,#5626,.T.);
#5626 = EDGE_CURVE('',#5616,#5627,#5629,.T.);
#5627 = VERTEX_POINT('',#5628);
#5628 = CARTESIAN_POINT('',(24.310325893332,-27.15222560887,
    57.690645612827));
#5629 = B_SPLINE_CURVE_WITH_KNOTS('',3,(#5630,#5631,#5632,#5633),
  .UNSPECIFIED.,.F.,.F.,(4,4),(6.088854689468E-17,1.481775098992E-03),
  .PIECEWISE_BEZIER_KNOTS.);
#5630 = CARTESIAN_POINT('',(23.857390710796,-25.78115382822,
    57.367016293667));
#5631 = CARTESIAN_POINT('',(24.05337310447,-26.22539902427,
    57.462291135955));
#5632 = CARTESIAN_POINT('',(24.204678383692,-26.68559569401,
    57.570889556533));
#5633 = CARTESIAN_POINT('',(24.310325893332,-27.15222560887,
    57.690645612827));
#5634 = ORIENTED_EDGE('',*,*,#5635,.T.);
#5635 = EDGE_CURVE('',#5627,#3665,#5636,.T.);
#5636 = B_SPLINE_CURVE_WITH_KNOTS('',3,(#5637,#5638,#5639,#5640),
  .UNSPECIFIED.,.F.,.F.,(4,4),(6.607709487364E-04,2.228816723514E-03),
  .PIECEWISE_BEZIER_KNOTS.);
#5637 = CARTESIAN_POINT('',(24.310325893332,-27.15222560887,
    57.690645612827));
#5638 = CARTESIAN_POINT('',(24.4252571504,-27.65986050612,
    57.640589475975));
#5639 = CARTESIAN_POINT('',(24.487179549569,-28.17797476783,
    57.597857332159));
#5640 = CARTESIAN_POINT('',(24.494687159658,-28.70062822248,
    57.566519452074));
#5641 = ORIENTED_EDGE('',*,*,#3664,.T.);
#5642 = ORIENTED_EDGE('',*,*,#3866,.T.);
#5643 = ORIENTED_EDGE('',*,*,#5644,.T.);
#5644 = EDGE_CURVE('',#3858,#5645,#5647,.T.);
#5645 = VERTEX_POINT('',#5646);
#5646 = CARTESIAN_POINT('',(24.338706515399,-27.28298389638,
    56.647841446217));
#5647 = B_SPLINE_CURVE_WITH_KNOTS('',3,(#5648,#5649,#5650,#5651),
  .UNSPECIFIED.,.F.,.F.,(4,4),(0.,1.539295733625E-03),
  .PIECEWISE_BEZIER_KNOTS.);
#5648 = CARTESIAN_POINT('',(24.495460801293,-28.80835020722,
    56.513241791159));
#5649 = CARTESIAN_POINT('',(24.495460801293,-28.29355614588,
    56.547126972016));
#5650 = CARTESIAN_POINT('',(24.443038539502,-27.78524730904,
    56.593455934797));
#5651 = CARTESIAN_POINT('',(24.338706515399,-27.28298389638,
    56.647841446217));
#5652 = ORIENTED_EDGE('',*,*,#5653,.T.);
#5653 = EDGE_CURVE('',#5645,#5536,#5654,.T.);
#5654 = B_SPLINE_CURVE_WITH_KNOTS('',3,(#5655,#5656,#5657,#5658),
  .UNSPECIFIED.,.F.,.F.,(4,4),(0.,1.372121092455E-03),
  .PIECEWISE_BEZIER_KNOTS.);
#5655 = CARTESIAN_POINT('',(24.338706515399,-27.28298389638,
    56.647841446217));
#5656 = CARTESIAN_POINT('',(24.248723701685,-26.84979882703,
    56.531294012196));
#5657 = CARTESIAN_POINT('',(24.120236531358,-26.42346540977,
    56.424266348243));
#5658 = CARTESIAN_POINT('',(23.953240535968,-26.00847500219,
    56.328147070826));
#5659 = CYLINDRICAL_SURFACE('',#5660,7.5);
#5660 = AXIS2_PLACEMENT_3D('',#5661,#5662,#5663);
#5661 = CARTESIAN_POINT('',(16.995460801293,-28.80835020723,
    29.162876734007));
#5662 = DIRECTION('',(-8.606423291841E-23,-5.426512006971E-14,-1.));
#5663 = DIRECTION('',(-1.,4.670285933025E-36,8.606423291841E-23));
#5664 = ADVANCED_FACE('',(#5665),#5686,.F.);
#5665 = FACE_BOUND('',#5666,.F.);
#5666 = EDGE_LOOP('',(#5667,#5668,#5679));
#5667 = ORIENTED_EDGE('',*,*,#3846,.F.);
#5668 = ORIENTED_EDGE('',*,*,#5669,.F.);
#5669 = EDGE_CURVE('',#5670,#3847,#5672,.T.);
#5670 = VERTEX_POINT('',#5671);
#5671 = CARTESIAN_POINT('',(24.541443770171,-37.2844571948,
    55.780827890351));
#5672 = B_SPLINE_CURVE_WITH_KNOTS('',3,(#5673,#5674,#5675,#5676,#5677,
    #5678),.UNSPECIFIED.,.F.,.F.,(4,2,4),(0.,1.902782881386E-03,
    3.805565762772E-03),.UNSPECIFIED.);
#5673 = CARTESIAN_POINT('',(24.541443770171,-37.2844571948,
    55.780827890351));
#5674 = CARTESIAN_POINT('',(24.544334262461,-36.65460588176,
    55.855677936587));
#5675 = CARTESIAN_POINT('',(24.543471624443,-36.02423026022,
    55.926709900332));
#5676 = CARTESIAN_POINT('',(24.519889852446,-34.76226104187,
    56.052963701871));
#5677 = CARTESIAN_POINT('',(24.495460801293,-34.13083905157,
    56.107979667342));
#5678 = CARTESIAN_POINT('',(24.495460801293,-33.49704503991,
    56.139862198824));
#5679 = ORIENTED_EDGE('',*,*,#5680,.T.);
#5680 = EDGE_CURVE('',#5670,#3838,#5681,.T.);
#5681 = CIRCLE('',#5682,1.);
#5682 = AXIS2_PLACEMENT_3D('',#5683,#5684,#5685);
#5683 = CARTESIAN_POINT('',(25.495460801293,-37.32414361786,
    56.07794149178));
#5684 = DIRECTION('',(5.378381741254E-15,0.991196722459,0.132397346602)
  );
#5685 = DIRECTION('',(-2.09981337873E-10,-0.132397346602,0.991196722459)
  );
#5686 = ( BOUNDED_SURFACE() B_SPLINE_SURFACE(3,2,(
    (#5687,#5688,#5689)
    ,(#5690,#5691,#5692)
    ,(#5693,#5694,#5695)
    ,(#5696,#5697,#5698)
    ,(#5699,#5700,#5701)
    ,(#5702,#5703,#5704
)),.UNSPECIFIED.,.F.,.F.,.F.) B_SPLINE_SURFACE_WITH_KNOTS((4,2,4),(3,3),
  (8.082024255163E-03,1.000888826763E-02,1.19357522801E-02),(
0.698657620779,1.),.UNSPECIFIED.) GEOMETRIC_REPRESENTATION_ITEM() 
RATIONAL_B_SPLINE_SURFACE((
    (0.950018147836,0.964230081604,1.)
    ,(0.947661539189,0.962543555488,1.)
    ,(0.944927287985,0.96058676641,1.)
    ,(0.939476443099,0.956685825001,1.)
    ,(0.936743504072,0.954729974993,1.)
,(0.935412790189,0.953777638796,1.
  ))) REPRESENTATION_ITEM('') SURFACE() );
#5687 = CARTESIAN_POINT('',(24.538151559595,-33.52387476725,
    55.851162893643));
#5688 = CARTESIAN_POINT('',(24.495460801293,-33.4996823717,
    55.990458152465));
#5689 = CARTESIAN_POINT('',(24.495460801293,-33.47441112758,
    56.135965218264));
#5690 = CARTESIAN_POINT('',(24.540164023118,-34.1357425241,
    55.950657466239));
#5691 = CARTESIAN_POINT('',(24.495460801292,-34.12193553368,
    56.094914314656));
#5692 = CARTESIAN_POINT('',(24.495460801293,-34.10680924434,
    56.245798279474));
#5693 = CARTESIAN_POINT('',(24.542457341327,-34.7561968776,55.9737525094
    ));
#5694 = CARTESIAN_POINT('',(24.495460801293,-34.75239066368,
    56.121834714198));
#5695 = CARTESIAN_POINT('',(24.495460801293,-34.74762797055,
    56.277228206782));
#5696 = CARTESIAN_POINT('',(24.547048001407,-36.01580827205,
    55.91956556968));
#5697 = CARTESIAN_POINT('',(24.495460801293,-36.02818445258,
    56.073621848357));
#5698 = CARTESIAN_POINT('',(24.495460801293,-36.04046772521,
    56.236066163287));
#5699 = CARTESIAN_POINT('',(24.549390160414,-36.64581640295,
    55.841660485919));
#5700 = CARTESIAN_POINT('',(24.495460801293,-36.66438866897,
    55.998083358806));
#5701 = CARTESIAN_POINT('',(24.495460801293,-36.68366031026,
    56.163492921764));
#5702 = CARTESIAN_POINT('',(24.550454716688,-37.28084270181,
    55.753767879763));
#5703 = CARTESIAN_POINT('',(24.495460801293,-37.30188100573,
    55.911271775637));
#5704 = CARTESIAN_POINT('',(24.495460801293,-37.32414361786,
    56.07794149178));
#5705 = ADVANCED_FACE('',(#5706),#5726,.F.);
#5706 = FACE_BOUND('',#5707,.F.);
#5707 = EDGE_LOOP('',(#5708,#5709,#5710,#5719));
#5708 = ORIENTED_EDGE('',*,*,#3837,.F.);
#5709 = ORIENTED_EDGE('',*,*,#5680,.F.);
#5710 = ORIENTED_EDGE('',*,*,#5711,.F.);
#5711 = EDGE_CURVE('',#5712,#5670,#5714,.T.);
#5712 = VERTEX_POINT('',#5713);
#5713 = CARTESIAN_POINT('',(24.532734980483,-39.23883301397,
    55.534569931535));
#5714 = B_SPLINE_CURVE_WITH_KNOTS('',3,(#5715,#5716,#5717,#5718),
  .UNSPECIFIED.,.F.,.F.,(4,4),(2.081668171172E-17,1.969848640849E-03),
  .PIECEWISE_BEZIER_KNOTS.);
#5715 = CARTESIAN_POINT('',(24.532734980483,-39.23883301397,
    55.534569931535));
#5716 = CARTESIAN_POINT('',(24.535540905252,-38.58797316949,
    55.621411299538));
#5717 = CARTESIAN_POINT('',(24.538449080485,-37.93649587406,
    55.703348778638));
#5718 = CARTESIAN_POINT('',(24.541443770171,-37.2844571948,
    55.780827890351));
#5719 = ORIENTED_EDGE('',*,*,#5720,.T.);
#5720 = EDGE_CURVE('',#5712,#3827,#5721,.T.);
#5721 = CIRCLE('',#5722,1.);
#5722 = AXIS2_PLACEMENT_3D('',#5723,#5724,#5725);
#5723 = CARTESIAN_POINT('',(25.495460801292,-39.27867853492,
    55.802098113989));
#5724 = DIRECTION('',(2.937489679563E-12,0.989089694116,0.147314551196)
  );
#5725 = DIRECTION('',(-2.336394966384E-10,-0.147314551196,0.989089694116
    ));
#5726 = ( BOUNDED_SURFACE() B_SPLINE_SURFACE(3,2,(
    (#5727,#5728,#5729)
    ,(#5730,#5731,#5732)
    ,(#5733,#5734,#5735)
    ,(#5736,#5737,#5738
)),.UNSPECIFIED.,.F.,.F.,.F.) B_SPLINE_SURFACE_WITH_KNOTS((4,4),(3,3),(
    -3.152859917588E-15,1.973903825181E-03),(0.,0.2775149819),
.PIECEWISE_BEZIER_KNOTS.) GEOMETRIC_REPRESENTATION_ITEM() 
RATIONAL_B_SPLINE_SURFACE((
    (1.,0.959647289504,0.941691542454)
    ,(1.,0.958904391588,0.940618077225)
    ,(1.,0.958165958451,0.939551063469)
,(1.,0.957432480071,0.938491209188
  ))) REPRESENTATION_ITEM('') SURFACE() );
#5727 = CARTESIAN_POINT('',(24.495460801293,-39.27867853492,
    55.802098113989));
#5728 = CARTESIAN_POINT('',(24.495460801293,-39.25655584923,
    55.653563429228));
#5729 = CARTESIAN_POINT('',(24.539569984109,-39.23540897712,
    55.511580488031));
#5730 = CARTESIAN_POINT('',(24.495460801293,-38.62787023961,
    55.899029193262));
#5731 = CARTESIAN_POINT('',(24.495460801293,-38.60582002855,
    55.749077065465));
#5732 = CARTESIAN_POINT('',(24.540369563814,-38.5850039819,
    55.60582064108));
#5733 = CARTESIAN_POINT('',(24.495460801293,-37.97633717149,
    55.99082589274));
#5734 = CARTESIAN_POINT('',(24.495460801293,-37.95485824031,
    55.839409397876));
#5735 = CARTESIAN_POINT('',(24.541162622982,-37.93460175915,
    55.694878730538));
#5736 = CARTESIAN_POINT('',(24.495460801293,-37.32414361786,
    56.07794149178));
#5737 = CARTESIAN_POINT('',(24.495460801293,-37.30371959346,
    55.925036418039));
#5738 = CARTESIAN_POINT('',(24.541948728039,-37.28424503961,
    55.779239584166));
#5739 = ADVANCED_FACE('',(#5740),#5753,.F.);
#5740 = FACE_BOUND('',#5741,.F.);
#5741 = EDGE_LOOP('',(#5742,#5743,#5752));
#5742 = ORIENTED_EDGE('',*,*,#5720,.F.);
#5743 = ORIENTED_EDGE('',*,*,#5744,.F.);
#5744 = EDGE_CURVE('',#3816,#5712,#5745,.T.);
#5745 = B_SPLINE_CURVE_WITH_KNOTS('',3,(#5746,#5747,#5748,#5749,#5750,
    #5751),.UNSPECIFIED.,.F.,.F.,(4,2,4),(2.081668171172E-17,
    1.435268476942E-03,2.870536953885E-03),.UNSPECIFIED.);
#5746 = CARTESIAN_POINT('',(24.495460801293,-42.07409279777,
    55.093647830577));
#5747 = CARTESIAN_POINT('',(24.495460801293,-41.60471366671,
    55.186455414075));
#5748 = CARTESIAN_POINT('',(24.508981458187,-41.13249157184,
    55.263028261592));
#5749 = CARTESIAN_POINT('',(24.526380043967,-40.18674853693,
    55.405546656472));
#5750 = CARTESIAN_POINT('',(24.530692583423,-39.71299213915,
    55.471298657401));
#5751 = CARTESIAN_POINT('',(24.532734980483,-39.23883301397,
    55.534569931535));
#5752 = ORIENTED_EDGE('',*,*,#3826,.F.);
#5753 = ( BOUNDED_SURFACE() B_SPLINE_SURFACE(3,2,(
    (#5754,#5755,#5756)
    ,(#5757,#5758,#5759)
    ,(#5760,#5761,#5762)
    ,(#5763,#5764,#5765)
    ,(#5766,#5767,#5768)
    ,(#5769,#5770,#5771
)),.UNSPECIFIED.,.F.,.F.,.F.) B_SPLINE_SURFACE_WITH_KNOTS((4,2,4),(3,3),
  (-5.20417042793E-18,1.449479967355E-03,2.89895993471E-03),(
0.743591157299,1.),.UNSPECIFIED.) GEOMETRIC_REPRESENTATION_ITEM() 
RATIONAL_B_SPLINE_SURFACE((
    (0.944552306079,0.962716276695,1.)
    ,(0.946910954586,0.964302261469,1.)
    ,(0.949692930065,0.966172896597,1.)
    ,(0.954506707528,0.969409740806,1.)
    ,(0.95659204731,0.970811949373,1.)
,(0.958295110147,0.971957110138,1.
  ))) REPRESENTATION_ITEM('') SURFACE() );
#5754 = CARTESIAN_POINT('',(24.533001711523,-39.23869341966,
    55.533632676594));
#5755 = CARTESIAN_POINT('',(24.495460801293,-39.25830352916,
    55.665297587143));
#5756 = CARTESIAN_POINT('',(24.495460801293,-39.27867853492,
    55.802098113989));
#5757 = CARTESIAN_POINT('',(24.531471087068,-39.71787408404,
    55.467723549563));
#5758 = CARTESIAN_POINT('',(24.495460801292,-39.73896484238,
    55.596593885899));
#5759 = CARTESIAN_POINT('',(24.495460801293,-39.76122538141,
    55.730227822196));
#5760 = CARTESIAN_POINT('',(24.529588639217,-40.19096245356,
    55.395561879695));
#5761 = CARTESIAN_POINT('',(24.495460801293,-40.21547570429,
    55.520595174725));
#5762 = CARTESIAN_POINT('',(24.495460801293,-40.24124152262,
    55.649942544846));
#5763 = CARTESIAN_POINT('',(24.526375369354,-41.1125258716,
    55.187700276826));
#5764 = CARTESIAN_POINT('',(24.495460801293,-41.14667027219,
    55.304430615201));
#5765 = CARTESIAN_POINT('',(24.495460801293,-41.18229237914,
    55.424780568968));
#5766 = CARTESIAN_POINT('',(24.524983071568,-41.56163613666,
    55.052634680668));
#5767 = CARTESIAN_POINT('',(24.495460801293,-41.60175080005,
    55.164740702998));
#5768 = CARTESIAN_POINT('',(24.495460801293,-41.64335603368,
    55.280136109483));
#5769 = CARTESIAN_POINT('',(24.523833034554,-41.99612414442,
    54.869697860591));
#5770 = CARTESIAN_POINT('',(24.495460801293,-42.04242839866,
    54.976661363409));
#5771 = CARTESIAN_POINT('',(24.495460801293,-42.0900847706,
    55.086748277841));
#5772 = ADVANCED_FACE('',(#5773),#5897,.T.);
#5773 = FACE_BOUND('',#5774,.T.);
#5774 = EDGE_LOOP('',(#5775,#5785,#5800,#5809,#5818,#5827,#5834,#5835,
    #5836,#5837,#5838,#5853,#5864,#5875,#5890));
#5775 = ORIENTED_EDGE('',*,*,#5776,.T.);
#5776 = EDGE_CURVE('',#5777,#5779,#5781,.T.);
#5777 = VERTEX_POINT('',#5778);
#5778 = CARTESIAN_POINT('',(-20.03262552777,-21.94543467065,
    52.759532865337));
#5779 = VERTEX_POINT('',#5780);
#5780 = CARTESIAN_POINT('',(-20.03262552777,-21.94543467065,
    50.817612857685));
#5781 = LINE('',#5782,#5783);
#5782 = CARTESIAN_POINT('',(-20.03262552777,-21.94543467065,
    29.162876734007));
#5783 = VECTOR('',#5784,1.);
#5784 = DIRECTION('',(-8.606423291841E-23,-5.426512006971E-14,-1.));
#5785 = ORIENTED_EDGE('',*,*,#5786,.T.);
#5786 = EDGE_CURVE('',#5779,#5787,#5789,.T.);
#5787 = VERTEX_POINT('',#5788);
#5788 = CARTESIAN_POINT('',(-23.57798274797,-25.40105067449,
    55.928251539202));
#5789 = B_SPLINE_CURVE_WITH_KNOTS('',3,(#5790,#5791,#5792,#5793,#5794,
    #5795,#5796,#5797,#5798,#5799),.UNSPECIFIED.,.F.,.F.,(4,2,2,2,4),(
    2.221529986854E-17,1.78677381179E-03,3.573547623579E-03,
    5.360321435369E-03,7.147095247159E-03),.UNSPECIFIED.);
#5790 = CARTESIAN_POINT('',(-20.03262552777,-21.94543467065,
    50.817612857685));
#5791 = CARTESIAN_POINT('',(-20.46332599313,-22.15774721995,
    51.184494634904));
#5792 = CARTESIAN_POINT('',(-20.8521867698,-22.3969573448,51.57012138324
    ));
#5793 = CARTESIAN_POINT('',(-21.56324266978,-22.91524638756,
    52.373177119495));
#5794 = CARTESIAN_POINT('',(-21.88521397137,-23.19446700297,
    52.790707802318));
#5795 = CARTESIAN_POINT('',(-22.47076385355,-23.78536850344,
    53.655218013367));
#5796 = CARTESIAN_POINT('',(-22.73308260668,-24.09626128259,
    54.100986443893));
#5797 = CARTESIAN_POINT('',(-23.19732606238,-24.73455466896,
    55.003760825714));
#5798 = CARTESIAN_POINT('',(-23.40057663646,-25.06328018258,
    55.462764103937));
#5799 = CARTESIAN_POINT('',(-23.57798274797,-25.40105067449,
    55.928251539202));
#5800 = ORIENTED_EDGE('',*,*,#5801,.T.);
#5801 = EDGE_CURVE('',#5787,#5802,#5804,.T.);
#5802 = VERTEX_POINT('',#5803);
#5803 = CARTESIAN_POINT('',(-23.8765560306,-26.03562333715,
    56.352496436603));
#5804 = B_SPLINE_CURVE_WITH_KNOTS('',3,(#5805,#5806,#5807,#5808),
  .UNSPECIFIED.,.F.,.F.,(4,4),(0.,8.315454803979E-04),
  .PIECEWISE_BEZIER_KNOTS.);
#5805 = CARTESIAN_POINT('',(-23.57798274797,-25.40105067449,
    55.928251539202));
#5806 = CARTESIAN_POINT('',(-23.66090118745,-25.55892236139,
    56.145817278052));
#5807 = CARTESIAN_POINT('',(-23.77043750952,-25.78175619885,
    56.294358179727));
#5808 = CARTESIAN_POINT('',(-23.8765560306,-26.03562333715,
    56.352496436603));
#5809 = ORIENTED_EDGE('',*,*,#5810,.T.);
#5810 = EDGE_CURVE('',#5802,#5811,#5813,.T.);
#5811 = VERTEX_POINT('',#5812);
#5812 = CARTESIAN_POINT('',(-24.28210365648,-27.28571762592,
    56.661314153905));
#5813 = B_SPLINE_CURVE_WITH_KNOTS('',3,(#5814,#5815,#5816,#5817),
  .UNSPECIFIED.,.F.,.F.,(4,4),(0.,1.35232709151E-03),
  .PIECEWISE_BEZIER_KNOTS.);
#5814 = CARTESIAN_POINT('',(-23.8765560306,-26.03562333715,
    56.352496436603));
#5815 = CARTESIAN_POINT('',(-24.046703643,-26.44266715013,
    56.445713770353));
#5816 = CARTESIAN_POINT('',(-24.18192042908,-26.86066090984,
    56.549047439232));
#5817 = CARTESIAN_POINT('',(-24.28210365648,-27.28571762592,
    56.661314153905));
#5818 = ORIENTED_EDGE('',*,*,#5819,.T.);
#5819 = EDGE_CURVE('',#5811,#5820,#5822,.T.);
#5820 = VERTEX_POINT('',#5821);
#5821 = CARTESIAN_POINT('',(-24.49391064774,-28.96350526838,
    56.502854599047));
#5822 = B_SPLINE_CURVE_WITH_KNOTS('',3,(#5823,#5824,#5825,#5826),
  .UNSPECIFIED.,.F.,.F.,(4,4),(0.,1.702232914745E-03),
  .PIECEWISE_BEZIER_KNOTS.);
#5823 = CARTESIAN_POINT('',(-24.28210365648,-27.28571762592,
    56.661314153905));
#5824 = CARTESIAN_POINT('',(-24.41151732629,-27.83479306434,
    56.598774701448));
#5825 = CARTESIAN_POINT('',(-24.48276697917,-28.3975001008,
    56.543684273217));
#5826 = CARTESIAN_POINT('',(-24.49391064774,-28.96350526838,
    56.502854599047));
#5827 = ORIENTED_EDGE('',*,*,#5828,.T.);
#5828 = EDGE_CURVE('',#5820,#4377,#5829,.T.);
#5829 = B_SPLINE_CURVE_WITH_KNOTS('',3,(#5830,#5831,#5832,#5833),
  .UNSPECIFIED.,.F.,.F.,(4,4),(0.,1.578662159414E-04),
  .PIECEWISE_BEZIER_KNOTS.);
#5830 = CARTESIAN_POINT('',(-24.49391064774,-28.96350526838,
    56.502854599047));
#5831 = CARTESIAN_POINT('',(-24.49494380154,-29.01598084115,
    56.49906919096));
#5832 = CARTESIAN_POINT('',(-24.4954607107,-29.06847801887,
    56.495405007652));
#5833 = CARTESIAN_POINT('',(-24.4954607107,-29.12098099528,
    56.491866656668));
#5834 = ORIENTED_EDGE('',*,*,#4376,.T.);
#5835 = ORIENTED_EDGE('',*,*,#4191,.T.);
#5836 = ORIENTED_EDGE('',*,*,#5433,.T.);
#5837 = ORIENTED_EDGE('',*,*,#5485,.T.);
#5838 = ORIENTED_EDGE('',*,*,#5839,.T.);
#5839 = EDGE_CURVE('',#5486,#5840,#5842,.T.);
#5840 = VERTEX_POINT('',#5841);
#5841 = CARTESIAN_POINT('',(-23.77589749025,-25.80507383449,
    57.391840960633));
#5842 = B_SPLINE_CURVE_WITH_KNOTS('',3,(#5843,#5844,#5845,#5846,#5847,
    #5848,#5849,#5850,#5851,#5852),.UNSPECIFIED.,.F.,.F.,(4,3,3,4),(
    3.829310817425E-15,2.892386602751E-04,5.542221628596E-04,
    8.194964633986E-04),.UNSPECIFIED.);
#5843 = CARTESIAN_POINT('',(-24.07130525571,-26.55065427872,
    57.55893820694));
#5844 = CARTESIAN_POINT('',(-24.04106959543,-26.46153694569,
    57.537977516735));
#5845 = CARTESIAN_POINT('',(-24.00922400792,-26.37284445322,
    57.517461271335));
#5846 = CARTESIAN_POINT('',(-23.9757893446,-26.28466586315,
    57.497408733491));
#5847 = CARTESIAN_POINT('',(-23.94515770523,-26.20387980149,
    57.479037317514));
#5848 = CARTESIAN_POINT('',(-23.91318365337,-26.12350218868,
    57.461049905315));
#5849 = CARTESIAN_POINT('',(-23.87988592638,-26.04360155263,
    57.44346173461));
#5850 = CARTESIAN_POINT('',(-23.8465517005,-25.9636133345,
    57.425854284852));
#5851 = CARTESIAN_POINT('',(-23.81188174138,-25.88408119287,
    57.408642119348));
#5852 = CARTESIAN_POINT('',(-23.77589749025,-25.80507383449,
    57.391840960633));
#5853 = ORIENTED_EDGE('',*,*,#5854,.T.);
#5854 = EDGE_CURVE('',#5840,#5855,#5857,.T.);
#5855 = VERTEX_POINT('',#5856);
#5856 = CARTESIAN_POINT('',(-23.07649295823,-24.57235322892,
    56.602676438338));
#5857 = B_SPLINE_CURVE_WITH_KNOTS('',3,(#5858,#5859,#5860,#5861,#5862,
    #5863),.UNSPECIFIED.,.F.,.F.,(4,2,4),(7.677672102817E-15,
    8.280757454227E-04,1.656151490838E-03),.UNSPECIFIED.);
#5858 = CARTESIAN_POINT('',(-23.77589749025,-25.80507383449,
    57.391840960633));
#5859 = CARTESIAN_POINT('',(-23.66315196047,-25.55752869468,
    57.339199722296));
#5860 = CARTESIAN_POINT('',(-23.54132737794,-25.32432254784,
    57.246455018405));
#5861 = CARTESIAN_POINT('',(-23.29832966699,-24.90436784933,
    56.979949001271));
#5862 = CARTESIAN_POINT('',(-23.18067465805,-24.72308508945,
    56.810928432693));
#5863 = CARTESIAN_POINT('',(-23.07649295823,-24.57235322892,
    56.602676438338));
#5864 = ORIENTED_EDGE('',*,*,#5865,.T.);
#5865 = EDGE_CURVE('',#5855,#5866,#5868,.T.);
#5866 = VERTEX_POINT('',#5867);
#5867 = CARTESIAN_POINT('',(-21.03707314202,-22.53510546323,
    53.700613252636));
#5868 = B_SPLINE_CURVE_WITH_KNOTS('',3,(#5869,#5870,#5871,#5872,#5873,
    #5874),.UNSPECIFIED.,.F.,.F.,(4,2,4),(2.709724693207E-17,
    2.050868193043E-03,4.101736386086E-03),.UNSPECIFIED.);
#5869 = CARTESIAN_POINT('',(-23.07649295823,-24.57235322892,
    56.602676438338));
#5870 = CARTESIAN_POINT('',(-22.81933614243,-24.20029436097,
    56.088637793859));
#5871 = CARTESIAN_POINT('',(-22.52512717656,-23.84134098534,
    55.585358782914));
#5872 = CARTESIAN_POINT('',(-21.84892156017,-23.15675990135,
    54.611793420636));
#5873 = CARTESIAN_POINT('',(-21.46744755373,-22.83189117818,
    54.143131394257));
#5874 = CARTESIAN_POINT('',(-21.03707314202,-22.53510546323,
    53.700613252636));
#5875 = ORIENTED_EDGE('',*,*,#5876,.T.);
#5876 = EDGE_CURVE('',#5866,#5877,#5879,.T.);
#5877 = VERTEX_POINT('',#5878);
#5878 = CARTESIAN_POINT('',(-20.95087630233,-22.4764891482,
    53.611470636806));
#5879 = B_SPLINE_CURVE_WITH_KNOTS('',3,(#5880,#5881,#5882,#5883,#5884,
    #5885,#5886,#5887,#5888,#5889),.UNSPECIFIED.,.F.,.F.,(4,3,3,4),(
    7.723085547738E-16,5.645515351729E-05,9.68063852167E-05,
    1.371583114781E-04),.UNSPECIFIED.);
#5880 = CARTESIAN_POINT('',(-21.03707314202,-22.53510546323,
    53.700613252636));
#5881 = CARTESIAN_POINT('',(-21.02524861071,-22.52695127961,
    53.688455072505));
#5882 = CARTESIAN_POINT('',(-21.0134229145,-22.51884328232,
    53.676266925687));
#5883 = CARTESIAN_POINT('',(-21.00159662106,-22.5107813646,
    53.664049075564));
#5884 = CARTESIAN_POINT('',(-20.99314377882,-22.50501910959,
    53.655316368219));
#5885 = CARTESIAN_POINT('',(-20.98469058619,-22.49928036411,
    53.646568442788));
#5886 = CARTESIAN_POINT('',(-20.97623723086,-22.4935650753,
    53.637805420496));
#5887 = CARTESIAN_POINT('',(-20.96778372992,-22.48784968804,
    53.629042247259));
#5888 = CARTESIAN_POINT('',(-20.95933002992,-22.48215773364,
    53.620263939022));
#5889 = CARTESIAN_POINT('',(-20.95087630233,-22.4764891482,
    53.611470636806));
#5890 = ORIENTED_EDGE('',*,*,#5891,.T.);
#5891 = EDGE_CURVE('',#5877,#5777,#5892,.T.);
#5892 = B_SPLINE_CURVE_WITH_KNOTS('',3,(#5893,#5894,#5895,#5896),
  .UNSPECIFIED.,.F.,.F.,(4,4),(1.928020088014E-15,1.360515089801E-03),
  .PIECEWISE_BEZIER_KNOTS.);
#5893 = CARTESIAN_POINT('',(-20.95087630233,-22.4764891482,
    53.611470636806));
#5894 = CARTESIAN_POINT('',(-20.66529464419,-22.28499444828,
    53.314417555715));
#5895 = CARTESIAN_POINT('',(-20.36042333984,-22.10702165449,
    53.029726719994));
#5896 = CARTESIAN_POINT('',(-20.03262552777,-21.94543467065,
    52.759532865337));
#5897 = CYLINDRICAL_SURFACE('',#5898,8.);
#5898 = AXIS2_PLACEMENT_3D('',#5899,#5900,#5901);
#5899 = CARTESIAN_POINT('',(-16.4954607107,-29.12098099528,
    29.162876734007));
#5900 = DIRECTION('',(8.606423291841E-23,5.426512006971E-14,1.));
#5901 = DIRECTION('',(1.,-4.670285933025E-36,-8.606423291841E-23));
#5902 = ADVANCED_FACE('',(#5903),#5924,.F.);
#5903 = FACE_BOUND('',#5904,.F.);
#5904 = EDGE_LOOP('',(#5905,#5914,#5923));
#5905 = ORIENTED_EDGE('',*,*,#5906,.T.);
#5906 = EDGE_CURVE('',#4394,#5907,#5909,.T.);
#5907 = VERTEX_POINT('',#5908);
#5908 = CARTESIAN_POINT('',(-24.54144368221,-37.28445696142,
    55.780827957034));
#5909 = CIRCLE('',#5910,1.);
#5910 = AXIS2_PLACEMENT_3D('',#5911,#5912,#5913);
#5911 = CARTESIAN_POINT('',(-25.4954607107,-37.32414338457,
    56.077941566908));
#5912 = DIRECTION('',(3.379551289491E-16,0.991196722914,0.132397343191)
  );
#5913 = DIRECTION('',(-2.099813378732E-10,-0.132397343191,0.991196722914
    ));
#5914 = ORIENTED_EDGE('',*,*,#5915,.F.);
#5915 = EDGE_CURVE('',#4385,#5907,#5916,.T.);
#5916 = B_SPLINE_CURVE_WITH_KNOTS('',3,(#5917,#5918,#5919,#5920,#5921,
    #5922),.UNSPECIFIED.,.F.,.F.,(4,2,4),(6.749657238296E-16,
    1.902688352186E-03,3.805376704371E-03),.UNSPECIFIED.);
#5917 = CARTESIAN_POINT('',(-24.4954607107,-33.49704494095,
    56.139862240287));
#5918 = CARTESIAN_POINT('',(-24.4954607107,-34.13074060109,
    56.107984658122));
#5919 = CARTESIAN_POINT('',(-24.51989434925,-34.76242960101,
    56.05294839712));
#5920 = CARTESIAN_POINT('',(-24.54347302082,-36.02438640229,
    55.926692792859));
#5921 = CARTESIAN_POINT('',(-24.54433414777,-36.65461148519,
    55.855677307524));
#5922 = CARTESIAN_POINT('',(-24.54144368221,-37.28445696142,
    55.780827957034));
#5923 = ORIENTED_EDGE('',*,*,#4393,.F.);
#5924 = ( BOUNDED_SURFACE() B_SPLINE_SURFACE(3,2,(
    (#5925,#5926,#5927)
    ,(#5928,#5929,#5930)
    ,(#5931,#5932,#5933)
    ,(#5934,#5935,#5936)
    ,(#5937,#5938,#5939)
    ,(#5940,#5941,#5942
)),.UNSPECIFIED.,.F.,.F.,.F.) B_SPLINE_SURFACE_WITH_KNOTS((4,2,4),(3,3),
  (2.532533431113E-02,2.725225853433E-02,2.917918275753E-02),(
0.664539409072,1.),.UNSPECIFIED.) GEOMETRIC_REPRESENTATION_ITEM() 
RATIONAL_B_SPLINE_SURFACE((
    (0.931611328863,0.948544307378,1.)
    ,(0.93302916061,0.949611085155,1.)
    ,(0.935924644451,0.951789649587,1.)
    ,(0.941655342952,0.95610143187,1.)
    ,(0.944553183248,0.958281769302,1.)
,(0.947077304767,0.960180920416,1.
  ))) REPRESENTATION_ITEM('') SURFACE() );
#5925 = CARTESIAN_POINT('',(-24.56389059087,-37.27600878101,
    55.71758039836));
#5926 = CARTESIAN_POINT('',(-24.4954607107,-37.29922344868,
    55.891377711498));
#5927 = CARTESIAN_POINT('',(-24.4954607107,-37.32414338457,
    56.077941566908));
#5928 = CARTESIAN_POINT('',(-24.56255415395,-36.63889086318,
    55.806101788505));
#5929 = CARTESIAN_POINT('',(-24.4954607107,-36.65942090355,
    55.97872519976));
#5930 = CARTESIAN_POINT('',(-24.4954607107,-36.68096884859,
    56.163852470696));
#5931 = CARTESIAN_POINT('',(-24.5596234729,-36.01069857279,
    55.884190673445));
#5932 = CARTESIAN_POINT('',(-24.4954607107,-36.02443431693,
    56.054270489552));
#5933 = CARTESIAN_POINT('',(-24.4954607107,-36.03815960772,
    56.236021740251));
#5934 = CARTESIAN_POINT('',(-24.55393230129,-34.76361528116,
    55.939628281272));
#5935 = CARTESIAN_POINT('',(-24.4954607107,-34.75961690517,
    56.103291585082));
#5936 = CARTESIAN_POINT('',(-24.4954607107,-34.75441627115,
    56.277129675699));
#5937 = CARTESIAN_POINT('',(-24.55106696254,-34.14536629129,
    55.918671723424));
#5938 = CARTESIAN_POINT('',(-24.4954607107,-34.13031220321,
    56.07821013707));
#5939 = CARTESIAN_POINT('',(-24.4954607107,-34.11350664237,
    56.246982443305));
#5940 = CARTESIAN_POINT('',(-24.54852903935,-33.5291774971,
    55.819230191126));
#5941 = CARTESIAN_POINT('',(-24.4954607107,-33.50242096199,
    55.973260244803));
#5942 = CARTESIAN_POINT('',(-24.4954607107,-33.4741649263,
    56.135922513199));
#5943 = ADVANCED_FACE('',(#5944),#5964,.F.);
#5944 = FACE_BOUND('',#5945,.F.);
#5945 = EDGE_LOOP('',(#5946,#5947,#5956,#5963));
#5946 = ORIENTED_EDGE('',*,*,#4404,.F.);
#5947 = ORIENTED_EDGE('',*,*,#5948,.T.);
#5948 = EDGE_CURVE('',#4405,#5949,#5951,.T.);
#5949 = VERTEX_POINT('',#5950);
#5950 = CARTESIAN_POINT('',(-24.53273489043,-39.23883321929,
    55.534569946548));
#5951 = CIRCLE('',#5952,1.);
#5952 = AXIS2_PLACEMENT_3D('',#5953,#5954,#5955);
#5953 = CARTESIAN_POINT('',(-25.4954607107,-39.27867874047,
    55.802098130911));
#5954 = DIRECTION('',(3.372367232075E-16,0.989089694145,0.147314550999)
  );
#5955 = DIRECTION('',(-2.336394966385E-10,-0.147314550999,0.989089694145
    ));
#5956 = ORIENTED_EDGE('',*,*,#5957,.F.);
#5957 = EDGE_CURVE('',#5907,#5949,#5958,.T.);
#5958 = B_SPLINE_CURVE_WITH_KNOTS('',3,(#5959,#5960,#5961,#5962),
  .UNSPECIFIED.,.F.,.F.,(4,4),(0.,1.969849082573E-03),
  .PIECEWISE_BEZIER_KNOTS.);
#5959 = CARTESIAN_POINT('',(-24.54144368221,-37.28445696142,
    55.780827957034));
#5960 = CARTESIAN_POINT('',(-24.53844899178,-37.93649578716,
    55.703348830106));
#5961 = CARTESIAN_POINT('',(-24.53554081585,-38.58797322883,
    55.621411333881));
#5962 = CARTESIAN_POINT('',(-24.53273489043,-39.23883321929,
    55.534569946548));
#5963 = ORIENTED_EDGE('',*,*,#5906,.F.);
#5964 = ( BOUNDED_SURFACE() B_SPLINE_SURFACE(3,2,(
    (#5965,#5966,#5967)
    ,(#5968,#5969,#5970)
    ,(#5971,#5972,#5973)
    ,(#5974,#5975,#5976
)),.UNSPECIFIED.,.F.,.F.,.F.) B_SPLINE_SURFACE_WITH_KNOTS((4,4),(3,3),(
    0.,1.967430602003E-03),(0.722485012365,1.),
.PIECEWISE_BEZIER_KNOTS.) GEOMETRIC_REPRESENTATION_ITEM() 
RATIONAL_B_SPLINE_SURFACE((
    (0.941691541503,0.959647288526,1.)
    ,(0.940617409088,0.958903928874,1.)
    ,(0.939550424281,0.958165515766,1.)
,(0.93849120747,0.957432478545,1.
  ))) REPRESENTATION_ITEM('') SURFACE() );
#5965 = CARTESIAN_POINT('',(-24.53956989553,-39.23540918177,
    55.511580498464));
#5966 = CARTESIAN_POINT('',(-24.4954607107,-39.25655605429,
    55.653563442679));
#5967 = CARTESIAN_POINT('',(-24.4954607107,-39.27867874047,
    55.802098130911));
#5968 = CARTESIAN_POINT('',(-24.54036997275,-38.58459951957,
    55.605879285341));
#5969 = CARTESIAN_POINT('',(-24.4954607107,-38.6054155095,
    55.749136483274));
#5970 = CARTESIAN_POINT('',(-24.4954607107,-38.62746598986,
    55.899089449394));
#5971 = CARTESIAN_POINT('',(-24.54116300728,-37.93421080316,
    55.694929482333));
#5972 = CARTESIAN_POINT('',(-24.4954607107,-37.95446667294,
    55.839460932926));
#5973 = CARTESIAN_POINT('',(-24.4954607107,-37.97594467036,
    55.990878366992));
#5974 = CARTESIAN_POINT('',(-24.5419486401,-37.28424480624,
    55.779239650833));
#5975 = CARTESIAN_POINT('',(-24.4954607107,-37.3037193601,
    55.925036488628));
#5976 = CARTESIAN_POINT('',(-24.4954607107,-37.32414338457,
    56.077941566908));
#5977 = ADVANCED_FACE('',(#5978),#5991,.F.);
#5978 = FACE_BOUND('',#5979,.F.);
#5979 = EDGE_LOOP('',(#5980,#5981,#5990));
#5980 = ORIENTED_EDGE('',*,*,#4413,.F.);
#5981 = ORIENTED_EDGE('',*,*,#5982,.F.);
#5982 = EDGE_CURVE('',#5949,#4414,#5983,.T.);
#5983 = B_SPLINE_CURVE_WITH_KNOTS('',3,(#5984,#5985,#5986,#5987,#5988,
    #5989),.UNSPECIFIED.,.F.,.F.,(4,2,4),(0.,1.435119616307E-03,
    2.870239232613E-03),.UNSPECIFIED.);
#5984 = CARTESIAN_POINT('',(-24.53273489043,-39.23883321929,
    55.534569946548));
#5985 = CARTESIAN_POINT('',(-24.53069244844,-39.71300276997,
    55.471297281351));
#5986 = CARTESIAN_POINT('',(-24.5263784474,-40.18685746495,
    55.405531284161));
#5987 = CARTESIAN_POINT('',(-24.50897864751,-41.1326126127,
    55.263009069803));
#5988 = CARTESIAN_POINT('',(-24.4954607107,-41.6045670107,55.18648446192
    ));
#5989 = CARTESIAN_POINT('',(-24.4954607107,-42.07409287603,
    55.093647865816));
#5990 = ORIENTED_EDGE('',*,*,#5948,.F.);
#5991 = ( BOUNDED_SURFACE() B_SPLINE_SURFACE(3,2,(
    (#5992,#5993,#5994)
    ,(#5995,#5996,#5997)
    ,(#5998,#5999,#6000)
    ,(#6001,#6002,#6003)
    ,(#6004,#6005,#6006)
    ,(#6007,#6008,#6009
)),.UNSPECIFIED.,.F.,.F.,.F.) B_SPLINE_SURFACE_WITH_KNOTS((4,2,4),(3,3),
  (6.503109256026E-03,7.950172492043E-03,9.39723572806E-03),(
0.743591127314,1.),.UNSPECIFIED.) GEOMETRIC_REPRESENTATION_ITEM() 
RATIONAL_B_SPLINE_SURFACE((
    (0.958294444558,0.971956661457,1.)
    ,(0.956616523077,0.970828406009,1.)
    ,(0.95451992972,0.96941863034,1.)
    ,(0.949681585292,0.966165266865,1.)
    ,(0.946902075707,0.96429628976,1.)
,(0.944552301632,0.962716272202,1.
  ))) REPRESENTATION_ITEM('') SURFACE() );
#5992 = CARTESIAN_POINT('',(-24.52383339486,-41.99595655073,
    54.869768459444));
#5993 = CARTESIAN_POINT('',(-24.4954607107,-42.04225831197,
    54.976734006253));
#5994 = CARTESIAN_POINT('',(-24.4954607107,-42.08991214022,
    55.086823075454));
#5995 = CARTESIAN_POINT('',(-24.52496797857,-41.56727242105,
    55.050247330393));
#5996 = CARTESIAN_POINT('',(-24.49546071069,-41.60745956955,
    55.162289835006));
#5997 = CARTESIAN_POINT('',(-24.4954607107,-41.64913209364,
    55.277621819739));
#5998 = CARTESIAN_POINT('',(-24.52636649809,-41.11505798549,
    55.187120412154));
#5999 = CARTESIAN_POINT('',(-24.4954607107,-41.14923330151,
    55.303826846025));
#6000 = CARTESIAN_POINT('',(-24.4954607107,-41.1848909835,
    55.424149964137));
#6001 = CARTESIAN_POINT('',(-24.52959616977,-40.1887676205,
    55.396065759165));
#6002 = CARTESIAN_POINT('',(-24.4954607107,-40.21326165947,
    55.521118037527));
#6003 = CARTESIAN_POINT('',(-24.4954607107,-40.23901174865,
    55.650485011454));
#6004 = CARTESIAN_POINT('',(-24.53147604258,-39.71631871353,
    55.467937885837));
#6005 = CARTESIAN_POINT('',(-24.4954607107,-39.73740435283,
    55.596817334147));
#6006 = CARTESIAN_POINT('',(-24.4954607107,-39.75965684193,
    55.730461487327));
#6007 = CARTESIAN_POINT('',(-24.53300163001,-39.23869362052,
    55.533632661659));
#6008 = CARTESIAN_POINT('',(-24.4954607107,-39.25830373223,
    55.665297587198));
#6009 = CARTESIAN_POINT('',(-24.4954607107,-39.27867874047,
    55.802098130911));
#6010 = ADVANCED_FACE('',(#6011),#6038,.T.);
#6011 = FACE_BOUND('',#6012,.T.);
#6012 = EDGE_LOOP('',(#6013,#6014,#6023,#6031));
#6013 = ORIENTED_EDGE('',*,*,#5559,.F.);
#6014 = ORIENTED_EDGE('',*,*,#6015,.T.);
#6015 = EDGE_CURVE('',#5547,#6016,#6018,.T.);
#6016 = VERTEX_POINT('',#6017);
#6017 = CARTESIAN_POINT('',(20.143497808596,-21.99839675949,
    50.91567740776));
#6018 = B_SPLINE_CURVE_WITH_KNOTS('',3,(#6019,#6020,#6021,#6022),
  .UNSPECIFIED.,.F.,.F.,(4,4),(3.772597232854E-15,9.632576899354E-04),
  .PIECEWISE_BEZIER_KNOTS.);
#6019 = CARTESIAN_POINT('',(20.810684367163,-22.35125572577,
    51.514190584889));
#6020 = CARTESIAN_POINT('',(20.598178080988,-22.22569476437,
    51.308344139088));
#6021 = CARTESIAN_POINT('',(20.37613008808,-22.10771416569,
    51.108665142331));
#6022 = CARTESIAN_POINT('',(20.143497808596,-21.99839675949,
    50.91567740776));
#6023 = ORIENTED_EDGE('',*,*,#6024,.T.);
#6024 = EDGE_CURVE('',#6016,#6025,#6027,.T.);
#6025 = VERTEX_POINT('',#6026);
#6026 = CARTESIAN_POINT('',(20.143497808596,-21.99839675949,
    52.849039963396));
#6027 = LINE('',#6028,#6029);
#6028 = CARTESIAN_POINT('',(20.143497808596,-21.99839675949,
    29.162876734007));
#6029 = VECTOR('',#6030,1.);
#6030 = DIRECTION('',(8.606423291841E-23,5.426512006971E-14,1.));
#6031 = ORIENTED_EDGE('',*,*,#6032,.T.);
#6032 = EDGE_CURVE('',#6025,#5560,#6033,.T.);
#6033 = B_SPLINE_CURVE_WITH_KNOTS('',3,(#6034,#6035,#6036,#6037),
  .UNSPECIFIED.,.F.,.F.,(4,4),(0.,9.675896659234E-04),
  .PIECEWISE_BEZIER_KNOTS.);
#6034 = CARTESIAN_POINT('',(20.143497808596,-21.99839675949,
    52.849039963396));
#6035 = CARTESIAN_POINT('',(20.376362030362,-22.10782315885,
    53.044099135432));
#6036 = CARTESIAN_POINT('',(20.59828806827,-22.2257597512,
    53.246251935214));
#6037 = CARTESIAN_POINT('',(20.810684367163,-22.35125572577,
    53.454500455573));
#6038 = CYLINDRICAL_SURFACE('',#6039,8.);
#6039 = AXIS2_PLACEMENT_3D('',#6040,#6041,#6042);
#6040 = CARTESIAN_POINT('',(16.741112563568,-29.23882317266,
    29.162876734007));
#6041 = DIRECTION('',(-8.606423291841E-23,-5.426512006971E-14,-1.));
#6042 = DIRECTION('',(-1.,4.670285933025E-36,8.606423291841E-23));
#6043 = ADVANCED_FACE('',(#6044),#6071,.F.);
#6044 = FACE_BOUND('',#6045,.F.);
#6045 = EDGE_LOOP('',(#6046,#6055,#6063,#6070));
#6046 = ORIENTED_EDGE('',*,*,#6047,.F.);
#6047 = EDGE_CURVE('',#6048,#6025,#6050,.T.);
#6048 = VERTEX_POINT('',#6049);
#6049 = CARTESIAN_POINT('',(19.927696628938,-21.89213112803,
    52.670312079881));
#6050 = B_SPLINE_CURVE_WITH_KNOTS('',3,(#6051,#6052,#6053,#6054),
  .UNSPECIFIED.,.F.,.F.,(4,4),(0.,2.99676809109E-04),
  .PIECEWISE_BEZIER_KNOTS.);
#6051 = CARTESIAN_POINT('',(19.927696628938,-21.89213112803,
    52.670312079881));
#6052 = CARTESIAN_POINT('',(19.999511356215,-21.92914022985,
    52.72906101072));
#6053 = CARTESIAN_POINT('',(20.071453304129,-21.96454196352,
    52.788691742941));
#6054 = CARTESIAN_POINT('',(20.143497808596,-21.99839675949,
    52.849039963396));
#6055 = ORIENTED_EDGE('',*,*,#6056,.T.);
#6056 = EDGE_CURVE('',#6048,#6057,#6059,.T.);
#6057 = VERTEX_POINT('',#6058);
#6058 = CARTESIAN_POINT('',(19.927696628938,-21.89213112803,
    50.721540415588));
#6059 = LINE('',#6060,#6061);
#6060 = CARTESIAN_POINT('',(19.927696628938,-21.89213112803,
    29.162876734007));
#6061 = VECTOR('',#6062,1.);
#6062 = DIRECTION('',(-8.606423291841E-23,-5.426512006971E-14,-1.));
#6063 = ORIENTED_EDGE('',*,*,#6064,.F.);
#6064 = EDGE_CURVE('',#6016,#6057,#6065,.T.);
#6065 = B_SPLINE_CURVE_WITH_KNOTS('',3,(#6066,#6067,#6068,#6069),
  .UNSPECIFIED.,.F.,.F.,(4,4),(1.569083994396E-15,3.091143887017E-04),
  .PIECEWISE_BEZIER_KNOTS.);
#6066 = CARTESIAN_POINT('',(20.143497808596,-21.99839675949,
    50.91567740776));
#6067 = CARTESIAN_POINT('',(20.07044581855,-21.9640685309,
    50.851631833237));
#6068 = CARTESIAN_POINT('',(19.998515203871,-21.92862687131,
    50.786882946236));
#6069 = CARTESIAN_POINT('',(19.927696628938,-21.89213112803,
    50.721540415588));
#6070 = ORIENTED_EDGE('',*,*,#6024,.T.);
#6071 = CYLINDRICAL_SURFACE('',#6072,6.580946147911);
#6072 = AXIS2_PLACEMENT_3D('',#6073,#6074,#6075);
#6073 = CARTESIAN_POINT('',(22.942362067593,-16.04228972038,
    29.162876734006));
#6074 = DIRECTION('',(8.606423291841E-23,5.426512006971E-14,1.));
#6075 = DIRECTION('',(1.,-4.670285933025E-36,-8.606423291841E-23));
#6076 = ADVANCED_FACE('',(#6077),#6121,.T.);
#6077 = FACE_BOUND('',#6078,.T.);
#6078 = EDGE_LOOP('',(#6079,#6080,#6093,#6101,#6110));
#6079 = ORIENTED_EDGE('',*,*,#6056,.T.);
#6080 = ORIENTED_EDGE('',*,*,#6081,.T.);
#6081 = EDGE_CURVE('',#6057,#6082,#6084,.T.);
#6082 = VERTEX_POINT('',#6083);
#6083 = CARTESIAN_POINT('',(16.262976850478,-21.00337778001,
    48.627332875116));
#6084 = B_SPLINE_CURVE_WITH_KNOTS('',3,(#6085,#6086,#6087,#6088,#6089,
    #6090,#6091,#6092),.UNSPECIFIED.,.F.,.F.,(4,2,2,4),(
    1.210260264578E-15,2.172357042782E-03,3.258535564173E-03,
    4.344714085563E-03),.UNSPECIFIED.);
#6085 = CARTESIAN_POINT('',(19.927696628938,-21.89213112803,
    50.721540415588));
#6086 = CARTESIAN_POINT('',(19.41402656093,-21.62741567799,
    50.273068053526));
#6087 = CARTESIAN_POINT('',(18.856202504931,-21.40889905662,
    49.865392134957));
#6088 = CARTESIAN_POINT('',(17.935962880903,-21.17385995733,
    49.328305504406));
#6089 = CARTESIAN_POINT('',(17.613522308944,-21.11117565643,
    49.161366552904));
#6090 = CARTESIAN_POINT('',(16.953145156065,-21.02625454511,
    48.86581329264));
#6091 = CARTESIAN_POINT('',(16.613579169303,-21.00337778001,
    48.735988795043));
#6092 = CARTESIAN_POINT('',(16.262976850478,-21.00337778001,
    48.627332875116));
#6093 = ORIENTED_EDGE('',*,*,#6094,.T.);
#6094 = EDGE_CURVE('',#6082,#6095,#6097,.T.);
#6095 = VERTEX_POINT('',#6096);
#6096 = CARTESIAN_POINT('',(16.262976850478,-21.00337778001,
    50.81514523911));
#6097 = LINE('',#6098,#6099);
#6098 = CARTESIAN_POINT('',(16.262976850478,-21.00337778001,
    53.440143277308));
#6099 = VECTOR('',#6100,1.);
#6100 = DIRECTION('',(8.606423291841E-23,5.426512006971E-14,1.));
#6101 = ORIENTED_EDGE('',*,*,#6102,.T.);
#6102 = EDGE_CURVE('',#6095,#6103,#6105,.T.);
#6103 = VERTEX_POINT('',#6104);
#6104 = CARTESIAN_POINT('',(16.790895693658,-21.02081542855,
    50.975906356428));
#6105 = B_SPLINE_CURVE_WITH_KNOTS('',3,(#6106,#6107,#6108,#6109),
  .UNSPECIFIED.,.F.,.F.,(4,4),(0.,5.521290731458E-04),
  .PIECEWISE_BEZIER_KNOTS.);
#6106 = CARTESIAN_POINT('',(16.262976850478,-21.00337778001,
    50.81514523911));
#6107 = CARTESIAN_POINT('',(16.439257215121,-21.00337778001,
    50.868353243854));
#6108 = CARTESIAN_POINT('',(16.615242422213,-21.00919877367,
    50.921899108849));
#6109 = CARTESIAN_POINT('',(16.790895693658,-21.02081542855,
    50.975906356428));
#6110 = ORIENTED_EDGE('',*,*,#6111,.T.);
#6111 = EDGE_CURVE('',#6103,#6048,#6112,.T.);
#6112 = B_SPLINE_CURVE_WITH_KNOTS('',3,(#6113,#6114,#6115,#6116,#6117,
    #6118,#6119,#6120),.UNSPECIFIED.,.F.,.F.,(4,2,2,4),(0.,
    1.841424064384E-03,2.762136096576E-03,3.682848128768E-03),
  .UNSPECIFIED.);
#6113 = CARTESIAN_POINT('',(16.790895693658,-21.02081542855,
    50.975906356428));
#6114 = CARTESIAN_POINT('',(17.38506662892,-21.06011033403,
    51.158593172005));
#6115 = CARTESIAN_POINT('',(17.941781586635,-21.16246703826,
    51.396408416992));
#6116 = CARTESIAN_POINT('',(18.729291540143,-21.38813920843,
    51.826657152889));
#6117 = CARTESIAN_POINT('',(18.984513640848,-21.47596373321,
    51.98302794746));
#6118 = CARTESIAN_POINT('',(19.471481294745,-21.67028675614,
    52.313257548493));
#6119 = CARTESIAN_POINT('',(19.704342636458,-21.77702756969,
    52.487594568383));
#6120 = CARTESIAN_POINT('',(19.927696628938,-21.89213112803,
    52.670312079881));
#6121 = CYLINDRICAL_SURFACE('',#6122,8.);
#6122 = AXIS2_PLACEMENT_3D('',#6123,#6124,#6125);
#6123 = CARTESIAN_POINT('',(16.262976850478,-29.00337778001,
    29.162876734007));
#6124 = DIRECTION('',(8.606423291841E-23,5.426512006971E-14,1.));
#6125 = DIRECTION('',(1.,-4.670285933025E-36,-8.606423291841E-23));
#6126 = ADVANCED_FACE('',(#6127),#6176,.T.);
#6127 = FACE_BOUND('',#6128,.T.);
#6128 = EDGE_LOOP('',(#6129,#6130,#6151,#6159));
#6129 = ORIENTED_EDGE('',*,*,#6094,.F.);
#6130 = ORIENTED_EDGE('',*,*,#6131,.T.);
#6131 = EDGE_CURVE('',#6082,#6132,#6134,.T.);
#6132 = VERTEX_POINT('',#6133);
#6133 = CARTESIAN_POINT('',(-16.26218223172,-21.00337778001,
    48.627080302983));
#6134 = B_SPLINE_CURVE_WITH_KNOTS('',3,(#6135,#6136,#6137,#6138,#6139,
    #6140,#6141,#6142,#6143,#6144,#6145,#6146,#6147,#6148,#6149,#6150),
  .UNSPECIFIED.,.F.,.F.,(4,2,2,2,2,2,2,4),(0.,8.278397812671E-03,
    1.241759671901E-02,1.448719617218E-02,1.655679562534E-02,
    2.483519343801E-02,2.897439234435E-02,3.311359125069E-02),
  .UNSPECIFIED.);
#6135 = CARTESIAN_POINT('',(16.262976850478,-21.00337778001,
    48.627332875116));
#6136 = CARTESIAN_POINT('',(13.617920835432,-21.00337778001,
    47.786579020921));
#6137 = CARTESIAN_POINT('',(10.945011271299,-21.00337778001,
    47.08298771254));
#6138 = CARTESIAN_POINT('',(6.86839709745,-21.00337778001,
    46.358767077714));
#6139 = CARTESIAN_POINT('',(5.498450056452,-21.00337778001,
    46.171901339125));
#6140 = CARTESIAN_POINT('',(3.424822362611,-21.00337778001,
    45.983724488838));
#6141 = CARTESIAN_POINT('',(2.729559216829,-21.00337778001,
    45.936344726648));
#6142 = CARTESIAN_POINT('',(1.345200043411,-21.00337778001,
    45.873854331975));
#6143 = CARTESIAN_POINT('',(0.654697162944,-21.00337778001,
    45.85857044117));
#6144 = CARTESIAN_POINT('',(-2.789515367927,-21.00337778001,
    45.861180164653));
#6145 = CARTESIAN_POINT('',(-5.518011236751,-21.00337778001,
    46.119094890926));
#6146 = CARTESIAN_POINT('',(-9.575706038702,-21.00337778001,
    46.839613888303));
#6147 = CARTESIAN_POINT('',(-10.9224888977,-21.00337778001,
    47.13482901043));
#6148 = CARTESIAN_POINT('',(-13.60622707178,-21.00337778001,
    47.818811981456));
#6149 = CARTESIAN_POINT('',(-14.94009016691,-21.00337778001,
    48.206856212437));
#6150 = CARTESIAN_POINT('',(-16.26218223172,-21.00337778001,
    48.627080302983));
#6151 = ORIENTED_EDGE('',*,*,#6152,.F.);
#6152 = EDGE_CURVE('',#6153,#6132,#6155,.T.);
#6153 = VERTEX_POINT('',#6154);
#6154 = CARTESIAN_POINT('',(-16.26218223172,-21.00337778001,
    50.814901644258));
#6155 = LINE('',#6156,#6157);
#6156 = CARTESIAN_POINT('',(-16.26218223172,-21.00337778001,
    48.93125878604));
#6157 = VECTOR('',#6158,1.);
#6158 = DIRECTION('',(-8.606423291841E-23,-5.426512006971E-14,-1.));
#6159 = ORIENTED_EDGE('',*,*,#6160,.T.);
#6160 = EDGE_CURVE('',#6153,#6095,#6161,.T.);
#6161 = B_SPLINE_CURVE_WITH_KNOTS('',3,(#6162,#6163,#6164,#6165,#6166,
    #6167,#6168,#6169,#6170,#6171,#6172,#6173,#6174,#6175),
  .UNSPECIFIED.,.F.,.F.,(4,2,2,2,2,2,4),(0.,8.003300135708E-03,
    1.228600972333E-02,1.656871931096E-02,2.513413848489E-02,
    2.941684807218E-02,3.313963535447E-02),.UNSPECIFIED.);
#6162 = CARTESIAN_POINT('',(-16.26218223172,-21.00337778001,
    50.814901644258));
#6163 = CARTESIAN_POINT('',(-13.75395141924,-21.00337778002,
    50.057809275128));
#6164 = CARTESIAN_POINT('',(-11.20664865959,-21.00337778001,
    49.381100857381));
#6165 = CARTESIAN_POINT('',(-7.204401414405,-21.00337778003,
    48.634238039287));
#6166 = CARTESIAN_POINT('',(-5.795352624094,-21.00337778001,
    48.429479245224));
#6167 = CARTESIAN_POINT('',(-2.948384429629,-21.00337778002,
    48.149286624072));
#6168 = CARTESIAN_POINT('',(-1.510926240604,-21.00337778004,
    48.073843224068));
#6169 = CARTESIAN_POINT('',(2.850069107908,-21.00337777999,
    48.068155610913));
#6170 = CARTESIAN_POINT('',(5.74646182209,-21.00337778002,
    48.364499006632));
#6171 = CARTESIAN_POINT('',(9.962660686799,-21.00337778002,
    49.147821064506));
#6172 = CARTESIAN_POINT('',(11.348176428018,-21.00337778003,
    49.46386758196));
#6173 = CARTESIAN_POINT('',(13.9111313121,-21.00337778001,
    50.125419534657));
#6174 = CARTESIAN_POINT('',(15.091577630978,-21.00337778002,
    50.461573158895));
#6175 = CARTESIAN_POINT('',(16.262976850478,-21.00337778001,
    50.81514523911));
#6176 = PLANE('',#6177);
#6177 = AXIS2_PLACEMENT_3D('',#6178,#6179,#6180);
#6178 = CARTESIAN_POINT('',(0.106736730737,-21.00337778001,
    29.162876734007));
#6179 = DIRECTION('',(2.067951531383E-25,1.,-5.426512006971E-14));
#6180 = DIRECTION('',(8.606423291841E-23,5.426512006971E-14,1.));
#6181 = ADVANCED_FACE('',(#6182),#6226,.T.);
#6182 = FACE_BOUND('',#6183,.T.);
#6183 = EDGE_LOOP('',(#6184,#6185,#6198,#6206,#6219));
#6184 = ORIENTED_EDGE('',*,*,#6152,.T.);
#6185 = ORIENTED_EDGE('',*,*,#6186,.T.);
#6186 = EDGE_CURVE('',#6132,#6187,#6189,.T.);
#6187 = VERTEX_POINT('',#6188);
#6188 = CARTESIAN_POINT('',(-19.92733790843,-21.89235578135,
    50.721645897318));
#6189 = B_SPLINE_CURVE_WITH_KNOTS('',3,(#6190,#6191,#6192,#6193,#6194,
    #6195,#6196,#6197),.UNSPECIFIED.,.F.,.F.,(4,2,2,4),(0.,
    2.166177023037E-03,3.249265534556E-03,4.332354046075E-03),
  .UNSPECIFIED.);
#6190 = CARTESIAN_POINT('',(-16.26218223172,-21.00337778001,
    48.627080302983));
#6191 = CARTESIAN_POINT('',(-16.96535771189,-21.00337778001,
    48.844995531735));
#6192 = CARTESIAN_POINT('',(-17.61682351262,-21.09352245978,
    49.143291964532));
#6193 = CARTESIAN_POINT('',(-18.53733683475,-21.32718812765,
    49.678971400703));
#6194 = CARTESIAN_POINT('',(-18.83520164268,-21.42240204667,
    49.873496205579));
#6195 = CARTESIAN_POINT('',(-19.40069869561,-21.63850599806,
    50.282051111991));
#6196 = CARTESIAN_POINT('',(-19.6700279619,-21.7597333522,
    50.496971772673));
#6197 = CARTESIAN_POINT('',(-19.92733790843,-21.89235578135,
    50.721645897318));
#6198 = ORIENTED_EDGE('',*,*,#6199,.T.);
#6199 = EDGE_CURVE('',#6187,#6200,#6202,.T.);
#6200 = VERTEX_POINT('',#6201);
#6201 = CARTESIAN_POINT('',(-19.92733790843,-21.89235578135,
    52.673272193952));
#6202 = LINE('',#6203,#6204);
#6203 = CARTESIAN_POINT('',(-19.92733790843,-21.89235578135,
    29.162876734007));
#6204 = VECTOR('',#6205,1.);
#6205 = DIRECTION('',(8.606423291841E-23,5.426512006971E-14,1.));
#6206 = ORIENTED_EDGE('',*,*,#6207,.T.);
#6207 = EDGE_CURVE('',#6200,#6208,#6210,.T.);
#6208 = VERTEX_POINT('',#6209);
#6209 = CARTESIAN_POINT('',(-16.79009000836,-21.02081469668,
    50.975659171712));
#6210 = B_SPLINE_CURVE_WITH_KNOTS('',3,(#6211,#6212,#6213,#6214,#6215,
    #6216,#6217,#6218),.UNSPECIFIED.,.F.,.F.,(4,2,2,4),(
    6.631333038256E-15,9.293976948425E-04,1.858795389678E-03,
    3.71759077935E-03),.UNSPECIFIED.);
#6211 = CARTESIAN_POINT('',(-19.92733790843,-21.89235578135,
    52.673272193952));
#6212 = CARTESIAN_POINT('',(-19.7035552489,-21.77701395213,
    52.491084356233));
#6213 = CARTESIAN_POINT('',(-19.47024366337,-21.67008485935,
    52.31732375084));
#6214 = CARTESIAN_POINT('',(-18.98283913116,-21.47563779746,
    51.98754220412));
#6215 = CARTESIAN_POINT('',(-18.72768830257,-21.38788185511,
    51.830900421345));
#6216 = CARTESIAN_POINT('',(-17.9405186183,-21.16238419223,
    51.398801448643));
#6217 = CARTESIAN_POINT('',(-17.38458967461,-21.06013051464,
    51.158442850691));
#6218 = CARTESIAN_POINT('',(-16.79009000836,-21.02081469668,
    50.975659171712));
#6219 = ORIENTED_EDGE('',*,*,#6220,.T.);
#6220 = EDGE_CURVE('',#6208,#6153,#6221,.T.);
#6221 = B_SPLINE_CURVE_WITH_KNOTS('',3,(#6222,#6223,#6224,#6225),
  .UNSPECIFIED.,.F.,.F.,(4,4),(4.687863518883E-16,5.521174234996E-04),
  .PIECEWISE_BEZIER_KNOTS.);
#6222 = CARTESIAN_POINT('',(-16.79009000836,-21.02081469668,
    50.975659171712));
#6223 = CARTESIAN_POINT('',(-16.61444008624,-21.00919850789,
    50.921654197784));
#6224 = CARTESIAN_POINT('',(-16.43845858825,-21.00337778001,
    50.868109460589));
#6225 = CARTESIAN_POINT('',(-16.26218223172,-21.00337778001,
    50.814901644258));
#6226 = CYLINDRICAL_SURFACE('',#6227,8.);
#6227 = AXIS2_PLACEMENT_3D('',#6228,#6229,#6230);
#6228 = CARTESIAN_POINT('',(-16.26218223172,-29.00337778001,
    29.162876734007));
#6229 = DIRECTION('',(8.606423291841E-23,5.426512006971E-14,1.));
#6230 = DIRECTION('',(1.,-4.670285933025E-36,-8.606423291841E-23));
#6231 = ADVANCED_FACE('',(#6232),#6250,.F.);
#6232 = FACE_BOUND('',#6233,.F.);
#6233 = EDGE_LOOP('',(#6234,#6241,#6242,#6249));
#6234 = ORIENTED_EDGE('',*,*,#6235,.F.);
#6235 = EDGE_CURVE('',#5777,#6200,#6236,.T.);
#6236 = B_SPLINE_CURVE_WITH_KNOTS('',3,(#6237,#6238,#6239,#6240),
  .UNSPECIFIED.,.F.,.F.,(4,4),(1.317914989802E-15,1.460950194341E-04),
  .PIECEWISE_BEZIER_KNOTS.);
#6237 = CARTESIAN_POINT('',(-20.03262552777,-21.94543467065,
    52.759532865337));
#6238 = CARTESIAN_POINT('',(-19.9975026345,-21.92812094195,
    52.730582123241));
#6239 = CARTESIAN_POINT('',(-19.96240571666,-21.91043039516,
    52.701821895563));
#6240 = CARTESIAN_POINT('',(-19.92733790843,-21.89235578135,
    52.673272193952));
#6241 = ORIENTED_EDGE('',*,*,#5776,.T.);
#6242 = ORIENTED_EDGE('',*,*,#6243,.F.);
#6243 = EDGE_CURVE('',#6187,#5779,#6244,.T.);
#6244 = B_SPLINE_CURVE_WITH_KNOTS('',3,(#6245,#6246,#6247,#6248),
  .UNSPECIFIED.,.F.,.F.,(4,4),(1.868354362588E-17,1.520279867571E-04),
  .PIECEWISE_BEZIER_KNOTS.);
#6245 = CARTESIAN_POINT('',(-19.92733790843,-21.89235578135,
    50.721645897318));
#6246 = CARTESIAN_POINT('',(-19.96216563951,-21.91030665484,
    50.753783909344));
#6247 = CARTESIAN_POINT('',(-19.99726111389,-21.92800188506,
    50.785777142737));
#6248 = CARTESIAN_POINT('',(-20.03262552777,-21.94543467065,
    50.817612857685));
#6249 = ORIENTED_EDGE('',*,*,#6199,.T.);
#6250 = CYLINDRICAL_SURFACE('',#6251,6.580946147911);
#6251 = AXIS2_PLACEMENT_3D('',#6252,#6253,#6254);
#6252 = CARTESIAN_POINT('',(-22.94236192494,-16.04269917762,
    29.162876734006));
#6253 = DIRECTION('',(8.606423291841E-23,5.426512006971E-14,1.));
#6254 = DIRECTION('',(1.,-4.670285933025E-36,-8.606423291841E-23));
#6255 = ADVANCED_FACE('',(#6256),#6290,.F.);
#6256 = FACE_BOUND('',#6257,.F.);
#6257 = EDGE_LOOP('',(#6258,#6259,#6266,#6267,#6282,#6289));
#6258 = ORIENTED_EDGE('',*,*,#2694,.F.);
#6259 = ORIENTED_EDGE('',*,*,#6260,.F.);
#6260 = EDGE_CURVE('',#5616,#2695,#6261,.T.);
#6261 = CIRCLE('',#6262,1.8);
#6262 = AXIS2_PLACEMENT_3D('',#6263,#6264,#6265);
#6263 = CARTESIAN_POINT('',(23.710170895372,-25.46729223819,
    59.133316729111));
#6264 = DIRECTION('',(0.437138563605,-0.878541693306,0.192547057451));
#6265 = DIRECTION('',(0.457608035724,0.401560893171,0.793311877332));
#6266 = ORIENTED_EDGE('',*,*,#5626,.T.);
#6267 = ORIENTED_EDGE('',*,*,#6268,.F.);
#6268 = EDGE_CURVE('',#6269,#5627,#6271,.T.);
#6269 = VERTEX_POINT('',#6270);
#6270 = CARTESIAN_POINT('',(25.959441720436,-26.64640580546,
    58.980151449304));
#6271 = B_SPLINE_CURVE_WITH_KNOTS('',3,(#6272,#6273,#6274,#6275,#6276,
    #6277,#6278,#6279,#6280,#6281),.UNSPECIFIED.,.F.,.F.,(4,2,2,2,4),(
    5.237147431786E-04,1.097553856174E-03,1.671392969169E-03,
    2.245232082165E-03,2.81907119516E-03),.UNSPECIFIED.);
#6272 = CARTESIAN_POINT('',(25.959441720436,-26.64640580546,
    58.980151449304));
#6273 = CARTESIAN_POINT('',(25.908648779697,-26.67348592164,
    58.796368774898));
#6274 = CARTESIAN_POINT('',(25.82968997035,-26.70666194611,
    58.622086624127));
#6275 = CARTESIAN_POINT('',(25.622362292058,-26.78233442676,
    58.307654840208));
#6276 = CARTESIAN_POINT('',(25.493530756763,-26.82495633352,
    58.167350998502));
#6277 = CARTESIAN_POINT('',(25.200416648363,-26.91486688692,
    57.937118652157));
#6278 = CARTESIAN_POINT('',(25.033890555605,-26.96282171364,
    57.845713706114));
#6279 = CARTESIAN_POINT('',(24.683750527364,-27.0581725696,
    57.723357473292));
#6280 = CARTESIAN_POINT('',(24.496190488863,-27.10663233633,
    57.691179352898));
#6281 = CARTESIAN_POINT('',(24.310325893332,-27.15222560887,
    57.690645612827));
#6282 = ORIENTED_EDGE('',*,*,#6283,.F.);
#6283 = EDGE_CURVE('',#2729,#6269,#6284,.T.);
#6284 = B_SPLINE_CURVE_WITH_KNOTS('',3,(#6285,#6286,#6287,#6288),
  .UNSPECIFIED.,.F.,.F.,(4,4),(2.116078240685E-16,8.88036837682E-04),
  .PIECEWISE_BEZIER_KNOTS.);
#6285 = CARTESIAN_POINT('',(25.723762509965,-25.80148647348,
    58.841673807461));
#6286 = CARTESIAN_POINT('',(25.821451971497,-26.07432283395,
    58.90898949574));
#6287 = CARTESIAN_POINT('',(25.900693482122,-26.35584334505,
    58.954716079775));
#6288 = CARTESIAN_POINT('',(25.959441720436,-26.64640580546,
    58.980151449304));
#6289 = ORIENTED_EDGE('',*,*,#2728,.F.);
#6290 = ( BOUNDED_SURFACE() B_SPLINE_SURFACE(3,3,(
    (#6291,#6292,#6293,#6294,#6295,#6296,#6297,#6298,#6299,#6300,#6301
      ,#6302,#6303,#6304,#6305,#6306,#6307,#6308,#6309,#6310,#6311,#6312
      ,#6313,#6314,#6315,#6316,#6317,#6318)
    ,(#6319,#6320,#6321,#6322,#6323,#6324,#6325,#6326,#6327,#6328,#6329
      ,#6330,#6331,#6332,#6333,#6334,#6335,#6336,#6337,#6338,#6339,#6340
      ,#6341,#6342,#6343,#6344,#6345,#6346)
    ,(#6347,#6348,#6349,#6350,#6351,#6352,#6353,#6354,#6355,#6356,#6357
      ,#6358,#6359,#6360,#6361,#6362,#6363,#6364,#6365,#6366,#6367,#6368
      ,#6369,#6370,#6371,#6372,#6373,#6374)
    ,(#6375,#6376,#6377,#6378,#6379,#6380,#6381,#6382,#6383,#6384,#6385
      ,#6386,#6387,#6388,#6389,#6390,#6391,#6392,#6393,#6394,#6395,#6396
      ,#6397,#6398,#6399,#6400,#6401,#6402)
    ,(#6403,#6404,#6405,#6406,#6407,#6408,#6409,#6410,#6411,#6412,#6413
      ,#6414,#6415,#6416,#6417,#6418,#6419,#6420,#6421,#6422,#6423,#6424
      ,#6425,#6426,#6427,#6428,#6429,#6430)
    ,(#6431,#6432,#6433,#6434,#6435,#6436,#6437,#6438,#6439,#6440,#6441
      ,#6442,#6443,#6444,#6445,#6446,#6447,#6448,#6449,#6450,#6451,#6452
      ,#6453,#6454,#6455,#6456,#6457,#6458)
    ,(#6459,#6460,#6461,#6462,#6463,#6464,#6465,#6466,#6467,#6468,#6469
      ,#6470,#6471,#6472,#6473,#6474,#6475,#6476,#6477,#6478,#6479,#6480
      ,#6481,#6482,#6483,#6484,#6485,#6486
)),.UNSPECIFIED.,.T.,.F.,.F.) B_SPLINE_SURFACE_WITH_KNOTS((1,3,3,3,1),(4
    ,2,2,2,2,2,2,2,2,2,2,2,2,4),(-0.5,0.,0.5,1.,1.5),(
    -8.553918851795E-03,-4.276959425898E-03,-2.138479712949E-03,
    -1.069239856474E-03,-5.346199282372E-04,-2.673099641186E-04,0.,
    2.886907647212E-04,5.773815294424E-04,1.154763058885E-03,
    2.30952611777E-03,4.61905223554E-03,9.238104471079E-03,
1.847620894216E-02),.UNSPECIFIED.) GEOMETRIC_REPRESENTATION_ITEM() 
RATIONAL_B_SPLINE_SURFACE((
    (1.,1.,1.,1.,1.,1.,1.,1.,1.,1.,1.,1.,1.,1.,1.,1.,1.,1.,1.,1.,1.,1.
      ,1.,1.,1.,1.,1.,1.)
    ,(0.333333333333,0.333333333333,0.333333333333,0.333333333333
      ,0.333333333333,0.333333333333,0.333333333333,0.333333333333
      ,0.333333333333,0.333333333333,0.333333333333,0.333333333333
      ,0.333333333333,0.333333333333,0.333333333333,0.333333333333
      ,0.333333333333,0.333333333333,0.333333333333,0.333333333333
      ,0.333333333333,0.333333333333,0.333333333333,0.333333333333
      ,0.333333333333,0.333333333333,0.333333333333,0.333333333333)
    ,(0.333333333333,0.333333333333,0.333333333333,0.333333333333
      ,0.333333333333,0.333333333333,0.333333333333,0.333333333333
      ,0.333333333333,0.333333333333,0.333333333333,0.333333333333
      ,0.333333333333,0.333333333333,0.333333333333,0.333333333333
      ,0.333333333333,0.333333333333,0.333333333333,0.333333333333
      ,0.333333333333,0.333333333333,0.333333333333,0.333333333333
      ,0.333333333333,0.333333333333,0.333333333333,0.333333333333)
    ,(1.,1.,1.,1.,1.,1.,1.,1.,1.,1.,1.,1.,1.,1.,1.,1.,1.,1.,1.,1.,1.,1.
      ,1.,1.,1.,1.,1.,1.)
    ,(0.333333333333,0.333333333333,0.333333333333,0.333333333333
      ,0.333333333333,0.333333333333,0.333333333333,0.333333333333
      ,0.333333333333,0.333333333333,0.333333333333,0.333333333333
      ,0.333333333333,0.333333333333,0.333333333333,0.333333333333
      ,0.333333333333,0.333333333333,0.333333333333,0.333333333333
      ,0.333333333333,0.333333333333,0.333333333333,0.333333333333
      ,0.333333333333,0.333333333333,0.333333333333,0.333333333333)
    ,(0.333333333333,0.333333333333,0.333333333333,0.333333333333
      ,0.333333333333,0.333333333333,0.333333333333,0.333333333333
      ,0.333333333333,0.333333333333,0.333333333333,0.333333333333
      ,0.333333333333,0.333333333333,0.333333333333,0.333333333333
      ,0.333333333333,0.333333333333,0.333333333333,0.333333333333
      ,0.333333333333,0.333333333333,0.333333333333,0.333333333333
      ,0.333333333333,0.333333333333,0.333333333333,0.333333333333)
    ,(1.,1.,1.,1.,1.,1.,1.,1.,1.,1.,1.,1.,1.,1.,1.,1.,1.,1.,1.,1.,1.,1.
,1.,1.,1.,1.,1.,1.))) REPRESENTATION_ITEM('') SURFACE() );
#6291 = CARTESIAN_POINT('',(25.327822282962,-27.15381685506,
    61.16929393304));
#6292 = CARTESIAN_POINT('',(25.297432370392,-27.03024207498,
    61.136067947555));
#6293 = CARTESIAN_POINT('',(25.267042457821,-26.9066672949,
    61.102841962069));
#6294 = CARTESIAN_POINT('',(25.221457588967,-26.72130512478,
    61.05300298384));
#6295 = CARTESIAN_POINT('',(25.206262632681,-26.65951773474,
    61.036389991098));
#6296 = CARTESIAN_POINT('',(25.183470198254,-26.56683664968,
    61.011470501984));
#6297 = CARTESIAN_POINT('',(25.175872720111,-26.53594295466,
    61.003164005612));
#6298 = CARTESIAN_POINT('',(25.164476502898,-26.48960241213,
    60.990704261055));
#6299 = CARTESIAN_POINT('',(25.160677763826,-26.47415556462,
    60.986551012869));
#6300 = CARTESIAN_POINT('',(25.154979655219,-26.45098529336,
    60.980321140591));
#6301 = CARTESIAN_POINT('',(25.153080285684,-26.4432618696,
    60.978244516498));
#6302 = CARTESIAN_POINT('',(25.149281546612,-26.42781502209,
    60.974091268312));
#6303 = CARTESIAN_POINT('',(25.147452279854,-26.42037551899,
    60.972090927641));
#6304 = CARTESIAN_POINT('',(25.143355806889,-26.40372036233,
    60.967612912199));
#6305 = CARTESIAN_POINT('',(25.141063366271,-26.3944628767,
    60.965126942268));
#6306 = CARTESIAN_POINT('',(25.136598426505,-26.37656923978,
    60.96032855322));
#6307 = CARTESIAN_POINT('',(25.134350786596,-26.36762631279,
    60.957933590484));
#6308 = CARTESIAN_POINT('',(25.127562322108,-26.34080924712,
    60.950761417466));
#6309 = CARTESIAN_POINT('',(25.122975952743,-26.32294682353,
    60.945996922323));
#6310 = CARTESIAN_POINT('',(25.109034392853,-26.26940674218,
    60.931754455742));
#6311 = CARTESIAN_POINT('',(25.099496748772,-26.23377627259,
    60.92232750311));
#6312 = CARTESIAN_POINT('',(25.07015189291,-26.1270762849,
    60.894251984156));
#6313 = CARTESIAN_POINT('',(25.049612725128,-26.05619817427,
    60.875808758857));
#6314 = CARTESIAN_POINT('',(24.985051691277,-25.84435135242,
    60.821310495303));
#6315 = CARTESIAN_POINT('',(24.938085738938,-25.70417004694,
    60.786086946053));
#6316 = CARTESIAN_POINT('',(24.785305574233,-25.28695667057,
    60.68382061651));
#6317 = CARTESIAN_POINT('',(24.667600374931,-25.01325733154,
    60.620184564544));
#6318 = CARTESIAN_POINT('',(24.533865359676,-24.74448263048,
    60.561278108309));
#6319 = CARTESIAN_POINT('',(22.284605261032,-27.38898843954,
    63.078095777991));
#6320 = CARTESIAN_POINT('',(22.254215348462,-27.26541365946,
    63.044869792506));
#6321 = CARTESIAN_POINT('',(22.223825435891,-27.14183887938,
    63.01164380702));
#6322 = CARTESIAN_POINT('',(22.178240567037,-26.95647670926,
    62.961804828792));
#6323 = CARTESIAN_POINT('',(22.163045610751,-26.89468931922,
    62.945191836049));
#6324 = CARTESIAN_POINT('',(22.140253176324,-26.80200823416,
    62.920272346935));
#6325 = CARTESIAN_POINT('',(22.132655698181,-26.77111453914,
    62.911965850563));
#6326 = CARTESIAN_POINT('',(22.121259480968,-26.72477399661,
    62.899506106006));
#6327 = CARTESIAN_POINT('',(22.117460741896,-26.7093271491,
    62.895352857821));
#6328 = CARTESIAN_POINT('',(22.111762633289,-26.68615687784,
    62.889122985542));
#6329 = CARTESIAN_POINT('',(22.109863263754,-26.67843345408,
    62.887046361449));
#6330 = CARTESIAN_POINT('',(22.106064524682,-26.66298660657,
    62.882893113264));
#6331 = CARTESIAN_POINT('',(22.103822772875,-26.65387027241,
    62.880441939507));
#6332 = CARTESIAN_POINT('',(22.100584262645,-26.64070289929,
    62.876901650142));
#6333 = CARTESIAN_POINT('',(22.099634623124,-26.63687965602,
    62.875875540987));
#6334 = CARTESIAN_POINT('',(22.096978642067,-26.62623557938,
    62.87302120673));
#6335 = CARTESIAN_POINT('',(22.095642378909,-26.62091886675,
    62.87159736428));
#6336 = CARTESIAN_POINT('',(22.09160877188,-26.60498455559,
    62.867335763176));
#6337 = CARTESIAN_POINT('',(22.088886611033,-26.59438278454,
    62.864507930891));
#6338 = CARTESIAN_POINT('',(22.080620841928,-26.56263956808,
    62.85606375806));
#6339 = CARTESIAN_POINT('',(22.074977956689,-26.54156022512,
    62.850486741479));
#6340 = CARTESIAN_POINT('',(22.057651699787,-26.47856071957,
    62.833909946553));
#6341 = CARTESIAN_POINT('',(22.045570887688,-26.43687914644,
    62.823064412274));
#6342 = CARTESIAN_POINT('',(22.007729029087,-26.31270707177,
    62.791120754115));
#6343 = CARTESIAN_POINT('',(21.980371289886,-26.23108972554,
    62.770615197839));
#6344 = CARTESIAN_POINT('',(21.891737485258,-25.98904777563,
    62.711286462875));
#6345 = CARTESIAN_POINT('',(21.823943406987,-25.83142250931,
    62.674639395597));
#6346 = CARTESIAN_POINT('',(21.746468417441,-25.67571671217,
    62.640513874527));
#6347 = CARTESIAN_POINT('',(20.550563622272,-28.59883373959,
    60.164442753865));
#6348 = CARTESIAN_POINT('',(20.520173709702,-28.47525895951,
    60.13121676838));
#6349 = CARTESIAN_POINT('',(20.489783797132,-28.35168417943,
    60.097990782895));
#6350 = CARTESIAN_POINT('',(20.444198928277,-28.16632200931,
    60.048151804666));
#6351 = CARTESIAN_POINT('',(20.429003971992,-28.10453461927,
    60.031538811924));
#6352 = CARTESIAN_POINT('',(20.406211537564,-28.01185353421,
    60.006619322809));
#6353 = CARTESIAN_POINT('',(20.398614059421,-27.98095983919,
    59.998312826438));
#6354 = CARTESIAN_POINT('',(20.387217842208,-27.93461929666,
    59.985853081881));
#6355 = CARTESIAN_POINT('',(20.383419103136,-27.91917244915,
    59.981699833695));
#6356 = CARTESIAN_POINT('',(20.377720994529,-27.89600217788,
    59.975469961417));
#6357 = CARTESIAN_POINT('',(20.375821624994,-27.88827875413,
    59.973393337324));
#6358 = CARTESIAN_POINT('',(20.372022885923,-27.87283190662,
    59.969240089138));
#6359 = CARTESIAN_POINT('',(20.36964141503,-27.8631475875,
    59.966636206851));
#6360 = CARTESIAN_POINT('',(20.366693518408,-27.8511616146,
    59.963413548947));
#6361 = CARTESIAN_POINT('',(20.366198719469,-27.84917908621,
    59.962881931439));
#6362 = CARTESIAN_POINT('',(20.364155478332,-27.8409906184,
    59.960686097549));
#6363 = CARTESIAN_POINT('',(20.363127921455,-27.83690219599,
    59.959591198023));
#6364 = CARTESIAN_POINT('',(20.360027454095,-27.82465414814,59.956315481
    ));
#6365 = CARTESIAN_POINT('',(20.357936747671,-27.81651174314,
    59.954143645249));
#6366 = CARTESIAN_POINT('',(20.351593511988,-27.7921516743,
    59.947663500683));
#6367 = CARTESIAN_POINT('',(20.347269879756,-27.77600116477,
    59.943390554499));
#6368 = CARTESIAN_POINT('',(20.334014625308,-27.7278041142,
    59.930708667281));
#6369 = CARTESIAN_POINT('',(20.32479887151,-27.69601214436,
    59.922436662487));
#6370 = CARTESIAN_POINT('',(20.296007471152,-27.60153771682,
    59.898132817773));
#6371 = CARTESIAN_POINT('',(20.275291528058,-27.53975745997,
    59.882612616753));
#6372 = CARTESIAN_POINT('',(20.208385712701,-27.35705048822,
    59.837827927517));
#6373 = CARTESIAN_POINT('',(20.15749778937,-27.23874243652,
    59.810322709739));
#6374 = CARTESIAN_POINT('',(20.099079488834,-27.12133592759,
    59.78459111613));
#6375 = CARTESIAN_POINT('',(23.593780644202,-28.36366215511,
    58.255640908914));
#6376 = CARTESIAN_POINT('',(23.563390731632,-28.24008737503,
    58.222414923429));
#6377 = CARTESIAN_POINT('',(23.533000819061,-28.11651259495,
    58.189188937944));
#6378 = CARTESIAN_POINT('',(23.487415950207,-27.93115042483,
    58.139349959715));
#6379 = CARTESIAN_POINT('',(23.472220993921,-27.86936303479,
    58.122736966972));
#6380 = CARTESIAN_POINT('',(23.449428559494,-27.77668194973,
    58.097817477858));
#6381 = CARTESIAN_POINT('',(23.441831081351,-27.74578825471,
    58.089510981487));
#6382 = CARTESIAN_POINT('',(23.430434864138,-27.69944771218,
    58.07705123693));
#6383 = CARTESIAN_POINT('',(23.426636125066,-27.68400086467,
    58.072897988744));
#6384 = CARTESIAN_POINT('',(23.420938016459,-27.6608305934,
    58.066668116466));
#6385 = CARTESIAN_POINT('',(23.419038646924,-27.65310716965,
    58.064591492373));
#6386 = CARTESIAN_POINT('',(23.415239907853,-27.63766032214,
    58.060438244187));
#6387 = CARTESIAN_POINT('',(23.413270922009,-27.62965283409,
    58.058285194984));
#6388 = CARTESIAN_POINT('',(23.409465062651,-27.61417907764,
    58.054124811004));
#6389 = CARTESIAN_POINT('',(23.407627462616,-27.60676230689,
    58.052133332721));
#6390 = CARTESIAN_POINT('',(23.403775262769,-27.5913242788,
    58.04799344404));
#6391 = CARTESIAN_POINT('',(23.401836329142,-27.58360964203,
    58.045927424226));
#6392 = CARTESIAN_POINT('',(23.395981004323,-27.56047883966,
    58.03974113529));
#6393 = CARTESIAN_POINT('',(23.392026089381,-27.54507578213,
    58.035632636681));
#6394 = CARTESIAN_POINT('',(23.380007062914,-27.4989188484,
    58.023354198365));
#6395 = CARTESIAN_POINT('',(23.371788671839,-27.46821721224,
    58.01523131613));
#6396 = CARTESIAN_POINT('',(23.346514818431,-27.37631967953,
    57.991050704885));
#6397 = CARTESIAN_POINT('',(23.328840708951,-27.31533117219,
    57.975181009069));
#6398 = CARTESIAN_POINT('',(23.273330133342,-27.13318199747,
    57.928322558959));
#6399 = CARTESIAN_POINT('',(23.23300597711,-27.01283778136,
    57.898084364966));
#6400 = CARTESIAN_POINT('',(23.101953801676,-26.65495938316,
    57.810362081152));
#6401 = CARTESIAN_POINT('',(23.001154757314,-26.42057725876,
    57.755867878686));
#6402 = CARTESIAN_POINT('',(22.886476431068,-26.19010184589,
    57.705355349912));
#6403 = CARTESIAN_POINT('',(26.636997666132,-28.12849057063,
    56.346839063963));
#6404 = CARTESIAN_POINT('',(26.606607753562,-28.00491579055,
    56.313613078478));
#6405 = CARTESIAN_POINT('',(26.576217840991,-27.88134101047,
    56.280387092993));
#6406 = CARTESIAN_POINT('',(26.530632972136,-27.69597884035,
    56.230548114764));
#6407 = CARTESIAN_POINT('',(26.515438015851,-27.63419145031,
    56.213935122021));
#6408 = CARTESIAN_POINT('',(26.492645581424,-27.54151036525,
    56.189015632907));
#6409 = CARTESIAN_POINT('',(26.485048103281,-27.51061667023,
    56.180709136536));
#6410 = CARTESIAN_POINT('',(26.473651886067,-27.4642761277,
    56.168249391979));
#6411 = CARTESIAN_POINT('',(26.469853146996,-27.44882928019,
    56.164096143793));
#6412 = CARTESIAN_POINT('',(26.464155038389,-27.42565900892,
    56.157866271514));
#6413 = CARTESIAN_POINT('',(26.462255668854,-27.41793558517,
    56.155789647422));
#6414 = CARTESIAN_POINT('',(26.458456929782,-27.40248873766,
    56.151636399236));
#6415 = CARTESIAN_POINT('',(26.456900428988,-27.39615808067,
    56.149934183118));
#6416 = CARTESIAN_POINT('',(26.452236606895,-27.37719654068,
    56.144836073062));
#6417 = CARTESIAN_POINT('',(26.449056205764,-27.36434552757,
    56.141384734003));
#6418 = CARTESIAN_POINT('',(26.443395047206,-27.3416579392,
    56.13530079053));
#6419 = CARTESIAN_POINT('',(26.440544736828,-27.33031708807,
    56.13226365043));
#6420 = CARTESIAN_POINT('',(26.431934554552,-27.29630353118,
    56.123166789581));
#6421 = CARTESIAN_POINT('',(26.42611543109,-27.27363982111,
    56.117121628112));
#6422 = CARTESIAN_POINT('',(26.408420613839,-27.2056860225,
    56.099044896047));
#6423 = CARTESIAN_POINT('',(26.396307463921,-27.16043325971,
    56.087072077761));
#6424 = CARTESIAN_POINT('',(26.359015011554,-27.02483524487,
    56.051392742488));
#6425 = CARTESIAN_POINT('',(26.332882546392,-26.93465020002,
    56.027925355652));
#6426 = CARTESIAN_POINT('',(26.250652795532,-26.66482627812,
    55.958512300146));
#6427 = CARTESIAN_POINT('',(26.190720426163,-26.48591810276,
    55.91355611318));
#6428 = CARTESIAN_POINT('',(25.995521890652,-25.95286827811,
    55.782896234788));
#6429 = CARTESIAN_POINT('',(25.844811725259,-25.602412081,
    55.701413047633));
#6430 = CARTESIAN_POINT('',(25.673873373303,-25.2588677642,
    55.626119583695));
#6431 = CARTESIAN_POINT('',(28.371039304892,-26.91864527058,
    59.260492088089));
#6432 = CARTESIAN_POINT('',(28.340649392322,-26.7950704905,
    59.227266102604));
#6433 = CARTESIAN_POINT('',(28.310259479751,-26.67149571042,
    59.194040117118));
#6434 = CARTESIAN_POINT('',(28.264674610896,-26.4861335403,
    59.144201138889));
#6435 = CARTESIAN_POINT('',(28.249479654611,-26.42434615026,
    59.127588146147));
#6436 = CARTESIAN_POINT('',(28.226687220184,-26.3316650652,
    59.102668657032));
#6437 = CARTESIAN_POINT('',(28.219089742041,-26.30077137018,
    59.094362160661));
#6438 = CARTESIAN_POINT('',(28.207693524827,-26.25443082765,
    59.081902416104));
#6439 = CARTESIAN_POINT('',(28.203894785756,-26.23898398014,
    59.077749167918));
#6440 = CARTESIAN_POINT('',(28.198196677149,-26.21581370887,
    59.07151929564));
#6441 = CARTESIAN_POINT('',(28.196297307614,-26.20809028512,
    59.069442671547));
#6442 = CARTESIAN_POINT('',(28.192498568542,-26.19264343761,
    59.065289423361));
#6443 = CARTESIAN_POINT('',(28.191081786833,-26.18688076558,
    59.063739915775));
#6444 = CARTESIAN_POINT('',(28.186127351133,-26.16673782537,
    59.058324174257));
#6445 = CARTESIAN_POINT('',(28.182492109418,-26.15204609738,
    59.05437834355));
#6446 = CARTESIAN_POINT('',(28.176218210942,-26.12690290018,
    59.04763589971));
#6447 = CARTESIAN_POINT('',(28.173059194283,-26.11433375883,
    59.044269816687));
#6448 = CARTESIAN_POINT('',(28.163515872336,-26.07663393864,
    59.034187071757));
#6449 = CARTESIAN_POINT('',(28.157065294453,-26.05151086251,
    59.027485913755));
#6450 = CARTESIAN_POINT('',(28.137447943779,-25.97617391627,
    59.007445153424));
#6451 = CARTESIAN_POINT('',(28.124015540854,-25.92599232006,
    58.994168264741));
#6452 = CARTESIAN_POINT('',(28.082652086034,-25.77559185024,
    58.954594021759));
#6453 = CARTESIAN_POINT('',(28.053654562569,-25.6755172021,
    58.928553105439));
#6454 = CARTESIAN_POINT('',(27.962374353467,-25.37599563308,
    58.85150023649));
#6455 = CARTESIAN_POINT('',(27.895800187991,-25.17725036833,
    58.801558694266));
#6456 = CARTESIAN_POINT('',(27.678873663208,-24.58486556552,
    58.656354770146));
#6457 = CARTESIAN_POINT('',(27.511257342875,-24.19509215378,
    58.56572973349));
#6458 = CARTESIAN_POINT('',(27.32126230191,-23.81324854879,
    58.482042342091));
#6459 = CARTESIAN_POINT('',(25.327822282962,-27.15381685506,
    61.16929393304));
#6460 = CARTESIAN_POINT('',(25.297432370392,-27.03024207498,
    61.136067947555));
#6461 = CARTESIAN_POINT('',(25.267042457821,-26.9066672949,
    61.102841962069));
#6462 = CARTESIAN_POINT('',(25.221457588967,-26.72130512478,
    61.05300298384));
#6463 = CARTESIAN_POINT('',(25.206262632681,-26.65951773474,
    61.036389991098));
#6464 = CARTESIAN_POINT('',(25.183470198254,-26.56683664968,
    61.011470501984));
#6465 = CARTESIAN_POINT('',(25.175872720111,-26.53594295466,
    61.003164005612));
#6466 = CARTESIAN_POINT('',(25.164476502898,-26.48960241213,
    60.990704261055));
#6467 = CARTESIAN_POINT('',(25.160677763826,-26.47415556462,
    60.986551012869));
#6468 = CARTESIAN_POINT('',(25.154979655219,-26.45098529336,
    60.980321140591));
#6469 = CARTESIAN_POINT('',(25.153080285684,-26.4432618696,
    60.978244516498));
#6470 = CARTESIAN_POINT('',(25.149281546612,-26.42781502209,
    60.974091268312));
#6471 = CARTESIAN_POINT('',(25.147452279854,-26.42037551899,
    60.972090927641));
#6472 = CARTESIAN_POINT('',(25.143355806889,-26.40372036233,
    60.967612912199));
#6473 = CARTESIAN_POINT('',(25.141063366271,-26.3944628767,
    60.965126942268));
#6474 = CARTESIAN_POINT('',(25.136598426505,-26.37656923978,
    60.96032855322));
#6475 = CARTESIAN_POINT('',(25.134350786596,-26.36762631279,
    60.957933590484));
#6476 = CARTESIAN_POINT('',(25.127562322108,-26.34080924712,
    60.950761417466));
#6477 = CARTESIAN_POINT('',(25.122975952743,-26.32294682353,
    60.945996922323));
#6478 = CARTESIAN_POINT('',(25.109034392853,-26.26940674218,
    60.931754455742));
#6479 = CARTESIAN_POINT('',(25.099496748772,-26.23377627259,
    60.92232750311));
#6480 = CARTESIAN_POINT('',(25.07015189291,-26.1270762849,
    60.894251984156));
#6481 = CARTESIAN_POINT('',(25.049612725128,-26.05619817427,
    60.875808758857));
#6482 = CARTESIAN_POINT('',(24.985051691277,-25.84435135242,
    60.821310495303));
#6483 = CARTESIAN_POINT('',(24.938085738938,-25.70417004694,
    60.786086946053));
#6484 = CARTESIAN_POINT('',(24.785305574233,-25.28695667057,
    60.68382061651));
#6485 = CARTESIAN_POINT('',(24.667600374931,-25.01325733154,
    60.620184564544));
#6486 = CARTESIAN_POINT('',(24.533865359676,-24.74448263048,
    60.561278108309));
#6487 = ADVANCED_FACE('',(#6488),#6501,.F.);
#6488 = FACE_BOUND('',#6489,.F.);
#6489 = EDGE_LOOP('',(#6490,#6497,#6498,#6499,#6500));
#6490 = ORIENTED_EDGE('',*,*,#6491,.F.);
#6491 = EDGE_CURVE('',#5607,#1645,#6492,.T.);
#6492 = CIRCLE('',#6493,1.8);
#6493 = AXIS2_PLACEMENT_3D('',#6494,#6495,#6496);
#6494 = CARTESIAN_POINT('',(22.299532842314,-23.50582064261,
    57.772954448075));
#6495 = DIRECTION('',(0.470752351738,-0.470889290982,0.746093492112));
#6496 = DIRECTION('',(0.121816063694,0.872248054114,0.473649848223));
#6497 = ORIENTED_EDGE('',*,*,#5615,.T.);
#6498 = ORIENTED_EDGE('',*,*,#6260,.T.);
#6499 = ORIENTED_EDGE('',*,*,#2703,.F.);
#6500 = ORIENTED_EDGE('',*,*,#1653,.T.);
#6501 = ( BOUNDED_SURFACE() B_SPLINE_SURFACE(3,3,(
    (#6502,#6503,#6504,#6505,#6506,#6507)
    ,(#6508,#6509,#6510,#6511,#6512,#6513)
    ,(#6514,#6515,#6516,#6517,#6518,#6519)
    ,(#6520,#6521,#6522,#6523,#6524,#6525)
    ,(#6526,#6527,#6528,#6529,#6530,#6531)
    ,(#6532,#6533,#6534,#6535,#6536,#6537)
    ,(#6538,#6539,#6540,#6541,#6542,#6543
)),.UNSPECIFIED.,.T.,.F.,.F.) B_SPLINE_SURFACE_WITH_KNOTS((1,3,3,3,1),(4
    ,2,4),(-0.5,0.,0.5,1.,1.5),(1.847620894216E-02,3.388148058176E-02,
4.928675222137E-02),.UNSPECIFIED.) GEOMETRIC_REPRESENTATION_ITEM() 
RATIONAL_B_SPLINE_SURFACE((
    (1.,1.,1.,1.,1.,1.)
    ,(0.333333333333,0.333333333333,0.333333333333,0.333333333333
      ,0.333333333333,0.333333333333)
    ,(0.333333333333,0.333333333333,0.333333333333,0.333333333333
      ,0.333333333333,0.333333333333)
    ,(1.,1.,1.,1.,1.,1.)
    ,(0.333333333333,0.333333333333,0.333333333333,0.333333333333
      ,0.333333333333,0.333333333333)
    ,(0.333333333333,0.333333333333,0.333333333333,0.333333333333
      ,0.333333333333,0.333333333333)
,(1.,1.,1.,1.,1.,1.))) REPRESENTATION_ITEM('') SURFACE() );
#6502 = CARTESIAN_POINT('',(24.533865359676,-24.74448263048,
    60.561278108309));
#6503 = CARTESIAN_POINT('',(24.229873545489,-24.13353336765,
    60.427378392786));
#6504 = CARTESIAN_POINT('',(23.882085683309,-23.58753801663,
    60.191874737249));
#6505 = CARTESIAN_POINT('',(23.183674244253,-22.64603346374,
    59.539853930252));
#6506 = CARTESIAN_POINT('',(22.832634880473,-22.24969856102,
    59.122917018906));
#6507 = CARTESIAN_POINT('',(22.51880175696,-21.9357741452,
    58.625524174881));
#6508 = CARTESIAN_POINT('',(21.746468417441,-25.67571671217,
    62.640513874527));
#6509 = CARTESIAN_POINT('',(21.430746797371,-25.04119340583,
    62.501447514385));
#6510 = CARTESIAN_POINT('',(21.048500602344,-24.43380962093,
    62.248227241698));
#6511 = CARTESIAN_POINT('',(20.227032510313,-23.32640402982,
    61.481330476123));
#6512 = CARTESIAN_POINT('',(19.787145568978,-22.82548145412,
    60.966504705727));
#6513 = CARTESIAN_POINT('',(19.373066900575,-22.41128233254,
    60.310233104371));
#6514 = CARTESIAN_POINT('',(20.099079488834,-27.12133592759,
    59.78459111613));
#6515 = CARTESIAN_POINT('',(19.974451621514,-26.87086436844,
    59.729696098562));
#6516 = CARTESIAN_POINT('',(19.806961277245,-26.59929995307,
    59.623109806377));
#6517 = CARTESIAN_POINT('',(19.404622129193,-26.0569197345,
    59.247514232374));
#6518 = CARTESIAN_POINT('',(19.169939817298,-25.78685455305,
    58.978195186922));
#6519 = CARTESIAN_POINT('',(18.934529071276,-25.55137532734,
    58.605093650769));
#6520 = CARTESIAN_POINT('',(22.886476431068,-26.19010184589,
    57.705355349912));
#6521 = CARTESIAN_POINT('',(22.773578369632,-25.96320433027,
    57.655626976963));
#6522 = CARTESIAN_POINT('',(22.64054635821,-25.75302834878,
    57.566757301927));
#6523 = CARTESIAN_POINT('',(22.361263863134,-25.37654916842,
    57.306037686504));
#6524 = CARTESIAN_POINT('',(22.215429128794,-25.21107165995,
    57.134607500101));
#6525 = CARTESIAN_POINT('',(22.08026392766,-25.07586714001,
    56.92038472128));
#6526 = CARTESIAN_POINT('',(25.673873373303,-25.2588677642,
    55.626119583695));
#6527 = CARTESIAN_POINT('',(25.57270511775,-25.0555442921,
    55.581557855364));
#6528 = CARTESIAN_POINT('',(25.474131439175,-24.90675674448,
    55.510404797477));
#6529 = CARTESIAN_POINT('',(25.317905597075,-24.69617860234,
    55.364561140633));
#6530 = CARTESIAN_POINT('',(25.260918440289,-24.63528876685,
    55.291019813279));
#6531 = CARTESIAN_POINT('',(25.225998784044,-24.60035895267,
    55.23567579179));
#6532 = CARTESIAN_POINT('',(27.32126230191,-23.81324854879,
    58.482042342091));
#6533 = CARTESIAN_POINT('',(27.029000293607,-23.22587332948,
    58.353309271187));
#6534 = CARTESIAN_POINT('',(26.715670764273,-22.74126641234,
    58.1355222328));
#6535 = CARTESIAN_POINT('',(26.140315978194,-21.96566289766,
    57.59837738438));
#6536 = CARTESIAN_POINT('',(25.878124191968,-21.67391566792,
    57.279329332085));
#6537 = CARTESIAN_POINT('',(25.664536613344,-21.46026595786,
    56.940815245391));
#6538 = CARTESIAN_POINT('',(24.533865359676,-24.74448263048,
    60.561278108309));
#6539 = CARTESIAN_POINT('',(24.229873545489,-24.13353336765,
    60.427378392786));
#6540 = CARTESIAN_POINT('',(23.882085683309,-23.58753801663,
    60.191874737249));
#6541 = CARTESIAN_POINT('',(23.183674244253,-22.64603346374,
    59.539853930252));
#6542 = CARTESIAN_POINT('',(22.832634880473,-22.24969856102,
    59.122917018906));
#6543 = CARTESIAN_POINT('',(22.51880175696,-21.9357741452,
    58.625524174881));
#6544 = ADVANCED_FACE('',(#6545),#6558,.F.);
#6545 = FACE_BOUND('',#6546,.F.);
#6546 = EDGE_LOOP('',(#6547,#6548,#6549,#6550,#6557));
#6547 = ORIENTED_EDGE('',*,*,#5635,.T.);
#6548 = ORIENTED_EDGE('',*,*,#3695,.T.);
#6549 = ORIENTED_EDGE('',*,*,#2573,.F.);
#6550 = ORIENTED_EDGE('',*,*,#6551,.F.);
#6551 = EDGE_CURVE('',#6269,#2574,#6552,.T.);
#6552 = B_SPLINE_CURVE_WITH_KNOTS('',3,(#6553,#6554,#6555,#6556),
  .UNSPECIFIED.,.F.,.F.,(4,4),(0.,1.086899864608E-03),
  .PIECEWISE_BEZIER_KNOTS.);
#6553 = CARTESIAN_POINT('',(25.959441720436,-26.64640580546,
    58.980151449304));
#6554 = CARTESIAN_POINT('',(26.060395184524,-26.99651068353,
    59.002975044486));
#6555 = CARTESIAN_POINT('',(26.128621438379,-27.35222086901,
    58.994146487859));
#6556 = CARTESIAN_POINT('',(26.167388738428,-27.71290753573,
    58.954009285638));
#6557 = ORIENTED_EDGE('',*,*,#6268,.T.);
#6558 = ( BOUNDED_SURFACE() B_SPLINE_SURFACE(3,3,(
    (#6559,#6560,#6561,#6562,#6563,#6564,#6565,#6566,#6567,#6568,#6569
      ,#6570,#6571,#6572,#6573,#6574,#6575,#6576,#6577,#6578,#6579,#6580
      ,#6581,#6582,#6583,#6584,#6585,#6586,#6587,#6588)
    ,(#6589,#6590,#6591,#6592,#6593,#6594,#6595,#6596,#6597,#6598,#6599
      ,#6600,#6601,#6602,#6603,#6604,#6605,#6606,#6607,#6608,#6609,#6610
      ,#6611,#6612,#6613,#6614,#6615,#6616,#6617,#6618)
    ,(#6619,#6620,#6621,#6622,#6623,#6624,#6625,#6626,#6627,#6628,#6629
      ,#6630,#6631,#6632,#6633,#6634,#6635,#6636,#6637,#6638,#6639,#6640
      ,#6641,#6642,#6643,#6644,#6645,#6646,#6647,#6648)
    ,(#6649,#6650,#6651,#6652,#6653,#6654,#6655,#6656,#6657,#6658,#6659
      ,#6660,#6661,#6662,#6663,#6664,#6665,#6666,#6667,#6668,#6669,#6670
      ,#6671,#6672,#6673,#6674,#6675,#6676,#6677,#6678)
    ,(#6679,#6680,#6681,#6682,#6683,#6684,#6685,#6686,#6687,#6688,#6689
      ,#6690,#6691,#6692,#6693,#6694,#6695,#6696,#6697,#6698,#6699,#6700
      ,#6701,#6702,#6703,#6704,#6705,#6706,#6707,#6708)
    ,(#6709,#6710,#6711,#6712,#6713,#6714,#6715,#6716,#6717,#6718,#6719
      ,#6720,#6721,#6722,#6723,#6724,#6725,#6726,#6727,#6728,#6729,#6730
      ,#6731,#6732,#6733,#6734,#6735,#6736,#6737,#6738)
    ,(#6739,#6740,#6741,#6742,#6743,#6744,#6745,#6746,#6747,#6748,#6749
      ,#6750,#6751,#6752,#6753,#6754,#6755,#6756,#6757,#6758,#6759,#6760
      ,#6761,#6762,#6763,#6764,#6765,#6766,#6767,#6768
)),.UNSPECIFIED.,.T.,.F.,.F.) B_SPLINE_SURFACE_WITH_KNOTS((1,3,3,3,1),(4
    ,2,2,2,2,2,2,2,2,2,2,2,2,2,4),(-0.5,0.,0.5,1.,1.5),(0.944577247101,
    0.97228862355,0.986144311775,0.993072155888,0.996536077944,
    0.998268038972,0.999134019486,0.999567009743,1.,1.000749401263,
    1.001498802525,1.00299760505,1.005995210101,1.011990420202,
1.023980840403),.UNSPECIFIED.) GEOMETRIC_REPRESENTATION_ITEM() 
RATIONAL_B_SPLINE_SURFACE((
    (1.,1.,1.,1.,1.,1.,1.,1.,1.,1.,1.,1.,1.,1.,1.,1.,1.,1.,1.,1.,1.,1.
      ,1.,1.,1.,1.,1.,1.,1.,1.)
    ,(0.333333333333,0.333333333333,0.333333333333,0.333333333333
      ,0.333333333333,0.333333333333,0.333333333333,0.333333333333
      ,0.333333333333,0.333333333333,0.333333333333,0.333333333333
      ,0.333333333333,0.333333333333,0.333333333333,0.333333333333
      ,0.333333333333,0.333333333333,0.333333333333,0.333333333333
      ,0.333333333333,0.333333333333,0.333333333333,0.333333333333
      ,0.333333333333,0.333333333333,0.333333333333,0.333333333333
      ,0.333333333333,0.333333333333)
    ,(0.333333333333,0.333333333333,0.333333333333,0.333333333333
      ,0.333333333333,0.333333333333,0.333333333333,0.333333333333
      ,0.333333333333,0.333333333333,0.333333333333,0.333333333333
      ,0.333333333333,0.333333333333,0.333333333333,0.333333333333
      ,0.333333333333,0.333333333333,0.333333333333,0.333333333333
      ,0.333333333333,0.333333333333,0.333333333333,0.333333333333
      ,0.333333333333,0.333333333333,0.333333333333,0.333333333333
      ,0.333333333333,0.333333333333)
    ,(1.,1.,1.,1.,1.,1.,1.,1.,1.,1.,1.,1.,1.,1.,1.,1.,1.,1.,1.,1.,1.,1.
      ,1.,1.,1.,1.,1.,1.,1.,1.)
    ,(0.333333333333,0.333333333333,0.333333333333,0.333333333333
      ,0.333333333333,0.333333333333,0.333333333333,0.333333333333
      ,0.333333333333,0.333333333333,0.333333333333,0.333333333333
      ,0.333333333333,0.333333333333,0.333333333333,0.333333333333
      ,0.333333333333,0.333333333333,0.333333333333,0.333333333333
      ,0.333333333333,0.333333333333,0.333333333333,0.333333333333
      ,0.333333333333,0.333333333333,0.333333333333,0.333333333333
      ,0.333333333333,0.333333333333)
    ,(0.333333333333,0.333333333333,0.333333333333,0.333333333333
      ,0.333333333333,0.333333333333,0.333333333333,0.333333333333
      ,0.333333333333,0.333333333333,0.333333333333,0.333333333333
      ,0.333333333333,0.333333333333,0.333333333333,0.333333333333
      ,0.333333333333,0.333333333333,0.333333333333,0.333333333333
      ,0.333333333333,0.333333333333,0.333333333333,0.333333333333
      ,0.333333333333,0.333333333333,0.333333333333,0.333333333333
      ,0.333333333333,0.333333333333)
    ,(1.,1.,1.,1.,1.,1.,1.,1.,1.,1.,1.,1.,1.,1.,1.,1.,1.,1.,1.,1.,1.,1.
,1.,1.,1.,1.,1.,1.,1.,1.))) REPRESENTATION_ITEM('') SURFACE() );
#6559 = CARTESIAN_POINT('',(25.511428222861,-28.89727292938,
    60.846500034462));
#6560 = CARTESIAN_POINT('',(25.511428222861,-28.56674803016,
    60.866315996873));
#6561 = CARTESIAN_POINT('',(25.491656231689,-28.23710091718,
    60.89053645143));
#6562 = CARTESIAN_POINT('',(25.432025405495,-27.74476172698,
    60.932127895464));
#6563 = CARTESIAN_POINT('',(25.407159767226,-27.58100520531,
    60.946864964094));
#6564 = CARTESIAN_POINT('',(25.362336317794,-27.33603036008,
    60.970127021585));
#6565 = CARTESIAN_POINT('',(25.34614128086,-27.25448220581,
    60.978073705483));
#6566 = CARTESIAN_POINT('',(25.319965271624,-27.13234166494,
    60.990262855953));
#6567 = CARTESIAN_POINT('',(25.310926045059,-27.09165843677,
    60.994370755649));
#6568 = CARTESIAN_POINT('',(25.296896212626,-27.0306811078,
    61.000597353169));
#6569 = CARTESIAN_POINT('',(25.292141104247,-27.01036325037,
    61.002683676817));
#6570 = CARTESIAN_POINT('',(25.284890686377,-26.97989860373,
    61.005829030514));
#6571 = CARTESIAN_POINT('',(25.282454254613,-26.96974574473,
    61.006880126482));
#6572 = CARTESIAN_POINT('',(25.278770167807,-26.95451952376,
    61.008460697498));
#6573 = CARTESIAN_POINT('',(25.277537232349,-26.949444628,
    61.008988209038));
#6574 = CARTESIAN_POINT('',(25.275061548371,-26.93929586444,
    61.010044534449));
#6575 = CARTESIAN_POINT('',(25.273759015156,-26.93397961182,
    61.01059866858));
#6576 = CARTESIAN_POINT('',(25.270515228945,-26.92078741282,
    61.011975356927));
#6577 = CARTESIAN_POINT('',(25.268665066741,-26.91326532442,
    61.0127604148));
#6578 = CARTESIAN_POINT('',(25.264758988673,-26.89738200337,
    61.014418019514));
#6579 = CARTESIAN_POINT('',(25.262805949639,-26.88944034284,
    61.015246821871));
#6580 = CARTESIAN_POINT('',(25.256946832537,-26.86561536126,
    61.017733228943));
#6581 = CARTESIAN_POINT('',(25.25304075447,-26.8497320402,
    61.019390833657));
#6582 = CARTESIAN_POINT('',(25.241322520266,-26.80208207703,
    61.0243636478));
#6583 = CARTESIAN_POINT('',(25.233510364131,-26.77031543492,
    61.027678857228));
#6584 = CARTESIAN_POINT('',(25.210073895724,-26.67501550859,
    61.037624485514));
#6585 = CARTESIAN_POINT('',(25.194449583453,-26.61148222437,
    61.044254904371));
#6586 = CARTESIAN_POINT('',(25.147576646639,-26.4208823717,
    61.064146160942));
#6587 = CARTESIAN_POINT('',(25.116328022097,-26.29381580326,
    61.077406998656));
#6588 = CARTESIAN_POINT('',(25.085079397555,-26.16674923481,
    61.090667836371));
#6589 = CARTESIAN_POINT('',(22.539687858489,-29.01887519293,
    62.87479293645));
#6590 = CARTESIAN_POINT('',(22.539687858489,-28.82451033245,
    62.88644569477));
#6591 = CARTESIAN_POINT('',(22.528153957745,-28.63083670548,
    62.900668146705));
#6592 = CARTESIAN_POINT('',(22.492762210249,-28.33759668767,
    62.925561952008));
#6593 = CARTESIAN_POINT('',(22.477943172056,-28.23939779781,
    62.934460139574));
#6594 = CARTESIAN_POINT('',(22.450880418692,-28.09103407267,
    62.948630308136));
#6595 = CARTESIAN_POINT('',(22.441053145073,-28.04140277941,
    62.953490855166));
#6596 = CARTESIAN_POINT('',(22.425060169374,-27.96665055593,
    62.960977604285));
#6597 = CARTESIAN_POINT('',(22.419520472586,-27.94168232761,
    62.963505840233));
#6598 = CARTESIAN_POINT('',(22.410892338085,-27.90414927597,
    62.967345924002));
#6599 = CARTESIAN_POINT('',(22.407963193944,-27.89162481126,
    62.968633906753));
#6600 = CARTESIAN_POINT('',(22.403489126316,-27.87281741781,
    62.970577654944));
#6601 = CARTESIAN_POINT('',(22.401984378578,-27.86654483759,
    62.971227533361));
#6602 = CARTESIAN_POINT('',(22.39970708063,-27.85713073009,
    62.972205274575));
#6603 = CARTESIAN_POINT('',(22.398944618641,-27.85399182144,
    62.972531675589));
#6604 = CARTESIAN_POINT('',(22.397412954406,-27.84771224806,
    62.97318544881));
#6605 = CARTESIAN_POINT('',(22.396821558866,-27.84529505109,
    62.973437332716));
#6606 = CARTESIAN_POINT('',(22.394226283981,-27.83474062964,
    62.974538768764));
#6607 = CARTESIAN_POINT('',(22.391965094466,-27.82554671444,
    62.975498281897));
#6608 = CARTESIAN_POINT('',(22.388059016398,-27.80966339339,
    62.977155886612));
#6609 = CARTESIAN_POINT('',(22.386105977364,-27.80172173286,
    62.977984688969));
#6610 = CARTESIAN_POINT('',(22.380246860262,-27.77789675127,
    62.98047109604));
#6611 = CARTESIAN_POINT('',(22.376340782195,-27.76201343022,
    62.982128700755));
#6612 = CARTESIAN_POINT('',(22.364622547991,-27.71436346705,
    62.987101514897));
#6613 = CARTESIAN_POINT('',(22.356810391856,-27.68259682494,
    62.990416724326));
#6614 = CARTESIAN_POINT('',(22.333373923449,-27.58729689861,
    63.000362352612));
#6615 = CARTESIAN_POINT('',(22.317749611178,-27.52376361439,
    63.006992771469));
#6616 = CARTESIAN_POINT('',(22.270876674364,-27.33316376172,
    63.026884028039));
#6617 = CARTESIAN_POINT('',(22.239628049821,-27.20609719327,
    63.040144865753));
#6618 = CARTESIAN_POINT('',(22.20837942528,-27.07903062483,
    63.053405703468));
#6619 = CARTESIAN_POINT('',(20.507753015351,-28.84102974861,
    59.908378974917));
#6620 = CARTESIAN_POINT('',(20.507753015351,-28.70079759464,
    59.916786314571));
#6621 = CARTESIAN_POINT('',(20.499483210875,-28.5645554009,
    59.926829613365));
#6622 = CARTESIAN_POINT('',(20.474768646437,-28.36054330978,
    59.944273826661));
#6623 = CARTESIAN_POINT('',(20.464458621501,-28.2925979347,
    59.950499087336));
#6624 = CARTESIAN_POINT('',(20.445700110701,-28.19010082684,
    59.960373094793));
#6625 = CARTESIAN_POINT('',(20.438897148546,-28.15583918773,
    59.963753949124));
#6626 = CARTESIAN_POINT('',(20.427834219726,-28.104225905,
    59.968950815877));
#6627 = CARTESIAN_POINT('',(20.424003430836,-28.08698472617,
    59.970704043321));
#6628 = CARTESIAN_POINT('',(20.418037809789,-28.06105871803,
    59.973364266141));
#6629 = CARTESIAN_POINT('',(20.416012692991,-28.0524060127,
    59.974256071109));
#6630 = CARTESIAN_POINT('',(20.412919530897,-28.03940979522,
    59.975601249453));
#6631 = CARTESIAN_POINT('',(20.41187922893,-28.03507486322,
    59.976050887423));
#6632 = CARTESIAN_POINT('',(20.410304824232,-28.02856803973,
    59.976727196667));
#6633 = CARTESIAN_POINT('',(20.409777697412,-28.02639836108,
    59.976952941807));
#6634 = CARTESIAN_POINT('',(20.408718779697,-28.02205750613,
    59.977405046952));
#6635 = CARTESIAN_POINT('',(20.408484056987,-28.02109460782,
    59.977505317426));
#6636 = CARTESIAN_POINT('',(20.406214257257,-28.0118640619,
    59.978468607849));
#6637 = CARTESIAN_POINT('',(20.403746781171,-28.00183107269,
    59.979515677857));
#6638 = CARTESIAN_POINT('',(20.399840703103,-27.98594775164,
    59.981173282571));
#6639 = CARTESIAN_POINT('',(20.397887664069,-27.97800609111,
    59.982002084928));
#6640 = CARTESIAN_POINT('',(20.392028546968,-27.95418110953,
    59.984488491999));
#6641 = CARTESIAN_POINT('',(20.3881224689,-27.93829778847,
    59.986146096714));
#6642 = CARTESIAN_POINT('',(20.376404234697,-27.8906478253,
    59.991118910857));
#6643 = CARTESIAN_POINT('',(20.368592078561,-27.85888118319,
    59.994434120285));
#6644 = CARTESIAN_POINT('',(20.345155610154,-27.76358125686,
    60.004379748571));
#6645 = CARTESIAN_POINT('',(20.329531297883,-27.70004797264,
    60.011010167428));
#6646 = CARTESIAN_POINT('',(20.28265836107,-27.50944811997,
    60.030901423999));
#6647 = CARTESIAN_POINT('',(20.251409736527,-27.38238155153,
    60.044162261713));
#6648 = CARTESIAN_POINT('',(20.220161111985,-27.25531498308,
    60.057423099427));
#6649 = CARTESIAN_POINT('',(23.479493379724,-28.71942748506,
    57.880086072928));
#6650 = CARTESIAN_POINT('',(23.479493379724,-28.44303529235,
    57.896656616674));
#6651 = CARTESIAN_POINT('',(23.462985484819,-28.17081961259,
    57.91669791809));
#6652 = CARTESIAN_POINT('',(23.414031841683,-27.76770834908,
    57.950839770117));
#6653 = CARTESIAN_POINT('',(23.393675216671,-27.63420534221,
    57.962903911857));
#6654 = CARTESIAN_POINT('',(23.357156009804,-27.43509711425,
    57.981869808242));
#6655 = CARTESIAN_POINT('',(23.343985284333,-27.36891861413,
    57.988336799441));
#6656 = CARTESIAN_POINT('',(23.322739321976,-27.26991701402,
    57.998236067545));
#6657 = CARTESIAN_POINT('',(23.315409003309,-27.23696083533,
    58.001568958736));
#6658 = CARTESIAN_POINT('',(23.30404168433,-27.18759054986,
    58.006615695309));
#6659 = CARTESIAN_POINT('',(23.300190603293,-27.17114445181,
    58.008305841173));
#6660 = CARTESIAN_POINT('',(23.294321090959,-27.14649098114,
    58.010852625024));
#6661 = CARTESIAN_POINT('',(23.292349104966,-27.13827577036,
    58.011703480544));
#6662 = CARTESIAN_POINT('',(23.289367911409,-27.12595683339,
    58.01298261959));
#6663 = CARTESIAN_POINT('',(23.28837031112,-27.12185116763,
    58.013409475255));
#6664 = CARTESIAN_POINT('',(23.286367373662,-27.1136411225,
    58.014264132591));
#6665 = CARTESIAN_POINT('',(23.285421513277,-27.10977916855,
    58.014666653289));
#6666 = CARTESIAN_POINT('',(23.282503202221,-27.09791084508,
    58.015905196012));
#6667 = CARTESIAN_POINT('',(23.280446753446,-27.08954968267,
    58.016777810759));
#6668 = CARTESIAN_POINT('',(23.276540675378,-27.07366636162,
    58.018435415473));
#6669 = CARTESIAN_POINT('',(23.274587636344,-27.06572470109,
    58.01926421783));
#6670 = CARTESIAN_POINT('',(23.268728519243,-27.04189971951,
    58.021750624902));
#6671 = CARTESIAN_POINT('',(23.264822441175,-27.02601639845,
    58.023408229616));
#6672 = CARTESIAN_POINT('',(23.253104206972,-26.97836643529,
    58.028381043759));
#6673 = CARTESIAN_POINT('',(23.245292050836,-26.94659979317,
    58.031696253188));
#6674 = CARTESIAN_POINT('',(23.221855582429,-26.85129986684,
    58.041641881473));
#6675 = CARTESIAN_POINT('',(23.206231270158,-26.78776658262,
    58.048272300331));
#6676 = CARTESIAN_POINT('',(23.159358333345,-26.59716672995,
    58.068163556901));
#6677 = CARTESIAN_POINT('',(23.128109708802,-26.47010016151,
    58.081424394616));
#6678 = CARTESIAN_POINT('',(23.09686108426,-26.34303359306,
    58.09468523233));
#6679 = CARTESIAN_POINT('',(26.451233744097,-28.59782522151,
    55.85179317094));
#6680 = CARTESIAN_POINT('',(26.451233744096,-28.18527299007,
    55.876526918777));
#6681 = CARTESIAN_POINT('',(26.426487758762,-27.77708382429,
    55.906566222815));
#6682 = CARTESIAN_POINT('',(26.353295036929,-27.17487338839,
    55.957405713573));
#6683 = CARTESIAN_POINT('',(26.322891811841,-26.97581274972,
    55.975308736378));
#6684 = CARTESIAN_POINT('',(26.268611908906,-26.68009340166,
    56.003366521691));
#6685 = CARTESIAN_POINT('',(26.24907342012,-26.58199804053,
    56.012919649758));
#6686 = CARTESIAN_POINT('',(26.217644424227,-26.43560812303,
    56.027521319212));
#6687 = CARTESIAN_POINT('',(26.206814575782,-26.38693694449,
    56.032433874152));
#6688 = CARTESIAN_POINT('',(26.190045558872,-26.3141223817,
    56.039867124476));
#6689 = CARTESIAN_POINT('',(26.184368513596,-26.28988289092,
    56.042355611236));
#6690 = CARTESIAN_POINT('',(26.17572265102,-26.25357216706,
    56.046104000594));
#6691 = CARTESIAN_POINT('',(26.172818981001,-26.24147667751,
    56.047356073665));
#6692 = CARTESIAN_POINT('',(26.168430998586,-26.22334562706,
    56.049238042513));
#6693 = CARTESIAN_POINT('',(26.166962924828,-26.21730397418,
    56.049866008704));
#6694 = CARTESIAN_POINT('',(26.164015967627,-26.20522473888,
    56.051123218231));
#6695 = CARTESIAN_POINT('',(26.162358969568,-26.19846372929,
    56.051827989153));
#6696 = CARTESIAN_POINT('',(26.158792147185,-26.18395762827,
    56.053341784175));
#6697 = CARTESIAN_POINT('',(26.157146725721,-26.17726829266,
    56.054039943661));
#6698 = CARTESIAN_POINT('',(26.153240647653,-26.1613849716,
    56.055697548376));
#6699 = CARTESIAN_POINT('',(26.151287608619,-26.15344331107,
    56.056526350733));
#6700 = CARTESIAN_POINT('',(26.145428491518,-26.12961832949,
    56.059012757804));
#6701 = CARTESIAN_POINT('',(26.14152241345,-26.11373500843,
    56.060670362519));
#6702 = CARTESIAN_POINT('',(26.129804179247,-26.06608504527,
    56.065643176662));
#6703 = CARTESIAN_POINT('',(26.121992023111,-26.03431840316,
    56.06895838609));
#6704 = CARTESIAN_POINT('',(26.098555554704,-25.93901847682,
    56.078904014376));
#6705 = CARTESIAN_POINT('',(26.082931242433,-25.8754851926,
    56.085534433233));
#6706 = CARTESIAN_POINT('',(26.03605830562,-25.68488533993,
    56.105425689804));
#6707 = CARTESIAN_POINT('',(26.004809681077,-25.55781877149,
    56.118686527518));
#6708 = CARTESIAN_POINT('',(25.973561056535,-25.43075220304,
    56.131947365232));
#6709 = CARTESIAN_POINT('',(28.483168587234,-28.77567066583,
    58.818207132473));
#6710 = CARTESIAN_POINT('',(28.483168587234,-28.30898572787,
    58.846186298976));
#6711 = CARTESIAN_POINT('',(28.455158505634,-27.84336512888,
    58.880404756154));
#6712 = CARTESIAN_POINT('',(28.371288600741,-27.15192676629,
    58.938693838921));
#6713 = CARTESIAN_POINT('',(28.336376362395,-26.92261261282,
    58.959269788614));
#6714 = CARTESIAN_POINT('',(28.273792216897,-26.58102664749,
    58.991623735035));
#6715 = CARTESIAN_POINT('',(28.251229416646,-26.46756163221,
    59.002656555799));
#6716 = CARTESIAN_POINT('',(28.214870373875,-26.29803277396,
    59.019548107621));
#6717 = CARTESIAN_POINT('',(28.202331617532,-26.24163454594,
    59.025235671065));
#6718 = CARTESIAN_POINT('',(28.182900087168,-26.15721293963,
    59.033848782337));
#6719 = CARTESIAN_POINT('',(28.176319014549,-26.12910168948,
    59.03673344688));
#6720 = CARTESIAN_POINT('',(28.166292246439,-26.08697978965,
    59.041080406084));
#6721 = CARTESIAN_POINT('',(28.162924130648,-26.07294665187,
    59.042532719603));
#6722 = CARTESIAN_POINT('',(28.157833254983,-26.05190831742,
    59.044716120421));
#6723 = CARTESIAN_POINT('',(28.156129846057,-26.04489743455,
    59.045444742486));
#6724 = CARTESIAN_POINT('',(28.152710142336,-26.03087948082,
    59.046903620088));
#6725 = CARTESIAN_POINT('',(28.150696471446,-26.02266417255,
    59.047760004443));
#6726 = CARTESIAN_POINT('',(28.146804173909,-26.00683419601,
    59.04941194509));
#6727 = CARTESIAN_POINT('',(28.145365039016,-26.0009839344,
    59.050022547702));
#6728 = CARTESIAN_POINT('',(28.141458960948,-25.98510061335,
    59.051680152417));
#6729 = CARTESIAN_POINT('',(28.139505921914,-25.97715895282,
    59.052508954774));
#6730 = CARTESIAN_POINT('',(28.133646804812,-25.95333397124,
    59.054995361845));
#6731 = CARTESIAN_POINT('',(28.129740726745,-25.93745065018,
    59.056652966559));
#6732 = CARTESIAN_POINT('',(28.118022492541,-25.88980068702,
    59.061625780702));
#6733 = CARTESIAN_POINT('',(28.110210336406,-25.8580340449,
    59.064940990131));
#6734 = CARTESIAN_POINT('',(28.086773867999,-25.76273411857,
    59.074886618416));
#6735 = CARTESIAN_POINT('',(28.071149555728,-25.69920083435,
    59.081517037274));
#6736 = CARTESIAN_POINT('',(28.024276618914,-25.50860098168,
    59.101408293845));
#6737 = CARTESIAN_POINT('',(27.993027994372,-25.38153441324,
    59.11466913156));
#6738 = CARTESIAN_POINT('',(27.96177936983,-25.25446784479,
    59.127929969273));
#6739 = CARTESIAN_POINT('',(25.511428222861,-28.89727292938,
    60.846500034462));
#6740 = CARTESIAN_POINT('',(25.511428222861,-28.56674803016,
    60.866315996873));
#6741 = CARTESIAN_POINT('',(25.491656231689,-28.23710091718,
    60.89053645143));
#6742 = CARTESIAN_POINT('',(25.432025405495,-27.74476172698,
    60.932127895464));
#6743 = CARTESIAN_POINT('',(25.407159767226,-27.58100520531,
    60.946864964094));
#6744 = CARTESIAN_POINT('',(25.362336317794,-27.33603036008,
    60.970127021585));
#6745 = CARTESIAN_POINT('',(25.34614128086,-27.25448220581,
    60.978073705483));
#6746 = CARTESIAN_POINT('',(25.319965271624,-27.13234166494,
    60.990262855953));
#6747 = CARTESIAN_POINT('',(25.310926045059,-27.09165843677,
    60.994370755649));
#6748 = CARTESIAN_POINT('',(25.296896212626,-27.0306811078,
    61.000597353169));
#6749 = CARTESIAN_POINT('',(25.292141104247,-27.01036325037,
    61.002683676817));
#6750 = CARTESIAN_POINT('',(25.284890686377,-26.97989860373,
    61.005829030514));
#6751 = CARTESIAN_POINT('',(25.282454254613,-26.96974574473,
    61.006880126482));
#6752 = CARTESIAN_POINT('',(25.278770167807,-26.95451952376,
    61.008460697498));
#6753 = CARTESIAN_POINT('',(25.277537232349,-26.949444628,
    61.008988209038));
#6754 = CARTESIAN_POINT('',(25.275061548371,-26.93929586444,
    61.010044534449));
#6755 = CARTESIAN_POINT('',(25.273759015156,-26.93397961182,
    61.01059866858));
#6756 = CARTESIAN_POINT('',(25.270515228945,-26.92078741282,
    61.011975356927));
#6757 = CARTESIAN_POINT('',(25.268665066741,-26.91326532442,
    61.0127604148));
#6758 = CARTESIAN_POINT('',(25.264758988673,-26.89738200337,
    61.014418019514));
#6759 = CARTESIAN_POINT('',(25.262805949639,-26.88944034284,
    61.015246821871));
#6760 = CARTESIAN_POINT('',(25.256946832537,-26.86561536126,
    61.017733228943));
#6761 = CARTESIAN_POINT('',(25.25304075447,-26.8497320402,
    61.019390833657));
#6762 = CARTESIAN_POINT('',(25.241322520266,-26.80208207703,
    61.0243636478));
#6763 = CARTESIAN_POINT('',(25.233510364131,-26.77031543492,
    61.027678857228));
#6764 = CARTESIAN_POINT('',(25.210073895724,-26.67501550859,
    61.037624485514));
#6765 = CARTESIAN_POINT('',(25.194449583453,-26.61148222437,
    61.044254904371));
#6766 = CARTESIAN_POINT('',(25.147576646639,-26.4208823717,
    61.064146160942));
#6767 = CARTESIAN_POINT('',(25.116328022097,-26.29381580326,
    61.077406998656));
#6768 = CARTESIAN_POINT('',(25.085079397555,-26.16674923481,
    61.090667836371));
#6769 = ADVANCED_FACE('',(#6770),#6783,.F.);
#6770 = FACE_BOUND('',#6771,.F.);
#6771 = EDGE_LOOP('',(#6772,#6773,#6780,#6781,#6782));
#6772 = ORIENTED_EDGE('',*,*,#5839,.T.);
#6773 = ORIENTED_EDGE('',*,*,#6774,.T.);
#6774 = EDGE_CURVE('',#5840,#1917,#6775,.T.);
#6775 = CIRCLE('',#6776,1.8);
#6776 = AXIS2_PLACEMENT_3D('',#6777,#6778,#6779);
#6777 = CARTESIAN_POINT('',(-23.62748744348,-25.49686804411,
    59.159037511331));
#6778 = DIRECTION('',(0.444761998047,0.87526368591,-0.190000645317));
#6779 = DIRECTION('',(-0.455097217513,0.40355996443,0.793741694584));
#6780 = ORIENTED_EDGE('',*,*,#1927,.F.);
#6781 = ORIENTED_EDGE('',*,*,#3193,.F.);
#6782 = ORIENTED_EDGE('',*,*,#5494,.F.);
#6783 = ( BOUNDED_SURFACE() B_SPLINE_SURFACE(3,3,(
    (#6784,#6785,#6786,#6787)
    ,(#6788,#6789,#6790,#6791)
    ,(#6792,#6793,#6794,#6795)
    ,(#6796,#6797,#6798,#6799)
    ,(#6800,#6801,#6802,#6803)
    ,(#6804,#6805,#6806,#6807)
    ,(#6808,#6809,#6810,#6811
)),.UNSPECIFIED.,.T.,.F.,.F.) B_SPLINE_SURFACE_WITH_KNOTS((1,3,3,3,1),(4
    ,4),(-0.5,0.,0.5,1.,1.5),(0.62548048261,0.633851426007),
.UNSPECIFIED.) GEOMETRIC_REPRESENTATION_ITEM() RATIONAL_B_SPLINE_SURFACE
((
    (1.,1.,1.,1.)
    ,(0.333333333333,0.333333333333,0.333333333333,0.333333333333)
    ,(0.333333333333,0.333333333333,0.333333333333,0.333333333333)
    ,(1.,1.,1.,1.)
    ,(0.333333333333,0.333333333333,0.333333333333,0.333333333333)
    ,(0.333333333333,0.333333333333,0.333333333333,0.333333333333)
,(1.,1.,1.,1.))) REPRESENTATION_ITEM('') SURFACE() );
#6784 = CARTESIAN_POINT('',(-24.44666243501,-24.77046010813,
    60.587772561582));
#6785 = CARTESIAN_POINT('',(-24.56893346199,-25.01108181195,
    60.640006282388));
#6786 = CARTESIAN_POINT('',(-24.67949674827,-25.25682368758,
    60.69617795749));
#6787 = CARTESIAN_POINT('',(-24.7779224961,-25.50612044561,
    60.755875582286));
#6788 = CARTESIAN_POINT('',(-21.66958666927,-25.73006666536,
    62.667918096556));
#6789 = CARTESIAN_POINT('',(-21.74263305925,-25.87381737432,
    62.699123238397));
#6790 = CARTESIAN_POINT('',(-21.80936771213,-26.0220436497,
    62.732995864913));
#6791 = CARTESIAN_POINT('',(-21.86880781977,-26.17259598442,
    62.769047744853));
#6792 = CARTESIAN_POINT('',(-20.03123668622,-27.18288253731,
    59.810447996054));
#6793 = CARTESIAN_POINT('',(-20.08770069684,-27.29400016489,
    59.834569208079));
#6794 = CARTESIAN_POINT('',(-20.13967073043,-27.40937620969,
    59.860929919723));
#6795 = CARTESIAN_POINT('',(-20.18597768536,-27.52666435829,
    59.88901622114));
#6796 = CARTESIAN_POINT('',(-22.80831245196,-26.22327598008,
    57.73030246108));
#6797 = CARTESIAN_POINT('',(-22.91400109959,-26.43126460252,
    57.775452252071));
#6798 = CARTESIAN_POINT('',(-23.00979976657,-26.64415624757,
    57.8241120123));
#6799 = CARTESIAN_POINT('',(-23.09509236169,-26.86018881948,
    57.875844058573));
#6800 = CARTESIAN_POINT('',(-25.5853882177,-25.26366942286,
    55.650156926105));
#6801 = CARTESIAN_POINT('',(-25.74030150234,-25.56852904015,
    55.716335296062));
#6802 = CARTESIAN_POINT('',(-25.87992880271,-25.87893628544,
    55.787294104877));
#6803 = CARTESIAN_POINT('',(-26.00420703802,-26.19371328067,
    55.862671896006));
#6804 = CARTESIAN_POINT('',(-27.22373820074,-23.81085355091,
    58.507627026608));
#6805 = CARTESIAN_POINT('',(-27.39523386474,-24.14834624958,
    58.580889326379));
#6806 = CARTESIAN_POINT('',(-27.54962578441,-24.49160372545,
    58.659360050067));
#6807 = CARTESIAN_POINT('',(-27.68703717243,-24.8396449068,
    58.742703419719));
#6808 = CARTESIAN_POINT('',(-24.44666243501,-24.77046010813,
    60.587772561582));
#6809 = CARTESIAN_POINT('',(-24.56893346199,-25.01108181195,
    60.640006282388));
#6810 = CARTESIAN_POINT('',(-24.67949674827,-25.25682368758,
    60.69617795749));
#6811 = CARTESIAN_POINT('',(-24.7779224961,-25.50612044561,
    60.755875582286));
#6812 = ADVANCED_FACE('',(#6813),#6826,.F.);
#6813 = FACE_BOUND('',#6814,.F.);
#6814 = EDGE_LOOP('',(#6815,#6816,#6817,#6818,#6825));
#6815 = ORIENTED_EDGE('',*,*,#1916,.F.);
#6816 = ORIENTED_EDGE('',*,*,#6774,.F.);
#6817 = ORIENTED_EDGE('',*,*,#5854,.T.);
#6818 = ORIENTED_EDGE('',*,*,#6819,.T.);
#6819 = EDGE_CURVE('',#5855,#1533,#6820,.T.);
#6820 = CIRCLE('',#6821,1.8);
#6821 = AXIS2_PLACEMENT_3D('',#6822,#6823,#6824);
#6822 = CARTESIAN_POINT('',(-22.21549471663,-23.5280201541,
    57.789289457308));
#6823 = DIRECTION('',(0.461815801002,0.47230834637,-0.750766935802));
#6824 = DIRECTION('',(-0.121386581161,0.872124881475,0.473986802586));
#6825 = ORIENTED_EDGE('',*,*,#1532,.T.);
#6826 = ( BOUNDED_SURFACE() B_SPLINE_SURFACE(3,3,(
    (#6827,#6828,#6829,#6830,#6831,#6832)
    ,(#6833,#6834,#6835,#6836,#6837,#6838)
    ,(#6839,#6840,#6841,#6842,#6843,#6844)
    ,(#6845,#6846,#6847,#6848,#6849,#6850)
    ,(#6851,#6852,#6853,#6854,#6855,#6856)
    ,(#6857,#6858,#6859,#6860,#6861,#6862)
    ,(#6863,#6864,#6865,#6866,#6867,#6868
)),.UNSPECIFIED.,.T.,.F.,.F.) B_SPLINE_SURFACE_WITH_KNOTS((1,3,3,3,1),(4
    ,2,4),(-0.5,0.,0.5,1.,1.5),(0.594548459948,0.610014471279,
0.62548048261),.UNSPECIFIED.) GEOMETRIC_REPRESENTATION_ITEM() 
RATIONAL_B_SPLINE_SURFACE((
    (1.,1.,1.,1.,1.,1.)
    ,(0.333333333333,0.333333333333,0.333333333333,0.333333333333
      ,0.333333333333,0.333333333333)
    ,(0.333333333333,0.333333333333,0.333333333333,0.333333333333
      ,0.333333333333,0.333333333333)
    ,(1.,1.,1.,1.,1.,1.)
    ,(0.333333333333,0.333333333333,0.333333333333,0.333333333333
      ,0.333333333333,0.333333333333)
    ,(0.333333333333,0.333333333333,0.333333333333,0.333333333333
      ,0.333333333333,0.333333333333)
,(1.,1.,1.,1.,1.,1.))) REPRESENTATION_ITEM('') SURFACE() );
#6827 = CARTESIAN_POINT('',(-22.43399056272,-21.95819536744,
    58.642465701962));
#6828 = CARTESIAN_POINT('',(-22.74295124473,-22.27417569661,
    59.144738391674));
#6829 = CARTESIAN_POINT('',(-23.09094068217,-22.67272216058,
    59.565107311283));
#6830 = CARTESIAN_POINT('',(-23.78794655432,-23.61616092684,
    60.220316438616));
#6831 = CARTESIAN_POINT('',(-24.1373632304,-24.16177869412,
    60.455641109864));
#6832 = CARTESIAN_POINT('',(-24.44666243501,-24.77046010813,
    60.587772561582));
#6833 = CARTESIAN_POINT('',(-19.27092095052,-22.41813699537,
    60.298800308039));
#6834 = CARTESIAN_POINT('',(-19.68142701072,-22.83796983359,
    60.966153777271));
#6835 = CARTESIAN_POINT('',(-20.12190010808,-23.34632762274,
    61.490596928335));
#6836 = CARTESIAN_POINT('',(-20.95200202899,-24.46993175696,
    62.270914051156));
#6837 = CARTESIAN_POINT('',(-21.342336534,-25.08605894693,
    62.528118075078));
#6838 = CARTESIAN_POINT('',(-21.66958666927,-25.73006666536,
    62.667918096556));
#6839 = CARTESIAN_POINT('',(-18.83392925834,-25.55778656869,
    58.592447818731));
#6840 = CARTESIAN_POINT('',(-19.06879763586,-25.7979912017,
    58.974269773984));
#6841 = CARTESIAN_POINT('',(-19.30638007551,-26.07469012916,
    59.251895554723));
#6842 = CARTESIAN_POINT('',(-19.72041296455,-26.63510850716,
    59.641081981436));
#6843 = CARTESIAN_POINT('',(-19.89676864932,-26.91825788383,
    59.753003758692));
#6844 = CARTESIAN_POINT('',(-20.03123668622,-27.18288253731,
    59.810447996054));
#6845 = CARTESIAN_POINT('',(-21.99699887054,-25.09784494075,
    56.936113212655));
#6846 = CARTESIAN_POINT('',(-22.13032186987,-25.23419706472,
    57.152854388388));
#6847 = CARTESIAN_POINT('',(-22.27542064961,-25.401084667,
    57.326405937671));
#6848 = CARTESIAN_POINT('',(-22.55635748987,-25.78133767705,
    57.590484368896));
#6849 = CARTESIAN_POINT('',(-22.69179534571,-25.99397763101,
    57.680526793477));
#6850 = CARTESIAN_POINT('',(-22.80831245196,-26.22327598008,
    57.73030246108));
#6851 = CARTESIAN_POINT('',(-25.16006848274,-24.63790331282,
    55.279778606578));
#6852 = CARTESIAN_POINT('',(-25.19184610389,-24.67040292774,
    55.331439002791));
#6853 = CARTESIAN_POINT('',(-25.2444612237,-24.72747920485,
    55.400916320618));
#6854 = CARTESIAN_POINT('',(-25.39230201519,-24.92756684693,
    55.539886756355));
#6855 = CARTESIAN_POINT('',(-25.48682204211,-25.06969737819,
    55.608049828263));
#6856 = CARTESIAN_POINT('',(-25.5853882177,-25.26366942286,
    55.650156926105));
#6857 = CARTESIAN_POINT('',(-25.59706017492,-21.49825373951,
    56.986131095885));
#6858 = CARTESIAN_POINT('',(-25.80447547875,-21.71038155963,
    57.323323006078));
#6859 = CARTESIAN_POINT('',(-26.05998125626,-21.99911669843,
    57.639617694231));
#6860 = CARTESIAN_POINT('',(-26.62389107965,-22.76239009673,
    58.169718826076));
#6861 = CARTESIAN_POINT('',(-26.93238992679,-23.2374984413,
    58.38316414465));
#6862 = CARTESIAN_POINT('',(-27.22373820074,-23.81085355091,
    58.507627026608));
#6863 = CARTESIAN_POINT('',(-22.43399056272,-21.95819536744,
    58.642465701962));
#6864 = CARTESIAN_POINT('',(-22.74295124473,-22.27417569661,
    59.144738391674));
#6865 = CARTESIAN_POINT('',(-23.09094068217,-22.67272216058,
    59.565107311283));
#6866 = CARTESIAN_POINT('',(-23.78794655432,-23.61616092684,
    60.220316438616));
#6867 = CARTESIAN_POINT('',(-24.1373632304,-24.16177869412,
    60.455641109864));
#6868 = CARTESIAN_POINT('',(-24.44666243501,-24.77046010813,
    60.587772561582));
#6869 = ADVANCED_FACE('',(#6870),#6891,.F.);
#6870 = FACE_BOUND('',#6871,.F.);
#6871 = EDGE_LOOP('',(#6872,#6879,#6880,#6881,#6882,#6883,#6890));
#6872 = ORIENTED_EDGE('',*,*,#6873,.F.);
#6873 = EDGE_CURVE('',#6103,#1579,#6874,.T.);
#6874 = CIRCLE('',#6875,1.8);
#6875 = AXIS2_PLACEMENT_3D('',#6876,#6877,#6878);
#6876 = CARTESIAN_POINT('',(16.262976850474,-21.00337778001,
    52.69666131383));
#6877 = DIRECTION('',(0.956019838262,1.407207683712E-14,0.293302009624)
  );
#6878 = DIRECTION('',(-9.615875289096E-02,0.944730158661,0.313430090384)
  );
#6879 = ORIENTED_EDGE('',*,*,#6111,.T.);
#6880 = ORIENTED_EDGE('',*,*,#6047,.T.);
#6881 = ORIENTED_EDGE('',*,*,#6032,.T.);
#6882 = ORIENTED_EDGE('',*,*,#5567,.T.);
#6883 = ORIENTED_EDGE('',*,*,#6884,.T.);
#6884 = EDGE_CURVE('',#5568,#1600,#6885,.T.);
#6885 = CIRCLE('',#6886,1.8);
#6886 = AXIS2_PLACEMENT_3D('',#6887,#6888,#6889);
#6887 = CARTESIAN_POINT('',(19.927696628936,-21.89213112803,
    54.971853999989));
#6888 = DIRECTION('',(0.672189192489,-0.346406916978,0.654342370148));
#6889 = DIRECTION('',(6.963779208714E-02,0.909456389197,0.409926400788)
  );
#6890 = ORIENTED_EDGE('',*,*,#1599,.T.);
#6891 = ( BOUNDED_SURFACE() B_SPLINE_SURFACE(3,3,(
    (#6892,#6893,#6894,#6895,#6896,#6897,#6898,#6899)
    ,(#6900,#6901,#6902,#6903,#6904,#6905,#6906,#6907)
    ,(#6908,#6909,#6910,#6911,#6912,#6913,#6914,#6915)
    ,(#6916,#6917,#6918,#6919,#6920,#6921,#6922,#6923)
    ,(#6924,#6925,#6926,#6927,#6928,#6929,#6930,#6931)
    ,(#6932,#6933,#6934,#6935,#6936,#6937,#6938,#6939)
    ,(#6940,#6941,#6942,#6943,#6944,#6945,#6946,#6947
)),.UNSPECIFIED.,.T.,.F.,.F.) B_SPLINE_SURFACE_WITH_KNOTS((1,3,3,3,1),(4
    ,2,2,4),(-0.5,0.,0.5,1.,1.5),(9.309809220802E-02,0.117412938787,
    0.129570362076,0.141727785366),.UNSPECIFIED.) 
GEOMETRIC_REPRESENTATION_ITEM() RATIONAL_B_SPLINE_SURFACE((
    (1.,1.,1.,1.,1.,1.,1.,1.)
    ,(0.333333333333,0.333333333333,0.333333333333,0.333333333333
      ,0.333333333333,0.333333333333,0.333333333333,0.333333333333)
    ,(0.333333333333,0.333333333333,0.333333333333,0.333333333333
      ,0.333333333333,0.333333333333,0.333333333333,0.333333333333)
    ,(1.,1.,1.,1.,1.,1.,1.,1.)
    ,(0.333333333333,0.333333333333,0.333333333333,0.333333333333
      ,0.333333333333,0.333333333333,0.333333333333,0.333333333333)
    ,(0.333333333333,0.333333333333,0.333333333333,0.333333333333
      ,0.333333333333,0.333333333333,0.333333333333,0.333333333333)
,(1.,1.,1.,1.,1.,1.,1.,1.))) REPRESENTATION_ITEM('') SURFACE() );
#6892 = CARTESIAN_POINT('',(20.053044654693,-20.25510962747,
    55.709721521407));
#6893 = CARTESIAN_POINT('',(19.523113054647,-19.98201393681,
    55.193859762449));
#6894 = CARTESIAN_POINT('',(18.9325881942,-19.74493231775,
    54.705704616384));
#6895 = CARTESIAN_POINT('',(17.944293976175,-19.49012725158,
    54.072442546304));
#6896 = CARTESIAN_POINT('',(17.597755223491,-19.42207725465,
    53.877949527112));
#6897 = CARTESIAN_POINT('',(16.869703578321,-19.32842725524,
    53.533220692417));
#6898 = CARTESIAN_POINT('',(16.488154854428,-19.30286349442,
    53.383020766251));
#6899 = CARTESIAN_POINT('',(16.08989109527,-19.30286349442,
    53.260835476525));
#6900 = CARTESIAN_POINT('',(17.399494770917,-21.08304172571,
    57.997340688799));
#6901 = CARTESIAN_POINT('',(17.014649557001,-20.88471505585,
    57.622713229406));
#6902 = CARTESIAN_POINT('',(16.616184508816,-20.7301756101,
    57.300259022454));
#6903 = CARTESIAN_POINT('',(16.033750163332,-20.5801378001,
    56.927041477973));
#6904 = CARTESIAN_POINT('',(15.842261875708,-20.54337618897,
    56.820592374083));
#6905 = CARTESIAN_POINT('',(15.465204741123,-20.49495076908,
    56.642050214757));
#6906 = CARTESIAN_POINT('',(15.279803607923,-20.48311967763,
    56.569792212111));
#6907 = CARTESIAN_POINT('',(15.092362580555,-20.48311967763,
    56.512286261071));
#6908 = CARTESIAN_POINT('',(17.148798719404,-24.35708472682,
    56.521605645964));
#6909 = CARTESIAN_POINT('',(16.816647758405,-24.18591358682,
    56.198273391451));
#6910 = CARTESIAN_POINT('',(16.487698710013,-24.06116070149,
    55.935678920077));
#6911 = CARTESIAN_POINT('',(16.051620947403,-23.94880646268,
    55.656110969135));
#6912 = CARTESIAN_POINT('',(15.915977669385,-23.92327572683,
    55.581323259929));
#6913 = CARTESIAN_POINT('',(15.665184390985,-23.89106650757,
    55.462495693544));
#6914 = CARTESIAN_POINT('',(15.550273767868,-23.88414824882,
    55.418219098569));
#6915 = CARTESIAN_POINT('',(15.438534090962,-23.88414824882,
    55.38393793569));
#6916 = CARTESIAN_POINT('',(19.802348603179,-23.52915262858,
    54.233986478571));
#6917 = CARTESIAN_POINT('',(19.325111256052,-23.28321246779,
    53.769419924494));
#6918 = CARTESIAN_POINT('',(18.804102395399,-23.07591740914,
    53.341124514009));
#6919 = CARTESIAN_POINT('',(17.962164760245,-22.85879591415,
    52.801512037466));
#6920 = CARTESIAN_POINT('',(17.671471017168,-22.80197679251,
    52.638680412959));
#6921 = CARTESIAN_POINT('',(17.069683228183,-22.72454299372,
    52.353666171203));
#6922 = CARTESIAN_POINT('',(16.758625014373,-22.7038920656,
    52.231447652708));
#6923 = CARTESIAN_POINT('',(16.436062605677,-22.7038920656,
    52.132487151144));
#6924 = CARTESIAN_POINT('',(22.455898486955,-22.70122053034,
    51.946367311178));
#6925 = CARTESIAN_POINT('',(21.833574753698,-22.38051134875,
    51.340566457537));
#6926 = CARTESIAN_POINT('',(21.120506080784,-22.09067411679,
    50.74657010794));
#6927 = CARTESIAN_POINT('',(19.872708573088,-21.76878536562,
    49.946913105796));
#6928 = CARTESIAN_POINT('',(19.426964364951,-21.68067785819,
    49.696037565989));
#6929 = CARTESIAN_POINT('',(18.47418206538,-21.55801947987,
    49.244836648861));
#6930 = CARTESIAN_POINT('',(17.966976260878,-21.52363588239,
    49.044676206847));
#6931 = CARTESIAN_POINT('',(17.433591120392,-21.52363588239,
    48.881036366598));
#6932 = CARTESIAN_POINT('',(22.706594538468,-19.42717752924,
    53.422102354014));
#6933 = CARTESIAN_POINT('',(22.031576552294,-19.07931281777,
    52.765006295491));
#6934 = CARTESIAN_POINT('',(21.248991879585,-18.7596890254,
    52.111150210314));
#6935 = CARTESIAN_POINT('',(19.854837789018,-18.40011670305,
    51.217843614636));
#6936 = CARTESIAN_POINT('',(19.353248571274,-18.30077832033,
    50.935306680142));
#6937 = CARTESIAN_POINT('',(18.274202415518,-18.16190374139,
    50.424391170076));
#6938 = CARTESIAN_POINT('',(17.696506100933,-18.12260731121,
    50.19624932039));
#6939 = CARTESIAN_POINT('',(17.087419609985,-18.12260731121,
    50.00938469198));
#6940 = CARTESIAN_POINT('',(20.053044654693,-20.25510962747,
    55.709721521407));
#6941 = CARTESIAN_POINT('',(19.523113054647,-19.98201393681,
    55.193859762449));
#6942 = CARTESIAN_POINT('',(18.9325881942,-19.74493231775,
    54.705704616384));
#6943 = CARTESIAN_POINT('',(17.944293976175,-19.49012725158,
    54.072442546304));
#6944 = CARTESIAN_POINT('',(17.597755223491,-19.42207725465,
    53.877949527112));
#6945 = CARTESIAN_POINT('',(16.869703578321,-19.32842725524,
    53.533220692417));
#6946 = CARTESIAN_POINT('',(16.488154854428,-19.30286349442,
    53.383020766251));
#6947 = CARTESIAN_POINT('',(16.08989109527,-19.30286349442,
    53.260835476525));
#6948 = ADVANCED_FACE('',(#6949),#6961,.F.);
#6949 = FACE_BOUND('',#6950,.F.);
#6950 = EDGE_LOOP('',(#6951,#6952,#6953,#6960));
#6951 = ORIENTED_EDGE('',*,*,#6884,.F.);
#6952 = ORIENTED_EDGE('',*,*,#5576,.T.);
#6953 = ORIENTED_EDGE('',*,*,#6954,.T.);
#6954 = EDGE_CURVE('',#5577,#1615,#6955,.T.);
#6955 = CIRCLE('',#6956,1.8);
#6956 = AXIS2_PLACEMENT_3D('',#6957,#6958,#6959);
#6957 = CARTESIAN_POINT('',(20.143497808594,-21.99839675949,
    55.17533745733));
#6958 = DIRECTION('',(0.697805074136,-0.327909097153,0.636823132835));
#6959 = DIRECTION('',(6.180901093885E-02,0.913309742913,0.40254808367));
#6960 = ORIENTED_EDGE('',*,*,#1614,.T.);
#6961 = ( BOUNDED_SURFACE() B_SPLINE_SURFACE(3,3,(
    (#6962,#6963,#6964,#6965)
    ,(#6966,#6967,#6968,#6969)
    ,(#6970,#6971,#6972,#6973)
    ,(#6974,#6975,#6976,#6977)
    ,(#6978,#6979,#6980,#6981)
    ,(#6982,#6983,#6984,#6985)
    ,(#6986,#6987,#6988,#6989
)),.UNSPECIFIED.,.T.,.F.,.F.) B_SPLINE_SURFACE_WITH_KNOTS((1,3,3,3,1),(4
    ,4),(-0.5,0.,0.5,1.,1.5),(8.966872879503E-02,9.309809220802E-02),
.UNSPECIFIED.) GEOMETRIC_REPRESENTATION_ITEM() RATIONAL_B_SPLINE_SURFACE
((
    (1.,1.,1.,1.)
    ,(0.333333333333,0.333333333333,0.333333333333,0.333333333333)
    ,(0.333333333333,0.333333333333,0.333333333333,0.333333333333)
    ,(1.,1.,1.,1.)
    ,(0.333333333333,0.333333333333,0.333333333333,0.333333333333)
    ,(0.333333333333,0.333333333333,0.333333333333,0.333333333333)
,(1.,1.,1.,1.))) REPRESENTATION_ITEM('') SURFACE() );
#6962 = CARTESIAN_POINT('',(20.254754028284,-20.35443922225,
    55.899924007935));
#6963 = CARTESIAN_POINT('',(20.186183505435,-20.32221690247,
    55.837345937355));
#6964 = CARTESIAN_POINT('',(20.118991517094,-20.28909477562,
    55.77391747506));
#6965 = CARTESIAN_POINT('',(20.053044654693,-20.25510962747,
    55.709721521407));
#6966 = CARTESIAN_POINT('',(17.685736606815,-21.22397849683,
    58.267211683345));
#6967 = CARTESIAN_POINT('',(17.587237971366,-21.17769250692,
    58.177320950342));
#6968 = CARTESIAN_POINT('',(17.491890047483,-21.13065683654,
    58.08728284338));
#6969 = CARTESIAN_POINT('',(17.399494770917,-21.08304172571,
    57.997340688799));
#6970 = CARTESIAN_POINT('',(17.463224167434,-24.51189357132,
    56.818038582133));
#6971 = CARTESIAN_POINT('',(17.355100923739,-24.46108483327,
    56.719364345825));
#6972 = CARTESIAN_POINT('',(17.250353452089,-24.40942008455,
    56.620464070389));
#6973 = CARTESIAN_POINT('',(17.148798719404,-24.35708472682,
    56.521605645964));
#6974 = CARTESIAN_POINT('',(20.032241588903,-23.64235429674,
    54.450750906724));
#6975 = CARTESIAN_POINT('',(19.954046457809,-23.60560922882,
    54.379389332838));
#6976 = CARTESIAN_POINT('',(19.8774549217,-23.56785802363,
    54.307098702069));
#6977 = CARTESIAN_POINT('',(19.802348603179,-23.52915262858,
    54.233986478571));
#6978 = CARTESIAN_POINT('',(22.601259010371,-22.77281502215,
    52.083463231315));
#6979 = CARTESIAN_POINT('',(22.552991991878,-22.75013362437,
    52.039414319851));
#6980 = CARTESIAN_POINT('',(22.504556391312,-22.72629596271,
    51.993733333749));
#6981 = CARTESIAN_POINT('',(22.455898486955,-22.70122053034,
    51.946367311178));
#6982 = CARTESIAN_POINT('',(22.823771449753,-19.48489994766,
    53.532636332526));
#6983 = CARTESIAN_POINT('',(22.785129039505,-19.46674129803,
    53.497370924368));
#6984 = CARTESIAN_POINT('',(22.746092986705,-19.4475327147,
    53.46055210674));
#6985 = CARTESIAN_POINT('',(22.706594538468,-19.42717752924,
    53.422102354014));
#6986 = CARTESIAN_POINT('',(20.254754028284,-20.35443922225,
    55.899924007935));
#6987 = CARTESIAN_POINT('',(20.186183505435,-20.32221690247,
    55.837345937355));
#6988 = CARTESIAN_POINT('',(20.118991517094,-20.28909477562,
    55.77391747506));
#6989 = CARTESIAN_POINT('',(20.053044654693,-20.25510962747,
    55.709721521407));
#6990 = ADVANCED_FACE('',(#6991),#7003,.F.);
#6991 = FACE_BOUND('',#6992,.F.);
#6992 = EDGE_LOOP('',(#6993,#6994,#6995,#7002));
#6993 = ORIENTED_EDGE('',*,*,#6954,.F.);
#6994 = ORIENTED_EDGE('',*,*,#5591,.T.);
#6995 = ORIENTED_EDGE('',*,*,#6996,.T.);
#6996 = EDGE_CURVE('',#5592,#1630,#6997,.T.);
#6997 = CIRCLE('',#6998,1.8);
#6998 = AXIS2_PLACEMENT_3D('',#6999,#7000,#7001);
#6999 = CARTESIAN_POINT('',(20.810684367161,-22.35125572577,
    55.834417045983));
#7000 = DIRECTION('',(0.634047405213,-0.374631749496,0.676487206245));
#7001 = DIRECTION('',(8.225681293674E-02,0.902523385594,0.422711905654)
  );
#7002 = ORIENTED_EDGE('',*,*,#1629,.T.);
#7003 = ( BOUNDED_SURFACE() B_SPLINE_SURFACE(3,3,(
    (#7004,#7005,#7006,#7007)
    ,(#7008,#7009,#7010,#7011)
    ,(#7012,#7013,#7014,#7015)
    ,(#7016,#7017,#7018,#7019)
    ,(#7020,#7021,#7022,#7023)
    ,(#7024,#7025,#7026,#7027)
    ,(#7028,#7029,#7030,#7031
)),.UNSPECIFIED.,.T.,.F.,.F.) B_SPLINE_SURFACE_WITH_KNOTS((1,3,3,3,1),(4
    ,4),(-0.5,0.,0.5,1.,1.5),(7.87593244655E-02,8.966872879503E-02),
.UNSPECIFIED.) GEOMETRIC_REPRESENTATION_ITEM() RATIONAL_B_SPLINE_SURFACE
((
    (1.,1.,1.,1.)
    ,(0.333333333333,0.333333333333,0.333333333333,0.333333333333)
    ,(0.333333333333,0.333333333333,0.333333333333,0.333333333333)
    ,(1.,1.,1.,1.)
    ,(0.333333333333,0.333333333333,0.333333333333,0.333333333333)
    ,(0.333333333333,0.333333333333,0.333333333333,0.333333333333)
,(1.,1.,1.,1.))) REPRESENTATION_ITEM('') SURFACE() );
#7004 = CARTESIAN_POINT('',(20.958746630446,-20.7267136317,
    56.59529847616));
#7005 = CARTESIAN_POINT('',(20.736937579563,-20.59565606076,
    56.358642693141));
#7006 = CARTESIAN_POINT('',(20.502941384981,-20.47106619313,
    56.126422002696));
#7007 = CARTESIAN_POINT('',(20.254754028282,-20.35443922225,
    55.899924007938));
#7008 = CARTESIAN_POINT('',(18.190682062467,-21.49125897098,
    58.766309524425));
#7009 = CARTESIAN_POINT('',(18.027235440071,-21.39468528643,
    58.59192264413));
#7010 = CARTESIAN_POINT('',(17.85947873941,-21.30562253748,
    58.425770302777));
#7011 = CARTESIAN_POINT('',(17.685736606812,-21.22397849683,
    58.267211683347));
#7012 = CARTESIAN_POINT('',(17.894557535895,-24.74034315911,
    57.244546664071));
#7013 = CARTESIAN_POINT('',(17.752703712767,-24.65652774485,
    57.093197891543));
#7014 = CARTESIAN_POINT('',(17.609443693891,-24.58060432549,
    56.951479825791));
#7015 = CARTESIAN_POINT('',(17.463224167431,-24.51189357132,
    56.818038582135));
#7016 = CARTESIAN_POINT('',(20.662622103875,-23.97579781984,
    55.073535615806));
#7017 = CARTESIAN_POINT('',(20.462405852258,-23.85749851918,
    54.859917940555));
#7018 = CARTESIAN_POINT('',(20.252906339462,-23.74604798113,
    54.65213152571));
#7019 = CARTESIAN_POINT('',(20.0322415889,-23.64235429673,
    54.450750906727));
#7020 = CARTESIAN_POINT('',(23.430686671854,-23.21125248056,
    52.902524567541));
#7021 = CARTESIAN_POINT('',(23.17210799175,-23.05846929351,
    52.626637989566));
#7022 = CARTESIAN_POINT('',(22.896368985033,-22.91149163678,
    52.352783225629));
#7023 = CARTESIAN_POINT('',(22.60125901037,-22.77281502215,
    52.083463231318));
#7024 = CARTESIAN_POINT('',(23.726811198426,-19.96216829242,
    54.424287427895));
#7025 = CARTESIAN_POINT('',(23.446639719055,-19.79662683509,
    54.125362742153));
#7026 = CARTESIAN_POINT('',(23.146404030552,-19.63650984877,
    53.827073702615));
#7027 = CARTESIAN_POINT('',(22.823771449751,-19.48489994766,
    53.53263633253));
#7028 = CARTESIAN_POINT('',(20.958746630446,-20.7267136317,
    56.59529847616));
#7029 = CARTESIAN_POINT('',(20.736937579563,-20.59565606076,
    56.358642693141));
#7030 = CARTESIAN_POINT('',(20.502941384981,-20.47106619313,
    56.126422002696));
#7031 = CARTESIAN_POINT('',(20.254754028282,-20.35443922225,
    55.899924007938));
#7032 = ADVANCED_FACE('',(#7033),#7039,.F.);
#7033 = FACE_BOUND('',#7034,.F.);
#7034 = EDGE_LOOP('',(#7035,#7036,#7037,#7038));
#7035 = ORIENTED_EDGE('',*,*,#6996,.F.);
#7036 = ORIENTED_EDGE('',*,*,#5606,.T.);
#7037 = ORIENTED_EDGE('',*,*,#6491,.T.);
#7038 = ORIENTED_EDGE('',*,*,#1644,.T.);
#7039 = ( BOUNDED_SURFACE() B_SPLINE_SURFACE(3,3,(
    (#7040,#7041,#7042,#7043)
    ,(#7044,#7045,#7046,#7047)
    ,(#7048,#7049,#7050,#7051)
    ,(#7052,#7053,#7054,#7055)
    ,(#7056,#7057,#7058,#7059)
    ,(#7060,#7061,#7062,#7063)
    ,(#7064,#7065,#7066,#7067
)),.UNSPECIFIED.,.T.,.F.,.F.) B_SPLINE_SURFACE_WITH_KNOTS((1,3,3,3,1),(4
    ,4),(-0.5,0.,0.5,1.,1.5),(4.928675222137E-02,7.87593244655E-02),
.UNSPECIFIED.) GEOMETRIC_REPRESENTATION_ITEM() RATIONAL_B_SPLINE_SURFACE
((
    (1.,1.,1.,1.)
    ,(0.333333333333,0.333333333333,0.333333333333,0.333333333333)
    ,(0.333333333333,0.333333333333,0.333333333333,0.333333333333)
    ,(1.,1.,1.,1.)
    ,(0.333333333333,0.333333333333,0.333333333333,0.333333333333)
    ,(0.333333333333,0.333333333333,0.333333333333,0.333333333333)
,(1.,1.,1.,1.))) REPRESENTATION_ITEM('') SURFACE() );
#7040 = CARTESIAN_POINT('',(22.518801756964,-21.9357741452,
    58.625524174876));
#7041 = CARTESIAN_POINT('',(22.075032214772,-21.49187551292,
    57.922195628126));
#7042 = CARTESIAN_POINT('',(21.563515468391,-21.08404591622,
    57.240547361732));
#7043 = CARTESIAN_POINT('',(20.95874663044,-20.7267136317,
    56.595298476167));
#7044 = CARTESIAN_POINT('',(19.373066900579,-22.41128233254,
    60.310233104364));
#7045 = CARTESIAN_POINT('',(19.017836789203,-22.0559488867,
    59.747230342251));
#7046 = CARTESIAN_POINT('',(18.628705942048,-21.75006872397,
    59.233652420459));
#7047 = CARTESIAN_POINT('',(18.190682062462,-21.49125897097,
    58.766309524433));
#7048 = CARTESIAN_POINT('',(18.934529071279,-25.55137532735,
    58.605093650762));
#7049 = CARTESIAN_POINT('',(18.614557676378,-25.23131085455,
    58.097972285322));
#7050 = CARTESIAN_POINT('',(18.272223133235,-24.96348976029,
    57.647491211666));
#7051 = CARTESIAN_POINT('',(17.894557535891,-24.74034315911,
    57.24454666408));
#7052 = CARTESIAN_POINT('',(22.080263927664,-25.07586714001,
    56.920384721274));
#7053 = CARTESIAN_POINT('',(21.671753101947,-24.66723748076,
    56.272937571197));
#7054 = CARTESIAN_POINT('',(21.207032659577,-24.29746695254,
    55.654386152939));
#7055 = CARTESIAN_POINT('',(20.662622103869,-23.97579781983,
    55.073535615813));
#7056 = CARTESIAN_POINT('',(25.225998784049,-24.60035895267,
    55.235675791785));
#7057 = CARTESIAN_POINT('',(24.728948527517,-24.10316410698,
    54.447902857073));
#7058 = CARTESIAN_POINT('',(24.14184218592,-23.63144414479,
    53.661281094212));
#7059 = CARTESIAN_POINT('',(23.430686671847,-23.21125248056,
    52.902524567547));
#7060 = CARTESIAN_POINT('',(25.664536613349,-21.46026595786,
    56.940815245387));
#7061 = CARTESIAN_POINT('',(25.132227640342,-20.92780213913,
    56.097160914002));
#7062 = CARTESIAN_POINT('',(24.498324994734,-20.41802310847,
    55.247442303005));
#7063 = CARTESIAN_POINT('',(23.726811198418,-19.96216829242,
    54.4242874279));
#7064 = CARTESIAN_POINT('',(22.518801756964,-21.9357741452,
    58.625524174876));
#7065 = CARTESIAN_POINT('',(22.075032214772,-21.49187551292,
    57.922195628126));
#7066 = CARTESIAN_POINT('',(21.563515468391,-21.08404591622,
    57.240547361732));
#7067 = CARTESIAN_POINT('',(20.95874663044,-20.7267136317,
    56.595298476167));
#7068 = ADVANCED_FACE('',(#7069),#7083,.F.);
#7069 = FACE_BOUND('',#7070,.F.);
#7070 = EDGE_LOOP('',(#7071,#7078,#7079,#7080,#7081,#7082));
#7071 = ORIENTED_EDGE('',*,*,#7072,.F.);
#7072 = EDGE_CURVE('',#6208,#1568,#7073,.T.);
#7073 = CIRCLE('',#7074,1.8);
#7074 = AXIS2_PLACEMENT_3D('',#7075,#7076,#7077);
#7075 = CARTESIAN_POINT('',(-16.26218223172,-21.00337778001,
    52.696417531652));
#7076 = DIRECTION('',(0.956021724884,-1.698641227676E-14,-0.293295860098
    ));
#7077 = DIRECTION('',(9.615673677537E-02,0.944730158661,0.313430708911)
  );
#7078 = ORIENTED_EDGE('',*,*,#6220,.T.);
#7079 = ORIENTED_EDGE('',*,*,#6160,.T.);
#7080 = ORIENTED_EDGE('',*,*,#6102,.T.);
#7081 = ORIENTED_EDGE('',*,*,#6873,.T.);
#7082 = ORIENTED_EDGE('',*,*,#1578,.T.);
#7083 = ( BOUNDED_SURFACE() B_SPLINE_SURFACE(3,3,(
    (#7084,#7085,#7086,#7087,#7088,#7089,#7090,#7091,#7092,#7093,#7094
      ,#7095,#7096,#7097)
    ,(#7098,#7099,#7100,#7101,#7102,#7103,#7104,#7105,#7106,#7107,#7108
      ,#7109,#7110,#7111)
    ,(#7112,#7113,#7114,#7115,#7116,#7117,#7118,#7119,#7120,#7121,#7122
      ,#7123,#7124,#7125)
    ,(#7126,#7127,#7128,#7129,#7130,#7131,#7132,#7133,#7134,#7135,#7136
      ,#7137,#7138,#7139)
    ,(#7140,#7141,#7142,#7143,#7144,#7145,#7146,#7147,#7148,#7149,#7150
      ,#7151,#7152,#7153)
    ,(#7154,#7155,#7156,#7157,#7158,#7159,#7160,#7161,#7162,#7163,#7164
      ,#7165,#7166,#7167)
    ,(#7168,#7169,#7170,#7171,#7172,#7173,#7174,#7175,#7176,#7177,#7178
      ,#7179,#7180,#7181
)),.UNSPECIFIED.,.T.,.F.,.F.) B_SPLINE_SURFACE_WITH_KNOTS((1,3,3,3,1),(4
    ,2,2,2,2,2,4),(-0.5,0.,0.5,1.,1.5),(0.141727785366,0.186817287584,
    0.231906789803,0.322085794233,0.367175296454,0.412264798676,
0.502443803113),.UNSPECIFIED.) GEOMETRIC_REPRESENTATION_ITEM() 
RATIONAL_B_SPLINE_SURFACE((
    (1.,1.,1.,1.,1.,1.,1.,1.,1.,1.,1.,1.,1.,1.)
    ,(0.333333333333,0.333333333333,0.333333333333,0.333333333333
      ,0.333333333333,0.333333333333,0.333333333333,0.333333333333
      ,0.333333333333,0.333333333333,0.333333333333,0.333333333333
      ,0.333333333333,0.333333333333)
    ,(0.333333333333,0.333333333333,0.333333333333,0.333333333333
      ,0.333333333333,0.333333333333,0.333333333333,0.333333333333
      ,0.333333333333,0.333333333333,0.333333333333,0.333333333333
      ,0.333333333333,0.333333333333)
    ,(1.,1.,1.,1.,1.,1.,1.,1.,1.,1.,1.,1.,1.,1.)
    ,(0.333333333333,0.333333333333,0.333333333333,0.333333333333
      ,0.333333333333,0.333333333333,0.333333333333,0.333333333333
      ,0.333333333333,0.333333333333,0.333333333333,0.333333333333
      ,0.333333333333,0.333333333333)
    ,(0.333333333333,0.333333333333,0.333333333333,0.333333333333
      ,0.333333333333,0.333333333333,0.333333333333,0.333333333333
      ,0.333333333333,0.333333333333,0.333333333333,0.333333333333
      ,0.333333333333,0.333333333333)
,(1.,1.,1.,1.,1.,1.,1.,1.,1.,1.,1.,1.,1.,1.
))) REPRESENTATION_ITEM('') SURFACE() );
#7084 = CARTESIAN_POINT('',(16.089891095271,-19.30286349442,
    53.260835476521));
#7085 = CARTESIAN_POINT('',(14.770664595694,-19.30286349442,
    52.856103515961));
#7086 = CARTESIAN_POINT('',(13.449061607511,-19.30286349441,
    52.474616756146));
#7087 = CARTESIAN_POINT('',(10.794779742519,-19.30286349444,
    51.789491410454));
#7088 = CARTESIAN_POINT('',(9.461878807684,-19.30286349442,
    51.48581015285));
#7089 = CARTESIAN_POINT('',(5.438261293673,-19.30286349443,
    50.738267503546));
#7090 = CARTESIAN_POINT('',(2.690282445541,-19.30286349439,
    50.458494110337));
#7091 = CARTESIAN_POINT('',(-1.426356653214,-19.30286349444,
    50.463863062084));
#7092 = CARTESIAN_POINT('',(-2.787175528178,-19.30286349443,
    50.535096468102));
#7093 = CARTESIAN_POINT('',(-5.488360817515,-19.30286349442,
    50.800941442409));
#7094 = CARTESIAN_POINT('',(-6.828880433168,-19.30286349443,
    50.99555014967));
#7095 = CARTESIAN_POINT('',(-10.82543960828,-19.30286349441,
    51.741351517519));
#7096 = CARTESIAN_POINT('',(-13.46097857794,-19.30286349442,
    52.454317025655));
#7097 = CARTESIAN_POINT('',(-16.08910010553,-19.30286349442,
    53.260592807691));
#7098 = CARTESIAN_POINT('',(15.092362580556,-20.48311967763,
    56.512286261067));
#7099 = CARTESIAN_POINT('',(13.809117366221,-20.48311967763,
    56.118593175274));
#7100 = CARTESIAN_POINT('',(12.536484365727,-20.48311967762,
    55.751562406124));
#7101 = CARTESIAN_POINT('',(10.00732490057,-20.48311967765,
    55.098733753713));
#7102 = CARTESIAN_POINT('',(8.749292112113,-20.48311967763,
    54.812647620885));
#7103 = CARTESIAN_POINT('',(4.999707892913,-20.48311967764,
    54.116017218197));
#7104 = CARTESIAN_POINT('',(2.46291429489,-20.4831196776,53.859822080953
    ));
#7105 = CARTESIAN_POINT('',(-1.306018507329,-20.48311967765,
    53.864737594011));
#7106 = CARTESIAN_POINT('',(-2.557783604934,-20.48311967764,
    53.929980396477));
#7107 = CARTESIAN_POINT('',(-5.051527365368,-20.48311967763,
    54.175409411901));
#7108 = CARTESIAN_POINT('',(-6.2945335123,-20.48311967764,
    54.355575070965));
#7109 = CARTESIAN_POINT('',(-10.02243723019,-20.48311967762,
    55.051242419452));
#7110 = CARTESIAN_POINT('',(-12.53534795579,-20.48311967763,
    55.727825210947));
#7111 = CARTESIAN_POINT('',(-15.09159250552,-20.48311967763,
    56.512050008691));
#7112 = CARTESIAN_POINT('',(15.438534090963,-23.88414824882,
    55.383937935685));
#7113 = CARTESIAN_POINT('',(14.142802320429,-23.88414824882,
    54.986414038147));
#7114 = CARTESIAN_POINT('',(12.853175304888,-23.8841482488,
    54.614366618284));
#7115 = CARTESIAN_POINT('',(10.280594714895,-23.88414824883,
    53.950330070652));
#7116 = CARTESIAN_POINT('',(8.996580494412,-23.88414824881,
    53.658137915942));
#7117 = CARTESIAN_POINT('',(5.151898723446,-23.88414824882,
    52.943839477682));
#7118 = CARTESIAN_POINT('',(2.54181767957,-23.88414824878,
    52.679461997406));
#7119 = CARTESIAN_POINT('',(-1.347779356371,-23.88414824883,
    52.684534866914));
#7120 = CARTESIAN_POINT('',(-2.637389297792,-23.88414824882,
    52.751856583672));
#7121 = CARTESIAN_POINT('',(-5.203121323515,-23.88414824881,
    53.004370532722));
#7122 = CARTESIAN_POINT('',(-6.479967490341,-23.88414824882,
    53.189548351077));
#7123 = CARTESIAN_POINT('',(-10.30110249334,-23.8841482488,
    53.90261366759));
#7124 = CARTESIAN_POINT('',(-12.85656879893,-23.88414824881,
    54.591822323696));
#7125 = CARTESIAN_POINT('',(-15.43775675792,-23.88414824882,
    55.383699456613));
#7126 = CARTESIAN_POINT('',(16.436062605678,-22.7038920656,
    52.13248715114));
#7127 = CARTESIAN_POINT('',(15.104349549902,-22.7038920656,
    51.723924378833));
#7128 = CARTESIAN_POINT('',(13.765752546672,-22.70389206559,
    51.337420968307));
#7129 = CARTESIAN_POINT('',(11.068049556844,-22.70389206562,
    50.641087727393));
#7130 = CARTESIAN_POINT('',(9.709167189988,-22.7038920656,50.33130044791
    ));
#7131 = CARTESIAN_POINT('',(5.590452124197,-22.70389206561,
    49.566089763026));
#7132 = CARTESIAN_POINT('',(2.769185830222,-22.70389206557,
    49.278134026785));
#7133 = CARTESIAN_POINT('',(-1.468117502256,-22.70389206562,
    49.28366033499));
#7134 = CARTESIAN_POINT('',(-2.866781221036,-22.70389206561,
    49.356972655294));
#7135 = CARTESIAN_POINT('',(-5.639954775662,-22.7038920656,
    49.629902563233));
#7136 = CARTESIAN_POINT('',(-7.014314411209,-22.70389206561,
    49.829523429779));
#7137 = CARTESIAN_POINT('',(-11.10410487142,-22.70389206559,
    50.592722765662));
#7138 = CARTESIAN_POINT('',(-13.78219942108,-22.7038920656,
    51.318314138405));
#7139 = CARTESIAN_POINT('',(-16.43526435792,-22.7038920656,
    52.132242255613));
#7140 = CARTESIAN_POINT('',(17.433591120393,-21.52363588239,
    48.881036366594));
#7141 = CARTESIAN_POINT('',(16.065896779376,-21.52363588239,
    48.461434719519));
#7142 = CARTESIAN_POINT('',(14.678329788455,-21.52363588238,
    48.060475318329));
#7143 = CARTESIAN_POINT('',(11.855504398793,-21.52363588241,
    47.331845384135));
#7144 = CARTESIAN_POINT('',(10.421753885563,-21.52363588239,
    47.004462979878));
#7145 = CARTESIAN_POINT('',(6.029005524948,-21.52363588239,
    46.18834004837));
#7146 = CARTESIAN_POINT('',(2.996553980873,-21.52363588236,
    45.876806056164));
#7147 = CARTESIAN_POINT('',(-1.588455648141,-21.52363588241,
    45.882785803066));
#7148 = CARTESIAN_POINT('',(-3.096173144279,-21.5236358824,
    45.962088726916));
#7149 = CARTESIAN_POINT('',(-6.076788227809,-21.52363588239,
    46.255434593744));
#7150 = CARTESIAN_POINT('',(-7.548661332077,-21.5236358824,
    46.469498508482));
#7151 = CARTESIAN_POINT('',(-11.90710724951,-21.52363588237,
    47.282831863734));
#7152 = CARTESIAN_POINT('',(-14.70783004324,-21.52363588239,
    48.044805953113));
#7153 = CARTESIAN_POINT('',(-17.43277195792,-21.52363588239,
    48.880785054614));
#7154 = CARTESIAN_POINT('',(17.087419609986,-18.12260731121,
    50.009384691975));
#7155 = CARTESIAN_POINT('',(15.732211825168,-18.12260731121,
    49.593613856647));
#7156 = CARTESIAN_POINT('',(14.361638849294,-18.1226073112,
    49.197671106168));
#7157 = CARTESIAN_POINT('',(11.582234584468,-18.12260731122,
    48.480249067196));
#7158 = CARTESIAN_POINT('',(10.174465503254,-18.12260731121,
    48.158972684816));
#7159 = CARTESIAN_POINT('',(5.876814694434,-18.12260731122,
    47.360517788894));
#7160 = CARTESIAN_POINT('',(2.917650596193,-18.12260731118,
    47.057166139721));
#7161 = CARTESIAN_POINT('',(-1.546694799099,-18.12260731123,
    47.062988530158));
#7162 = CARTESIAN_POINT('',(-3.016567451421,-18.12260731122,
    47.140212539726));
#7163 = CARTESIAN_POINT('',(-5.925194269662,-18.12260731121,
    47.426473472918));
#7164 = CARTESIAN_POINT('',(-7.363227354036,-18.12260731122,
    47.635525228375));
#7165 = CARTESIAN_POINT('',(-11.62844198636,-18.1226073112,
    48.431460615587));
#7166 = CARTESIAN_POINT('',(-14.3866092001,-18.12260731121,
    49.180808840364));
#7167 = CARTESIAN_POINT('',(-17.08660770553,-18.12260731121,
    50.009135606692));
#7168 = CARTESIAN_POINT('',(16.089891095271,-19.30286349442,
    53.260835476521));
#7169 = CARTESIAN_POINT('',(14.770664595694,-19.30286349442,
    52.856103515961));
#7170 = CARTESIAN_POINT('',(13.449061607511,-19.30286349441,
    52.474616756146));
#7171 = CARTESIAN_POINT('',(10.794779742519,-19.30286349444,
    51.789491410454));
#7172 = CARTESIAN_POINT('',(9.461878807684,-19.30286349442,
    51.48581015285));
#7173 = CARTESIAN_POINT('',(5.438261293673,-19.30286349443,
    50.738267503546));
#7174 = CARTESIAN_POINT('',(2.690282445541,-19.30286349439,
    50.458494110337));
#7175 = CARTESIAN_POINT('',(-1.426356653214,-19.30286349444,
    50.463863062084));
#7176 = CARTESIAN_POINT('',(-2.787175528178,-19.30286349443,
    50.535096468102));
#7177 = CARTESIAN_POINT('',(-5.488360817515,-19.30286349442,
    50.800941442409));
#7178 = CARTESIAN_POINT('',(-6.828880433168,-19.30286349443,
    50.99555014967));
#7179 = CARTESIAN_POINT('',(-10.82543960828,-19.30286349441,
    51.741351517519));
#7180 = CARTESIAN_POINT('',(-13.46097857794,-19.30286349442,
    52.454317025655));
#7181 = CARTESIAN_POINT('',(-16.08910010553,-19.30286349442,
    53.260592807691));
#7182 = ADVANCED_FACE('',(#7183),#7195,.F.);
#7183 = FACE_BOUND('',#7184,.F.);
#7184 = EDGE_LOOP('',(#7185,#7186,#7187,#7194));
#7185 = ORIENTED_EDGE('',*,*,#6819,.F.);
#7186 = ORIENTED_EDGE('',*,*,#5865,.T.);
#7187 = ORIENTED_EDGE('',*,*,#7188,.T.);
#7188 = EDGE_CURVE('',#5866,#1542,#7189,.T.);
#7189 = CIRCLE('',#7190,1.8);
#7190 = AXIS2_PLACEMENT_3D('',#7191,#7192,#7193);
#7191 = CARTESIAN_POINT('',(-20.03262552777,-21.94543467065,
    55.072973754326));
#7192 = DIRECTION('',(0.684609705317,0.33747637511,-0.646079908083));
#7193 = DIRECTION('',(-6.582905625377E-02,0.911368281579,0.406293478516)
  );
#7194 = ORIENTED_EDGE('',*,*,#1541,.T.);
#7195 = ( BOUNDED_SURFACE() B_SPLINE_SURFACE(3,3,(
    (#7196,#7197,#7198,#7199,#7200,#7201)
    ,(#7202,#7203,#7204,#7205,#7206,#7207)
    ,(#7208,#7209,#7210,#7211,#7212,#7213)
    ,(#7214,#7215,#7216,#7217,#7218,#7219)
    ,(#7220,#7221,#7222,#7223,#7224,#7225)
    ,(#7226,#7227,#7228,#7229,#7230,#7231)
    ,(#7232,#7233,#7234,#7235,#7236,#7237
)),.UNSPECIFIED.,.T.,.F.,.F.) B_SPLINE_SURFACE_WITH_KNOTS((1,3,3,3,1),(4
    ,2,4),(-0.5,0.,0.5,1.,1.5),(0.552753391528,0.573650925738,
0.594548459948),.UNSPECIFIED.) GEOMETRIC_REPRESENTATION_ITEM() 
RATIONAL_B_SPLINE_SURFACE((
    (1.,1.,1.,1.,1.,1.)
    ,(0.333333333333,0.333333333333,0.333333333333,0.333333333333
      ,0.333333333333,0.333333333333)
    ,(0.333333333333,0.333333333333,0.333333333333,0.333333333333
      ,0.333333333333,0.333333333333)
    ,(1.,1.,1.,1.,1.,1.)
    ,(0.333333333333,0.333333333333,0.333333333333,0.333333333333
      ,0.333333333333,0.333333333333)
    ,(0.333333333333,0.333333333333,0.333333333333,0.333333333333
      ,0.333333333333,0.333333333333)
,(1.,1.,1.,1.,1.,1.))) REPRESENTATION_ITEM('') SURFACE() );
#7196 = CARTESIAN_POINT('',(-20.15111782902,-20.30497176381,
    55.804302015654));
#7197 = CARTESIAN_POINT('',(-20.61602533351,-20.53414657415,
    56.2430445509));
#7198 = CARTESIAN_POINT('',(-21.03304560198,-20.7901453312,
    56.702568856398));
#7199 = CARTESIAN_POINT('',(-21.78811163349,-21.34478919298,
    57.652102142394));
#7200 = CARTESIAN_POINT('',(-22.12620573052,-21.64341760363,
    58.142104573447));
#7201 = CARTESIAN_POINT('',(-22.43399056272,-21.95819536744,
    58.642465701962));
#7202 = CARTESIAN_POINT('',(-17.53776555959,-21.15320962455,
    58.13043237474));
#7203 = CARTESIAN_POINT('',(-17.87063212905,-21.31729523769,
    58.444565231647));
#7204 = CARTESIAN_POINT('',(-18.17692585986,-21.50401450769,
    58.780674343722));
#7205 = CARTESIAN_POINT('',(-18.75109543868,-21.9254186693,
    59.502765172908));
#7206 = CARTESIAN_POINT('',(-19.01868622235,-22.16017144482,
    59.888746140207));
#7207 = CARTESIAN_POINT('',(-19.27092095052,-22.41813699537,
    60.298800308038));
#7208 = CARTESIAN_POINT('',(-17.30078095708,-24.43413543824,
    56.667775852083));
#7209 = CARTESIAN_POINT('',(-17.58733444174,-24.57539115011,
    56.938202122105));
#7210 = CARTESIAN_POINT('',(-17.85392761712,-24.73756098946,
    57.230438276583));
#7211 = CARTESIAN_POINT('',(-18.36198875138,-25.11065839053,
    57.869906794593));
#7212 = CARTESIAN_POINT('',(-18.6030749718,-25.32168722758,
    58.217151510231));
#7213 = CARTESIAN_POINT('',(-18.83392925834,-25.55778656869,
    58.592447818731));
#7214 = CARTESIAN_POINT('',(-19.91413322651,-23.58589757749,
    54.341645492997));
#7215 = CARTESIAN_POINT('',(-20.3327276462,-23.79224248657,
    54.736681441358));
#7216 = CARTESIAN_POINT('',(-20.71004735924,-24.02369181297,
    55.15233278926));
#7217 = CARTESIAN_POINT('',(-21.39900494618,-24.53002891422,
    56.019243764079));
#7218 = CARTESIAN_POINT('',(-21.71059447997,-24.80493338639,
    56.47050994347));
#7219 = CARTESIAN_POINT('',(-21.99699887054,-25.09784494075,
    56.936113212654));
#7220 = CARTESIAN_POINT('',(-22.52748549594,-22.73765971675,
    52.015515133911));
#7221 = CARTESIAN_POINT('',(-23.07812085066,-23.00909382303,
    52.535160760611));
#7222 = CARTESIAN_POINT('',(-23.56616710137,-23.30982263647,
    53.074227301936));
#7223 = CARTESIAN_POINT('',(-24.43602114099,-23.9493994379,
    54.168580733566));
#7224 = CARTESIAN_POINT('',(-24.81811398814,-24.28817954519,
    54.72386837671));
#7225 = CARTESIAN_POINT('',(-25.16006848274,-24.63790331282,
    55.279778606578));
#7226 = CARTESIAN_POINT('',(-22.76447009846,-19.45673390306,
    53.478171656568));
#7227 = CARTESIAN_POINT('',(-23.36141853797,-19.75099791061,
    54.041523870153));
#7228 = CARTESIAN_POINT('',(-23.8891653441,-20.0762761547,
    54.624463369074));
#7229 = CARTESIAN_POINT('',(-24.8251278283,-20.76415971666,
    55.80143911188));
#7230 = CARTESIAN_POINT('',(-25.23372523869,-21.12666376243,
    56.395463006686));
#7231 = CARTESIAN_POINT('',(-25.59706017492,-21.49825373951,
    56.986131095885));
#7232 = CARTESIAN_POINT('',(-20.15111782902,-20.30497176381,
    55.804302015654));
#7233 = CARTESIAN_POINT('',(-20.61602533351,-20.53414657415,
    56.2430445509));
#7234 = CARTESIAN_POINT('',(-21.03304560198,-20.7901453312,
    56.702568856398));
#7235 = CARTESIAN_POINT('',(-21.78811163349,-21.34478919298,
    57.652102142394));
#7236 = CARTESIAN_POINT('',(-22.12620573052,-21.64341760363,
    58.142104573447));
#7237 = CARTESIAN_POINT('',(-22.43399056272,-21.95819536744,
    58.642465701962));
#7238 = ADVANCED_FACE('',(#7239),#7251,.F.);
#7239 = FACE_BOUND('',#7240,.F.);
#7240 = EDGE_LOOP('',(#7241,#7242,#7243,#7250));
#7241 = ORIENTED_EDGE('',*,*,#7188,.F.);
#7242 = ORIENTED_EDGE('',*,*,#5876,.T.);
#7243 = ORIENTED_EDGE('',*,*,#7244,.T.);
#7244 = EDGE_CURVE('',#5877,#1553,#7245,.T.);
#7245 = CIRCLE('',#7246,1.8);
#7246 = AXIS2_PLACEMENT_3D('',#7247,#7248,#7249);
#7247 = CARTESIAN_POINT('',(-19.92733790843,-21.89235578135,
    54.972043077338));
#7248 = DIRECTION('',(0.672141636259,0.346434553873,-0.654376589351));
#7249 = DIRECTION('',(-6.963714579059E-02,0.909448168984,0.409944747324)
  );
#7250 = ORIENTED_EDGE('',*,*,#1552,.T.);
#7251 = ( BOUNDED_SURFACE() B_SPLINE_SURFACE(3,3,(
    (#7252,#7253,#7254,#7255)
    ,(#7256,#7257,#7258,#7259)
    ,(#7260,#7261,#7262,#7263)
    ,(#7264,#7265,#7266,#7267)
    ,(#7268,#7269,#7270,#7271)
    ,(#7272,#7273,#7274,#7275)
    ,(#7276,#7277,#7278,#7279
)),.UNSPECIFIED.,.T.,.F.,.F.) B_SPLINE_SURFACE_WITH_KNOTS((1,3,3,3,1),(4
    ,4),(-0.5,0.,0.5,1.,1.5),(0.551064087889,0.552753391528),
.UNSPECIFIED.) GEOMETRIC_REPRESENTATION_ITEM() RATIONAL_B_SPLINE_SURFACE
((
    (1.,1.,1.,1.)
    ,(0.333333333333,0.333333333333,0.333333333333,0.333333333333)
    ,(0.333333333333,0.333333333333,0.333333333333,0.333333333333)
    ,(1.,1.,1.,1.)
    ,(0.333333333333,0.333333333333,0.333333333333,0.333333333333)
    ,(0.333333333333,0.333333333333,0.333333333333,0.333333333333)
,(1.,1.,1.,1.))) REPRESENTATION_ITEM('') SURFACE() );
#7252 = CARTESIAN_POINT('',(-20.05268477085,-20.25534907718,
    55.709943622521));
#7253 = CARTESIAN_POINT('',(-20.08523233148,-20.27212470755,
    55.741630934486));
#7254 = CARTESIAN_POINT('',(-20.11804060358,-20.28866644115,
    55.773086374672));
#7255 = CARTESIAN_POINT('',(-20.15111782902,-20.30497176381,
    55.804302015655));
#7256 = CARTESIAN_POINT('',(-17.39897855087,-21.08324833221,
    57.997393320661));
#7257 = CARTESIAN_POINT('',(-17.4445927217,-21.10675874144,
    58.041801885655));
#7258 = CARTESIAN_POINT('',(-17.49084872547,-21.1300821068,
    58.086156017505));
#7259 = CARTESIAN_POINT('',(-17.53776555959,-21.15320962455,
    58.13043237474));
#7260 = CARTESIAN_POINT('',(-17.14828482602,-24.35726174056,
    56.521592230295));
#7261 = CARTESIAN_POINT('',(-17.19842354613,-24.38310418833,
    56.570405758415));
#7262 = CARTESIAN_POINT('',(-17.24924818239,-24.40873250593,
    56.61914333917));
#7263 = CARTESIAN_POINT('',(-17.30078095708,-24.43413543824,
    56.667775852083));
#7264 = CARTESIAN_POINT('',(-19.80199104601,-23.52936248552,
    54.234142532155));
#7265 = CARTESIAN_POINT('',(-19.83906315591,-23.54847015444,
    54.270234807245));
#7266 = CARTESIAN_POINT('',(-19.8764400605,-23.56731684027,
    54.306073696336));
#7267 = CARTESIAN_POINT('',(-19.91413322651,-23.58589757749,
    54.341645492998));
#7268 = CARTESIAN_POINT('',(-22.45569726599,-22.70146323048,
    51.946692834014));
#7269 = CARTESIAN_POINT('',(-22.47970276568,-22.71383612055,
    51.970063856076));
#7270 = CARTESIAN_POINT('',(-22.50363193861,-22.72590117462,
    51.993004053503));
#7271 = CARTESIAN_POINT('',(-22.52748549594,-22.73765971675,
    52.015515133913));
#7272 = CARTESIAN_POINT('',(-22.70639099084,-19.42744982214,
    53.42249392438));
#7273 = CARTESIAN_POINT('',(-22.72587194125,-19.43749067366,
    53.441459983317));
#7274 = CARTESIAN_POINT('',(-22.74523248169,-19.44725077549,
    53.460016731838));
#7275 = CARTESIAN_POINT('',(-22.76447009846,-19.45673390306,
    53.47817165657));
#7276 = CARTESIAN_POINT('',(-20.05268477085,-20.25534907718,
    55.709943622521));
#7277 = CARTESIAN_POINT('',(-20.08523233148,-20.27212470755,
    55.741630934486));
#7278 = CARTESIAN_POINT('',(-20.11804060358,-20.28866644115,
    55.773086374672));
#7279 = CARTESIAN_POINT('',(-20.15111782902,-20.30497176381,
    55.804302015655));
#7280 = ADVANCED_FACE('',(#7281),#7289,.F.);
#7281 = FACE_BOUND('',#7282,.F.);
#7282 = EDGE_LOOP('',(#7283,#7284,#7285,#7286,#7287,#7288));
#7283 = ORIENTED_EDGE('',*,*,#7244,.F.);
#7284 = ORIENTED_EDGE('',*,*,#5891,.T.);
#7285 = ORIENTED_EDGE('',*,*,#6235,.T.);
#7286 = ORIENTED_EDGE('',*,*,#6207,.T.);
#7287 = ORIENTED_EDGE('',*,*,#7072,.T.);
#7288 = ORIENTED_EDGE('',*,*,#1567,.T.);
#7289 = ( BOUNDED_SURFACE() B_SPLINE_SURFACE(3,3,(
    (#7290,#7291,#7292,#7293,#7294,#7295,#7296,#7297)
    ,(#7298,#7299,#7300,#7301,#7302,#7303,#7304,#7305)
    ,(#7306,#7307,#7308,#7309,#7310,#7311,#7312,#7313)
    ,(#7314,#7315,#7316,#7317,#7318,#7319,#7320,#7321)
    ,(#7322,#7323,#7324,#7325,#7326,#7327,#7328,#7329)
    ,(#7330,#7331,#7332,#7333,#7334,#7335,#7336,#7337)
    ,(#7338,#7339,#7340,#7341,#7342,#7343,#7344,#7345
)),.UNSPECIFIED.,.T.,.F.,.F.) B_SPLINE_SURFACE_WITH_KNOTS((1,3,3,3,1),(4
    ,2,2,4),(-0.5,0.,0.5,1.,1.5),(0.502443803113,0.514598874307,
    0.526753945501,0.551064087889),.UNSPECIFIED.) 
GEOMETRIC_REPRESENTATION_ITEM() RATIONAL_B_SPLINE_SURFACE((
    (1.,1.,1.,1.,1.,1.,1.,1.)
    ,(0.333333333333,0.333333333333,0.333333333333,0.333333333333
      ,0.333333333333,0.333333333333,0.333333333333,0.333333333333)
    ,(0.333333333333,0.333333333333,0.333333333333,0.333333333333
      ,0.333333333333,0.333333333333,0.333333333333,0.333333333333)
    ,(1.,1.,1.,1.,1.,1.,1.,1.)
    ,(0.333333333333,0.333333333333,0.333333333333,0.333333333333
      ,0.333333333333,0.333333333333,0.333333333333,0.333333333333)
    ,(0.333333333333,0.333333333333,0.333333333333,0.333333333333
      ,0.333333333333,0.333333333333,0.333333333333,0.333333333333)
,(1.,1.,1.,1.,1.,1.,1.,1.))) REPRESENTATION_ITEM('') SURFACE() );
#7290 = CARTESIAN_POINT('',(-16.08910010553,-19.30286349442,
    53.260592807692));
#7291 = CARTESIAN_POINT('',(-16.48731610511,-19.30286349442,
    53.382760642442));
#7292 = CARTESIAN_POINT('',(-16.86943387764,-19.32934129621,
    53.534791935221));
#7293 = CARTESIAN_POINT('',(-17.59929488976,-19.42493740605,
    53.883488312079));
#7294 = CARTESIAN_POINT('',(-17.94737609946,-19.49409538618,
    54.080308316685));
#7295 = CARTESIAN_POINT('',(-18.93883477344,-19.75007125634,
    54.715712027691));
#7296 = CARTESIAN_POINT('',(-19.52361458591,-19.98265626423,
    55.194857032915));
#7297 = CARTESIAN_POINT('',(-20.05268477085,-20.25534907718,
    55.70994362252));
#7298 = CARTESIAN_POINT('',(-15.09159250552,-20.48311967763,
    56.512050008691));
#7299 = CARTESIAN_POINT('',(-15.26839621039,-20.48311967763,
    56.566291239132));
#7300 = CARTESIAN_POINT('',(-15.45086961177,-20.49459580955,
    56.637660944718));
#7301 = CARTESIAN_POINT('',(-15.83168280626,-20.5441032868,
    56.819634432034));
#7302 = CARTESIAN_POINT('',(-16.02952311384,-20.58224993487,
    56.930234080077));
#7303 = CARTESIAN_POINT('',(-16.63609225035,-20.73885457097,
    57.318970767907));
#7304 = CARTESIAN_POINT('',(-17.02023661467,-20.8880375513,
    57.628661727378));
#7305 = CARTESIAN_POINT('',(-17.39897855087,-21.08324833221,
    57.997393320661));
#7306 = CARTESIAN_POINT('',(-15.43775675791,-23.88414824882,
    55.383699456613));
#7307 = CARTESIAN_POINT('',(-15.53690406405,-23.88414824882,
    55.414116646593));
#7308 = CARTESIAN_POINT('',(-15.64841674492,-23.89049465654,
    55.45708068468));
#7309 = CARTESIAN_POINT('',(-15.90333191749,-23.92363616917,
    55.579252432374));
#7310 = CARTESIAN_POINT('',(-16.04556115025,-23.95046803832,
    55.65814766539));
#7311 = CARTESIAN_POINT('',(-16.50917936764,-24.0701655745,
    55.955270507403));
#7312 = CARTESIAN_POINT('',(-16.82213807737,-24.18915951735,
    56.204065706872));
#7313 = CARTESIAN_POINT('',(-17.14828482602,-24.35726174056,
    56.521592230295));
#7314 = CARTESIAN_POINT('',(-16.43526435792,-22.7038920656,
    52.132242255613));
#7315 = CARTESIAN_POINT('',(-16.75582395878,-22.7038920656,
    52.230586049903));
#7316 = CARTESIAN_POINT('',(-17.06698101079,-22.7252401432,
    52.354211675182));
#7317 = CARTESIAN_POINT('',(-17.67094400099,-22.80447028841,
    52.643106312419));
#7318 = CARTESIAN_POINT('',(-17.96341413586,-22.86231348962,
    52.808221901997));
#7319 = CARTESIAN_POINT('',(-18.81192189073,-23.08138225988,
    53.352011767189));
#7320 = CARTESIAN_POINT('',(-19.3255160486,-23.28377823028,
    53.770261012409));
#7321 = CARTESIAN_POINT('',(-19.80199104601,-23.52936248552,
    54.234142532154));
#7322 = CARTESIAN_POINT('',(-17.43277195792,-21.52363588239,
    48.880785054614));
#7323 = CARTESIAN_POINT('',(-17.97474385351,-21.52363588239,
    49.047055453213));
#7324 = CARTESIAN_POINT('',(-18.48554527666,-21.55998562985,
    49.251342665683));
#7325 = CARTESIAN_POINT('',(-19.43855608448,-21.68530440766,
    49.706960192465));
#7326 = CARTESIAN_POINT('',(-19.88126712148,-21.77415894093,
    49.958296138605));
#7327 = CARTESIAN_POINT('',(-21.11466441382,-22.09259894525,
    50.748753026974));
#7328 = CARTESIAN_POINT('',(-21.82889401983,-22.37839694321,
    51.336456317946));
#7329 = CARTESIAN_POINT('',(-22.45569726599,-22.70146323049,
    51.946692834013));
#7330 = CARTESIAN_POINT('',(-17.08660770553,-18.12260731121,
    50.009135606692));
#7331 = CARTESIAN_POINT('',(-17.70623599984,-18.12260731121,
    50.199230045752));
#7332 = CARTESIAN_POINT('',(-18.28799814351,-18.16408678287,
    50.431922925723));
#7333 = CARTESIAN_POINT('',(-19.36690697326,-18.3057715253,
    50.947342192124));
#7334 = CARTESIAN_POINT('',(-19.86522908508,-18.40594083749,
    51.230382553293));
#7335 = CARTESIAN_POINT('',(-21.24157729653,-18.76128794172,
    52.112453287475));
#7336 = CARTESIAN_POINT('',(-22.02699255714,-19.07727497717,
    52.761052338452));
#7337 = CARTESIAN_POINT('',(-22.70639099084,-19.42744982214,
    53.422493924379));
#7338 = CARTESIAN_POINT('',(-16.08910010553,-19.30286349442,
    53.260592807692));
#7339 = CARTESIAN_POINT('',(-16.48731610511,-19.30286349442,
    53.382760642442));
#7340 = CARTESIAN_POINT('',(-16.86943387764,-19.32934129621,
    53.534791935221));
#7341 = CARTESIAN_POINT('',(-17.59929488976,-19.42493740605,
    53.883488312079));
#7342 = CARTESIAN_POINT('',(-17.94737609946,-19.49409538618,
    54.080308316685));
#7343 = CARTESIAN_POINT('',(-18.93883477344,-19.75007125634,
    54.715712027691));
#7344 = CARTESIAN_POINT('',(-19.52361458591,-19.98265626423,
    55.194857032915));
#7345 = CARTESIAN_POINT('',(-20.05268477085,-20.25534907718,
    55.70994362252));
#7346 = ADVANCED_FACE('',(#7347),#7375,.T.);
#7347 = FACE_BOUND('',#7348,.T.);
#7348 = EDGE_LOOP('',(#7349,#7350,#7359,#7368));
#7349 = ORIENTED_EDGE('',*,*,#3806,.F.);
#7350 = ORIENTED_EDGE('',*,*,#7351,.T.);
#7351 = EDGE_CURVE('',#3799,#7352,#7354,.T.);
#7352 = VERTEX_POINT('',#7353);
#7353 = CARTESIAN_POINT('',(24.170241837532,-52.3209337839,
    52.748528955813));
#7354 = CIRCLE('',#7355,0.2);
#7355 = AXIS2_PLACEMENT_3D('',#7356,#7357,#7358);
#7356 = CARTESIAN_POINT('',(24.295460801293,-52.36054302737,
    52.899364359304));
#7357 = DIRECTION('',(0.,0.967207418928,0.253987812248));
#7358 = DIRECTION('',(0.,-0.253987812248,0.967207418928));
#7359 = ORIENTED_EDGE('',*,*,#7360,.F.);
#7360 = EDGE_CURVE('',#7361,#7352,#7363,.T.);
#7361 = VERTEX_POINT('',#7362);
#7362 = CARTESIAN_POINT('',(24.171610321162,-51.91368236608,
    52.857661699116));
#7363 = B_SPLINE_CURVE_WITH_KNOTS('',3,(#7364,#7365,#7366,#7367),
  .UNSPECIFIED.,.F.,.F.,(4,4),(0.,4.21622704446E-04),
  .PIECEWISE_BEZIER_KNOTS.);
#7364 = CARTESIAN_POINT('',(24.171610321162,-51.91368236608,
    52.857661699116));
#7365 = CARTESIAN_POINT('',(24.17114590396,-52.04915846996,
    52.820261662474));
#7366 = CARTESIAN_POINT('',(24.17068963643,-52.18490985229,
    52.78387697085));
#7367 = CARTESIAN_POINT('',(24.170241837532,-52.3209337839,
    52.748528955813));
#7368 = ORIENTED_EDGE('',*,*,#7369,.F.);
#7369 = EDGE_CURVE('',#3807,#7361,#7370,.T.);
#7370 = CIRCLE('',#7371,0.2);
#7371 = AXIS2_PLACEMENT_3D('',#7372,#7373,#7374);
#7372 = CARTESIAN_POINT('',(24.295460801293,-51.95586615216,
    53.008928307341));
#7373 = DIRECTION('',(0.,0.96324599441,0.268620837338));
#7374 = DIRECTION('',(0.,-0.268620837338,0.96324599441));
#7375 = ( BOUNDED_SURFACE() B_SPLINE_SURFACE(3,2,(
    (#7376,#7377,#7378)
    ,(#7379,#7380,#7381)
    ,(#7382,#7383,#7384)
    ,(#7385,#7386,#7387
)),.UNSPECIFIED.,.F.,.F.,.F.) B_SPLINE_SURFACE_WITH_KNOTS((4,4),(3,3),(
    -2.341876692569E-17,4.191747936668E-04),(0.,1.),
.PIECEWISE_BEZIER_KNOTS.) GEOMETRIC_REPRESENTATION_ITEM() 
RATIONAL_B_SPLINE_SURFACE((
    (1.,0.4363184613,1.)
    ,(1.,0.434987817993,1.)
    ,(1.,0.43367460578,1.)
,(1.,0.432380145932,1.))) REPRESENTATION_ITEM('') SURFACE() );
#7376 = CARTESIAN_POINT('',(24.495460801293,-51.95586615216,
    53.008928307341));
#7377 = CARTESIAN_POINT('',(24.495460801293,-51.84507415729,
    52.611639897681));
#7378 = CARTESIAN_POINT('',(24.171610321162,-51.91368236608,
    52.857661699116));
#7379 = CARTESIAN_POINT('',(24.495460801293,-52.09050131628,
    52.971382539382));
#7380 = CARTESIAN_POINT('',(24.495460801296,-51.98169725283,
    52.571921929984));
#7381 = CARTESIAN_POINT('',(24.171145853889,-52.04917308584,
    52.820257627533));
#7382 = CARTESIAN_POINT('',(24.495460801293,-52.22539202151,
    52.934854893905));
#7383 = CARTESIAN_POINT('',(24.495460801293,-52.1181985161,
    52.533363277835));
#7384 = CARTESIAN_POINT('',(24.17068959656,-52.18492195392,
    52.783873826072));
#7385 = CARTESIAN_POINT('',(24.495460801293,-52.36054302737,
    52.899364359304));
#7386 = CARTESIAN_POINT('',(24.495460801293,-52.25460910224,
    52.495958867543));
#7387 = CARTESIAN_POINT('',(24.170241837532,-52.3209337839,
    52.748528955813));
#7388 = ADVANCED_FACE('',(#7389),#7443,.T.);
#7389 = FACE_BOUND('',#7390,.T.);
#7390 = EDGE_LOOP('',(#7391,#7392,#7401,#7410,#7421,#7430));
#7391 = ORIENTED_EDGE('',*,*,#7360,.T.);
#7392 = ORIENTED_EDGE('',*,*,#7393,.T.);
#7393 = EDGE_CURVE('',#7352,#7394,#7396,.T.);
#7394 = VERTEX_POINT('',#7395);
#7395 = CARTESIAN_POINT('',(24.169070177026,-52.50168071521,
    52.702697648824));
#7396 = B_SPLINE_CURVE_WITH_KNOTS('',3,(#7397,#7398,#7399,#7400),
  .UNSPECIFIED.,.F.,.F.,(4,4),(0.,1.864707340779E-04),
  .PIECEWISE_BEZIER_KNOTS.);
#7397 = CARTESIAN_POINT('',(24.170241837532,-52.3209337839,
    52.748528955813));
#7398 = CARTESIAN_POINT('',(24.170043792118,-52.38109229689,
    52.73289579482));
#7399 = CARTESIAN_POINT('',(24.169644344235,-52.44134517602,
    52.7176232869));
#7400 = CARTESIAN_POINT('',(24.169070177026,-52.50168071521,
    52.702697648824));
#7401 = ORIENTED_EDGE('',*,*,#7402,.T.);
#7402 = EDGE_CURVE('',#7394,#7403,#7405,.T.);
#7403 = VERTEX_POINT('',#7404);
#7404 = CARTESIAN_POINT('',(24.022760868251,-53.29723973324,
    52.636326526492));
#7405 = B_SPLINE_CURVE_WITH_KNOTS('',3,(#7406,#7407,#7408,#7409),
  .UNSPECIFIED.,.F.,.F.,(4,4),(0.,8.116191784784E-04),
  .PIECEWISE_BEZIER_KNOTS.);
#7406 = CARTESIAN_POINT('',(24.169070177026,-52.50168071521,
    52.702697648824));
#7407 = CARTESIAN_POINT('',(24.116880072544,-52.76608763637,
    52.678771254735));
#7408 = CARTESIAN_POINT('',(24.068110486616,-53.03127392088,
    52.656646485193));
#7409 = CARTESIAN_POINT('',(24.022760868251,-53.29723973324,
    52.636326526492));
#7410 = ORIENTED_EDGE('',*,*,#7411,.T.);
#7411 = EDGE_CURVE('',#7403,#7412,#7414,.T.);
#7412 = VERTEX_POINT('',#7413);
#7413 = CARTESIAN_POINT('',(19.700025815597,-53.13114170581,
    55.361355058837));
#7414 = B_SPLINE_CURVE_WITH_KNOTS('',3,(#7415,#7416,#7417,#7418,#7419,
    #7420),.UNSPECIFIED.,.F.,.F.,(4,2,4),(6.285010420251E-04,
    3.194116205279E-03,5.759731368533E-03),.UNSPECIFIED.);
#7415 = CARTESIAN_POINT('',(24.022760868251,-53.29723973324,
    52.636326526492));
#7416 = CARTESIAN_POINT('',(23.370131387357,-53.27184997588,
    53.188979879925));
#7417 = CARTESIAN_POINT('',(22.676738117381,-53.24475791336,
    53.695426848809));
#7418 = CARTESIAN_POINT('',(21.231742977556,-53.1893435935,
    54.604771299591));
#7419 = CARTESIAN_POINT('',(20.48021823195,-53.16050758919,
    55.008299044142));
#7420 = CARTESIAN_POINT('',(19.700025815597,-53.13114170581,
    55.361355058837));
#7421 = ORIENTED_EDGE('',*,*,#7422,.T.);
#7422 = EDGE_CURVE('',#7412,#7423,#7425,.T.);
#7423 = VERTEX_POINT('',#7424);
#7424 = CARTESIAN_POINT('',(19.56458090135,-53.00806769918,
    55.439342084155));
#7425 = B_SPLINE_CURVE_WITH_KNOTS('',3,(#7426,#7427,#7428,#7429),
  .UNSPECIFIED.,.F.,.F.,(4,4),(0.,1.989334361557E-04),
  .PIECEWISE_BEZIER_KNOTS.);
#7426 = CARTESIAN_POINT('',(19.700025815597,-53.13114170581,
    55.361355058837));
#7427 = CARTESIAN_POINT('',(19.655259523988,-53.08974970643,
    55.387428983084));
#7428 = CARTESIAN_POINT('',(19.610106929638,-53.04872638321,
    55.413430307607));
#7429 = CARTESIAN_POINT('',(19.56458090135,-53.00806769918,
    55.439342084155));
#7430 = ORIENTED_EDGE('',*,*,#7431,.F.);
#7431 = EDGE_CURVE('',#7361,#7423,#7432,.T.);
#7432 = B_SPLINE_CURVE_WITH_KNOTS('',3,(#7433,#7434,#7435,#7436,#7437,
    #7438,#7439,#7440,#7441,#7442),.UNSPECIFIED.,.F.,.F.,(4,2,2,2,4),(
    1.5159428258E-02,1.584195812208E-02,1.652448798615E-02,
    1.788954771431E-02,2.061966717061E-02),.UNSPECIFIED.);
#7433 = CARTESIAN_POINT('',(24.171610321162,-51.91368236608,
    52.857661699116));
#7434 = CARTESIAN_POINT('',(23.992722979063,-51.95036158403,
    52.993898077832));
#7435 = CARTESIAN_POINT('',(23.810988476532,-51.98484663072,
    53.127851075751));
#7436 = CARTESIAN_POINT('',(23.445794787295,-52.0724265174,
    53.382623399639));
#7437 = CARTESIAN_POINT('',(23.261552925414,-52.11673338898,
    53.506444230795));
#7438 = CARTESIAN_POINT('',(22.704017788731,-52.25086849941,
    53.867626701469));
#7439 = CARTESIAN_POINT('',(22.325927085854,-52.34197659364,
    54.09470104769));
#7440 = CARTESIAN_POINT('',(21.173347202349,-52.62005878908,
    54.736727298779));
#7441 = CARTESIAN_POINT('',(20.380409741678,-52.81000486197,
    55.113065439112));
#7442 = CARTESIAN_POINT('',(19.56458090135,-53.00806769918,
    55.439342084155));
#7443 = ( BOUNDED_SURFACE() B_SPLINE_SURFACE(3,2,(
    (#7444,#7445,#7446)
    ,(#7447,#7448,#7449)
    ,(#7450,#7451,#7452)
    ,(#7453,#7454,#7455)
    ,(#7456,#7457,#7458)
    ,(#7459,#7460,#7461)
    ,(#7462,#7463,#7464)
    ,(#7465,#7466,#7467)
    ,(#7468,#7469,#7470)
    ,(#7471,#7472,#7473)
    ,(#7474,#7475,#7476)
    ,(#7477,#7478,#7479)
    ,(#7480,#7481,#7482)
    ,(#7483,#7484,#7485
)),.UNSPECIFIED.,.F.,.F.,.F.) B_SPLINE_SURFACE_WITH_KNOTS((4,2,2,2,2,2,4
    ),(3,3),(2.052338583538E-02,2.401091355727E-02,2.749844127916E-02,
    3.098596900106E-02,3.185785093153E-02,3.272973286201E-02,
    3.447349672295E-02),(0.,0.224337479623),.UNSPECIFIED.) 
GEOMETRIC_REPRESENTATION_ITEM() RATIONAL_B_SPLINE_SURFACE((
    (1.,0.999482942437,0.999197875656)
    ,(1.,0.999427935921,0.99911254267)
    ,(1.,0.999369507679,0.999021901474)
    ,(1.,0.999246846787,0.998831614561)
    ,(1.,0.999182672784,0.998732059824)
    ,(1.,0.999049269944,0.998525108657)
    ,(1.,0.998980067018,0.998417752426)
    ,(1.,0.998891131702,0.998279784843)
    ,(1.,0.998873193511,0.998251956878)
    ,(1.,0.998837108973,0.998195978031)
    ,(1.,0.998818125333,0.998166528234)
    ,(1.,0.998767616823,0.998088173118)
    ,(1.,0.998733778786,0.998035679323)
,(1.,0.998699959925,0.997983215277
  ))) REPRESENTATION_ITEM('') SURFACE() );
#7444 = CARTESIAN_POINT('',(19.533820093271,-53.01553637368,
    55.451616274462));
#7445 = CARTESIAN_POINT('',(19.469836992929,-53.46625421677,
    55.412545683454));
#7446 = CARTESIAN_POINT('',(19.411374005183,-53.91863874743,
    55.386140423081));
#7447 = CARTESIAN_POINT('',(19.966398777165,-52.91049699246,
    55.279402853229));
#7448 = CARTESIAN_POINT('',(19.897095631162,-53.38476957859,
    55.236643758851));
#7449 = CARTESIAN_POINT('',(19.834181731016,-53.86097815637,
    55.207761972269));
#7450 = CARTESIAN_POINT('',(20.390501737244,-52.80806394895,
    55.093946429823));
#7451 = CARTESIAN_POINT('',(20.315418029947,-53.30537035033,
    55.047475936788));
#7452 = CARTESIAN_POINT('',(20.247728307407,-53.80491672614,
    55.016119850109));
#7453 = CARTESIAN_POINT('',(21.222081862265,-52.60795308779,
    54.696679021952));
#7454 = CARTESIAN_POINT('',(21.134957285249,-53.1502828162,
    54.642704473862));
#7455 = CARTESIAN_POINT('',(21.057496069129,-53.69553712168,
    54.606310050196));
#7456 = CARTESIAN_POINT('',(21.629624868275,-52.50996798524,
    54.484886522705));
#7457 = CARTESIAN_POINT('',(21.536425431771,-53.07428482265,
    54.426996220805));
#7458 = CARTESIAN_POINT('',(21.454151818331,-53.641907447,
    54.387915704494));
#7459 = CARTESIAN_POINT('',(22.428312408368,-52.31728006315,
    54.034779385845));
#7460 = CARTESIAN_POINT('',(22.321757632921,-52.92450820854,
    53.969532499139));
#7461 = CARTESIAN_POINT('',(22.228917313226,-53.53588308495,
    53.925487648521));
#7462 = CARTESIAN_POINT('',(22.819306180938,-52.22312874189,
    53.796444066135));
#7463 = CARTESIAN_POINT('',(22.70561146892,-52.85128312854,
    53.727689371882));
#7464 = CARTESIAN_POINT('',(22.607156260094,-53.4840442046,
    53.681301182159));
#7465 = CARTESIAN_POINT('',(23.297378123517,-52.10811646739,
    53.481498940633));
#7466 = CARTESIAN_POINT('',(23.174456619045,-52.76175965799,
    53.408524777536));
#7467 = CARTESIAN_POINT('',(23.068850604062,-53.42062744737,
    53.359280558934));
#7468 = CARTESIAN_POINT('',(23.392459878273,-52.08524238342,
    53.417657772327));
#7469 = CARTESIAN_POINT('',(23.267595854942,-52.74394839125,
    53.343907633122));
#7470 = CARTESIAN_POINT('',(23.160468553685,-53.40800594261,
    53.294158039702));
#7471 = CARTESIAN_POINT('',(23.581515517612,-52.0398713366,
    53.288250124886));
#7472 = CARTESIAN_POINT('',(23.452802004406,-52.70863565902,
    53.212922188761));
#7473 = CARTESIAN_POINT('',(23.342682843793,-53.38300998951,
    53.162126230024));
#7474 = CARTESIAN_POINT('',(23.67620658765,-52.01527774434,
    53.222685304292));
#7475 = CARTESIAN_POINT('',(23.545475476762,-52.68925953268,
    53.146516095742));
#7476 = CARTESIAN_POINT('',(23.433788182098,-53.36898892068,
    53.095157160057));
#7477 = CARTESIAN_POINT('',(23.952950867998,-51.95850796953,
    53.023385763376));
#7478 = CARTESIAN_POINT('',(23.817043619889,-52.6462479661,
    52.945007952713));
#7479 = CARTESIAN_POINT('',(23.701444145805,-53.34010667971,
    52.892120302171));
#7480 = CARTESIAN_POINT('',(24.135071888726,-51.92116479309,
    52.887146808381));
#7481 = CARTESIAN_POINT('',(23.995720985394,-52.61791206243,
    52.807308903376));
#7482 = CARTESIAN_POINT('',(23.877546230467,-53.32103148428,
    52.753389344569));
#7483 = CARTESIAN_POINT('',(24.313912857381,-51.88450867707,
    52.74820023738));
#7484 = CARTESIAN_POINT('',(24.170999015368,-52.59005746803,
    52.667052312668));
#7485 = CARTESIAN_POINT('',(24.050151254378,-53.30223562569,
    52.612220398964));
#7486 = ADVANCED_FACE('',(#7487),#7607,.F.);
#7487 = FACE_BOUND('',#7488,.F.);
#7488 = EDGE_LOOP('',(#7489,#7500,#7511,#7520,#7529,#7538,#7551,#7560,
    #7575,#7586,#7587,#7598));
#7489 = ORIENTED_EDGE('',*,*,#7490,.F.);
#7490 = EDGE_CURVE('',#7491,#7493,#7495,.T.);
#7491 = VERTEX_POINT('',#7492);
#7492 = CARTESIAN_POINT('',(24.27244555331,-37.25490605205,
    55.538598133204));
#7493 = VERTEX_POINT('',#7494);
#7494 = CARTESIAN_POINT('',(24.25637662241,-39.20697053863,
    55.301051919521));
#7495 = B_SPLINE_CURVE_WITH_KNOTS('',3,(#7496,#7497,#7498,#7499),
  .UNSPECIFIED.,.F.,.F.,(4,4),(0.,1.966530491489E-03),
  .PIECEWISE_BEZIER_KNOTS.);
#7496 = CARTESIAN_POINT('',(24.27244555331,-37.25490605205,
    55.538598133204));
#7497 = CARTESIAN_POINT('',(24.267002342958,-37.9061426363,
    55.463928664376));
#7498 = CARTESIAN_POINT('',(24.261639499523,-38.55684861089,
    55.384893410552));
#7499 = CARTESIAN_POINT('',(24.25637662241,-39.20697053863,
    55.301051919521));
#7500 = ORIENTED_EDGE('',*,*,#7501,.F.);
#7501 = EDGE_CURVE('',#7502,#7491,#7504,.T.);
#7502 = VERTEX_POINT('',#7503);
#7503 = CARTESIAN_POINT('',(24.228549709828,-33.47967207604,
    55.952189382559));
#7504 = B_SPLINE_CURVE_WITH_KNOTS('',3,(#7505,#7506,#7507,#7508,#7509,
    #7510),.UNSPECIFIED.,.F.,.F.,(4,2,4),(0.,1.899160151532E-03,
    3.798320303063E-03),.UNSPECIFIED.);
#7505 = CARTESIAN_POINT('',(24.228549709828,-33.47967207604,
    55.952189382559));
#7506 = CARTESIAN_POINT('',(24.226810108675,-34.11031262643,
    55.894430901038));
#7507 = CARTESIAN_POINT('',(24.253870903647,-34.73888803841,
    55.8226090359));
#7508 = CARTESIAN_POINT('',(24.278469462364,-35.99680301408,
    55.6807692944));
#7509 = CARTESIAN_POINT('',(24.277702134166,-36.62599819415,
    55.610707435456));
#7510 = CARTESIAN_POINT('',(24.27244555331,-37.25490605205,
    55.538598133204));
#7511 = ORIENTED_EDGE('',*,*,#7512,.F.);
#7512 = EDGE_CURVE('',#7513,#7502,#7515,.T.);
#7513 = VERTEX_POINT('',#7514);
#7514 = CARTESIAN_POINT('',(24.241038014834,-28.79536500936,
    56.321227351727));
#7515 = B_SPLINE_CURVE_WITH_KNOTS('',3,(#7516,#7517,#7518,#7519),
  .UNSPECIFIED.,.F.,.F.,(4,4),(0.,4.699006553445E-03),
  .PIECEWISE_BEZIER_KNOTS.);
#7516 = CARTESIAN_POINT('',(24.241038014834,-28.79536500936,
    56.321227351727));
#7517 = CARTESIAN_POINT('',(24.237018681072,-30.35820293009,
    56.216677837894));
#7518 = CARTESIAN_POINT('',(24.232852383638,-31.91986592428,
    56.095047362015));
#7519 = CARTESIAN_POINT('',(24.228549709828,-33.47967207604,
    55.952189382559));
#7520 = ORIENTED_EDGE('',*,*,#7521,.F.);
#7521 = EDGE_CURVE('',#7522,#7513,#7524,.T.);
#7522 = VERTEX_POINT('',#7523);
#7523 = CARTESIAN_POINT('',(24.101093746769,-27.34806324842,
    56.450339418586));
#7524 = B_SPLINE_CURVE_WITH_KNOTS('',3,(#7525,#7526,#7527,#7528),
  .UNSPECIFIED.,.F.,.F.,(4,4),(-4.753586915421E-08,1.459725292765E-03),
  .PIECEWISE_BEZIER_KNOTS.);
#7525 = CARTESIAN_POINT('',(24.101093746769,-27.34806324842,
    56.450339418586));
#7526 = CARTESIAN_POINT('',(24.195547602483,-27.82506548627,
    56.398233120852));
#7527 = CARTESIAN_POINT('',(24.242293043009,-28.30737228749,
    56.353872708708));
#7528 = CARTESIAN_POINT('',(24.241038014834,-28.79536500936,
    56.321227351727));
#7529 = ORIENTED_EDGE('',*,*,#7530,.F.);
#7530 = EDGE_CURVE('',#7531,#7522,#7533,.T.);
#7531 = VERTEX_POINT('',#7532);
#7532 = CARTESIAN_POINT('',(24.098599292613,-27.34848438109,
    56.450947760752));
#7533 = B_SPLINE_CURVE_WITH_KNOTS('',3,(#7534,#7535,#7536,#7537),
  .UNSPECIFIED.,.F.,.F.,(4,4),(9.04068111276E-15,2.601871327703E-06),
  .PIECEWISE_BEZIER_KNOTS.);
#7534 = CARTESIAN_POINT('',(24.098599292613,-27.34848438109,
    56.450947760752));
#7535 = CARTESIAN_POINT('',(24.099432947509,-27.34835983161,
    56.45074355578));
#7536 = CARTESIAN_POINT('',(24.100264714193,-27.3482193925,
    56.450540706252));
#7537 = CARTESIAN_POINT('',(24.101093746769,-27.34806324842,
    56.450339418586));
#7538 = ORIENTED_EDGE('',*,*,#7539,.T.);
#7539 = EDGE_CURVE('',#7531,#7540,#7542,.T.);
#7540 = VERTEX_POINT('',#7541);
#7541 = CARTESIAN_POINT('',(21.582823351564,-27.21025171377,
    56.903991984061));
#7542 = B_SPLINE_CURVE_WITH_KNOTS('',3,(#7543,#7544,#7545,#7546,#7547,
    #7548,#7549,#7550),.UNSPECIFIED.,.F.,.F.,(4,2,2,4),(
    1.545932971129E-02,1.608831734347E-02,1.671730497564E-02,
    1.797528023998E-02),.UNSPECIFIED.);
#7543 = CARTESIAN_POINT('',(24.098599292613,-27.34848438109,
    56.450947760752));
#7544 = CARTESIAN_POINT('',(23.893791907414,-27.37908295623,
    56.50111562586));
#7545 = CARTESIAN_POINT('',(23.686183292556,-27.40050616005,
    56.548924086202));
#7546 = CARTESIAN_POINT('',(23.264602603816,-27.42250918583,
    56.639181226582));
#7547 = CARTESIAN_POINT('',(23.051610939756,-27.42287938119,
    56.681369706356));
#7548 = CARTESIAN_POINT('',(22.418306134645,-27.39035489791,
    56.796137720014));
#7549 = CARTESIAN_POINT('',(21.999003232174,-27.32423042882,
    56.857968935286));
#7550 = CARTESIAN_POINT('',(21.582823351564,-27.21025171377,
    56.903991984061));
#7551 = ORIENTED_EDGE('',*,*,#7552,.F.);
#7552 = EDGE_CURVE('',#7553,#7540,#7555,.T.);
#7553 = VERTEX_POINT('',#7554);
#7554 = CARTESIAN_POINT('',(19.682428022442,-27.40863060494,57.));
#7555 = B_SPLINE_CURVE_WITH_KNOTS('',3,(#7556,#7557,#7558,#7559),
  .UNSPECIFIED.,.F.,.F.,(4,4),(0.,1.913132021198E-03),
  .PIECEWISE_BEZIER_KNOTS.);
#7556 = CARTESIAN_POINT('',(19.682428022442,-27.40863060494,57.));
#7557 = CARTESIAN_POINT('',(20.319729888967,-27.3637708936,57.));
#7558 = CARTESIAN_POINT('',(20.9533687368,-27.29968207637,56.96722633129
    ));
#7559 = CARTESIAN_POINT('',(21.582823351564,-27.21025171377,
    56.903991984061));
#7560 = ORIENTED_EDGE('',*,*,#7561,.T.);
#7561 = EDGE_CURVE('',#7553,#7562,#7564,.T.);
#7562 = VERTEX_POINT('',#7563);
#7563 = CARTESIAN_POINT('',(13.395402935834,-49.05697121812,57.));
#7564 = B_SPLINE_CURVE_WITH_KNOTS('',3,(#7565,#7566,#7567,#7568,#7569,
    #7570,#7571,#7572,#7573,#7574),.UNSPECIFIED.,.F.,.F.,(4,2,2,2,4),(0.
    ,1.127401373071E-02,1.691102059607E-02,1.972952402875E-02,
    2.254802746142E-02),.UNSPECIFIED.);
#7565 = CARTESIAN_POINT('',(19.682428022442,-27.40863060494,57.));
#7566 = CARTESIAN_POINT('',(18.814616050392,-31.06685482779,57.));
#7567 = CARTESIAN_POINT('',(17.855065052377,-34.70034334707,57.));
#7568 = CARTESIAN_POINT('',(16.281325458442,-40.11433416147,57.));
#7569 = CARTESIAN_POINT('',(15.734267917819,-41.91316028939,57.));
#7570 = CARTESIAN_POINT('',(14.881264429188,-44.60005197655,57.));
#7571 = CARTESIAN_POINT('',(14.591500816637,-45.49388660036,57.));
#7572 = CARTESIAN_POINT('',(14.001201468533,-47.27799245567,57.));
#7573 = CARTESIAN_POINT('',(13.699186012729,-48.16777419929,57.));
#7574 = CARTESIAN_POINT('',(13.395402935834,-49.05697121812,57.));
#7575 = ORIENTED_EDGE('',*,*,#7576,.F.);
#7576 = EDGE_CURVE('',#7423,#7562,#7577,.T.);
#7577 = B_SPLINE_CURVE_WITH_KNOTS('',3,(#7578,#7579,#7580,#7581,#7582,
    #7583,#7584,#7585),.UNSPECIFIED.,.F.,.F.,(4,2,2,4),(
    3.736708725176E-17,1.894782751713E-03,3.789565503425E-03,
    7.57913100685E-03),.UNSPECIFIED.);
#7578 = CARTESIAN_POINT('',(19.56458090135,-53.00806769918,
    55.439342084155));
#7579 = CARTESIAN_POINT('',(19.156759588366,-52.58132167187,
    55.680775048109));
#7580 = CARTESIAN_POINT('',(18.719311715056,-52.17913992852,
    55.899196434801));
#7581 = CARTESIAN_POINT('',(17.786573252252,-51.41900058029,
    56.283699148593));
#7582 = CARTESIAN_POINT('',(17.290455171582,-51.06056631183,
    56.450051977616));
#7583 = CARTESIAN_POINT('',(15.716088889061,-50.05440713262,
    56.858092795165));
#7584 = CARTESIAN_POINT('',(14.592892645705,-49.49887416223,57.));
#7585 = CARTESIAN_POINT('',(13.395402935834,-49.05697121812,57.));
#7586 = ORIENTED_EDGE('',*,*,#7431,.F.);
#7587 = ORIENTED_EDGE('',*,*,#7588,.F.);
#7588 = EDGE_CURVE('',#7589,#7361,#7591,.T.);
#7589 = VERTEX_POINT('',#7590);
#7590 = CARTESIAN_POINT('',(24.203544987547,-42.04673244189,
    54.918140297664));
#7591 = B_SPLINE_CURVE_WITH_KNOTS('',3,(#7592,#7593,#7594,#7595,#7596,
    #7597),.UNSPECIFIED.,.F.,.F.,(4,2,4),(1.387778780781E-17,
    5.043848026805E-03,1.008769605361E-02),.UNSPECIFIED.);
#7592 = CARTESIAN_POINT('',(24.203544987547,-42.04673244189,
    54.918140297664));
#7593 = CARTESIAN_POINT('',(24.198438622973,-43.70835022977,
    54.661780370459));
#7594 = CARTESIAN_POINT('',(24.193205684297,-45.36434061264,
    54.369139767936));
#7595 = CARTESIAN_POINT('',(24.182543485423,-48.65573490454,
    53.690891688856));
#7596 = CARTESIAN_POINT('',(24.177108833652,-50.29277201553,
    53.305183745467));
#7597 = CARTESIAN_POINT('',(24.171610321162,-51.91368236608,
    52.857661699116));
#7598 = ORIENTED_EDGE('',*,*,#7599,.F.);
#7599 = EDGE_CURVE('',#7493,#7589,#7600,.T.);
#7600 = B_SPLINE_CURVE_WITH_KNOTS('',3,(#7601,#7602,#7603,#7604,#7605,
    #7606),.UNSPECIFIED.,.F.,.F.,(4,2,4),(0.,1.433001214604E-03,
    2.866002429209E-03),.UNSPECIFIED.);
#7601 = CARTESIAN_POINT('',(24.25637662241,-39.20697053863,
    55.301051919521));
#7602 = CARTESIAN_POINT('',(24.252541411973,-39.68073314971,
    55.239954205365));
#7603 = CARTESIAN_POINT('',(24.245972238277,-40.15427084337,
    55.177564857543));
#7604 = CARTESIAN_POINT('',(24.22237294393,-41.10115319501,
    55.052884266954));
#7605 = CARTESIAN_POINT('',(24.204995838935,-41.57462348097,
    54.990978840761));
#7606 = CARTESIAN_POINT('',(24.203544987547,-42.04673244189,
    54.918140297664));
#7607 = ( BOUNDED_SURFACE() B_SPLINE_SURFACE(3,2,(
    (#7608,#7609,#7610)
    ,(#7611,#7612,#7613)
    ,(#7614,#7615,#7616)
    ,(#7617,#7618,#7619)
    ,(#7620,#7621,#7622)
    ,(#7623,#7624,#7625)
    ,(#7626,#7627,#7628)
    ,(#7629,#7630,#7631)
    ,(#7632,#7633,#7634)
    ,(#7635,#7636,#7637)
    ,(#7638,#7639,#7640)
    ,(#7641,#7642,#7643)
    ,(#7644,#7645,#7646)
    ,(#7647,#7648,#7649)
    ,(#7650,#7651,#7652)
    ,(#7653,#7654,#7655)
    ,(#7656,#7657,#7658)
    ,(#7659,#7660,#7661
)),.UNSPECIFIED.,.F.,.F.,.F.) B_SPLINE_SURFACE_WITH_KNOTS((4,2,2,2,2,2,2
    ,2,4),(3,3),(0.123353591919,0.124957921839,0.1257600868,
    0.12596062804,0.12616116928,0.12656225176,0.129770911601,
    0.136188231284,0.149022870649),(0.541065083523,1.),.UNSPECIFIED.) 
GEOMETRIC_REPRESENTATION_ITEM() RATIONAL_B_SPLINE_SURFACE((
    (0.85454122633,0.865581075087,1.)
    ,(0.85454122633,0.865581075087,1.)
    ,(0.85454122633,0.865581075087,1.)
    ,(0.85454122633,0.865581075087,1.)
    ,(0.85454122633,0.865581075087,1.)
    ,(0.85454122633,0.865581075087,1.)
    ,(0.85454122633,0.865581075087,1.)
    ,(0.85454122633,0.865581075087,1.)
    ,(0.85454122633,0.865581075087,1.)
    ,(0.85454122633,0.865581075087,1.)
    ,(0.85454122633,0.865581075087,1.)
    ,(0.85454122633,0.865581075087,1.)
    ,(0.85454122633,0.865581075087,1.)
    ,(0.85454122633,0.865581075087,1.)
    ,(0.85454122633,0.865581075087,1.)
    ,(0.85454122633,0.865581075087,1.)
    ,(0.85454122633,0.865581075087,1.)
,(0.85454122633,0.865581075087,1.
  ))) REPRESENTATION_ITEM('') SURFACE() );
#7608 = CARTESIAN_POINT('',(23.358151138123,-54.46491951476,
    52.809960633582));
#7609 = CARTESIAN_POINT('',(18.813456202356,-52.91228114339,57.));
#7610 = CARTESIAN_POINT('',(12.78222658987,-50.85178673063,57.));
#7611 = CARTESIAN_POINT('',(23.531039833811,-53.95886067052,
    52.809960633592));
#7612 = CARTESIAN_POINT('',(18.986344898045,-52.40622229915,
    57.000000000006));
#7613 = CARTESIAN_POINT('',(12.955115285558,-50.34572788639,57.));
#7614 = CARTESIAN_POINT('',(23.703928529491,-53.45280182629,
    52.809960633582));
#7615 = CARTESIAN_POINT('',(19.159233593724,-51.90016345492,57.));
#7616 = CARTESIAN_POINT('',(13.128003981238,-49.83966904216,57.));
#7617 = CARTESIAN_POINT('',(23.963261573021,-52.69371355992,
    52.809960633582));
#7618 = CARTESIAN_POINT('',(19.418566637255,-51.14107518856,57.));
#7619 = CARTESIAN_POINT('',(13.387337024768,-49.0805807758,57.));
#7620 = CARTESIAN_POINT('',(24.049705920864,-52.44068413781,
    52.809960633582));
#7621 = CARTESIAN_POINT('',(19.505010985097,-50.88804576644,57.));
#7622 = CARTESIAN_POINT('',(13.473781372611,-48.82755135368,57.));
#7623 = CARTESIAN_POINT('',(24.157761355666,-52.12439736016,
    52.809960633582));
#7624 = CARTESIAN_POINT('',(19.613066419899,-50.5717589888,57.));
#7625 = CARTESIAN_POINT('',(13.581836807413,-48.51126457603,57.));
#7626 = CARTESIAN_POINT('',(24.180764623627,-52.05703863268,
    52.809960633582));
#7627 = CARTESIAN_POINT('',(19.635468127055,-50.50616159105,57.));
#7628 = CARTESIAN_POINT('',(13.603440187862,-48.44800462541,57.));
#7629 = CARTESIAN_POINT('',(24.225954386759,-51.92447343442,
    52.809960633582));
#7630 = CARTESIAN_POINT('',(19.679775777981,-50.37618408902,57.));
#7631 = CARTESIAN_POINT('',(13.64657719448,-48.32146123509,57.));
#7632 = CARTESIAN_POINT('',(24.248521235602,-51.85818040769,
    52.809960633582));
#7633 = CARTESIAN_POINT('',(19.701901994015,-50.31118547745,57.));
#7634 = CARTESIAN_POINT('',(13.66811865011,-48.25818043188,57.));
#7635 = CARTESIAN_POINT('',(24.316137627463,-51.65927003457,
    52.809960633582));
#7636 = CARTESIAN_POINT('',(19.768197761411,-50.11616004845,57.));
#7637 = CARTESIAN_POINT('',(13.73266182696,-48.0683106823,57.));
#7638 = CARTESIAN_POINT('',(24.361103015824,-51.52662139523,
    52.809960633582));
#7639 = CARTESIAN_POINT('',(19.812284432078,-49.98610363678,57.));
#7640 = CARTESIAN_POINT('',(13.775582358149,-47.94169439598,57.));
#7641 = CARTESIAN_POINT('',(24.764780298093,-50.33240788366,
    52.809960633582));
#7642 = CARTESIAN_POINT('',(20.208068640495,-48.81524049902,57.));
#7643 = CARTESIAN_POINT('',(14.160891729111,-46.80181935929,57.));
#7644 = CARTESIAN_POINT('',(25.116413752945,-49.26821265563,
    52.809960633582));
#7645 = CARTESIAN_POINT('',(20.552795440198,-47.77194572235,57.));
#7646 = CARTESIAN_POINT('',(14.49645276001,-45.78626141047,57.));
#7647 = CARTESIAN_POINT('',(26.149509049602,-46.06757041211,
    52.809960633582));
#7648 = CARTESIAN_POINT('',(21.565515642904,-44.6344277488,57.));
#7649 = CARTESIAN_POINT('',(15.482133332612,-42.73251516895,57.));
#7650 = CARTESIAN_POINT('',(26.809425745777,-43.92214799543,
    52.809960633582));
#7651 = CARTESIAN_POINT('',(22.212303631209,-42.5316709343,57.));
#7652 = CARTESIAN_POINT('',(16.111498313916,-40.68637954618,57.));
#7653 = CARTESIAN_POINT('',(28.697745102905,-37.46150951237,
    52.809960633582));
#7654 = CARTESIAN_POINT('',(24.062794381354,-36.20045809794,57.));
#7655 = CARTESIAN_POINT('',(17.911787011375,-34.52692648777,57.));
#7656 = CARTESIAN_POINT('',(29.834793987454,-33.1221122457,
    52.80996063366));
#7657 = CARTESIAN_POINT('',(25.176703432946,-31.94924733693,
    57.000000000044));
#7658 = CARTESIAN_POINT('',(18.994987369068,-30.39274735857,57.));
#7659 = CARTESIAN_POINT('',(30.846773450484,-28.7506500706,
    52.809960633582));
#7660 = CARTESIAN_POINT('',(26.167912183829,-27.66750870457,57.));
#7661 = CARTESIAN_POINT('',(19.95863146796,-26.23008014805,57.));
#7662 = ADVANCED_FACE('',(#7663),#7720,.F.);
#7663 = FACE_BOUND('',#7664,.T.);
#7664 = EDGE_LOOP('',(#7665,#7675,#7684,#7699,#7712,#7713));
#7665 = ORIENTED_EDGE('',*,*,#7666,.T.);
#7666 = EDGE_CURVE('',#7667,#7669,#7671,.T.);
#7667 = VERTEX_POINT('',#7668);
#7668 = CARTESIAN_POINT('',(10.194242583321,-48.46842605999,57.));
#7669 = VERTEX_POINT('',#7670);
#7670 = CARTESIAN_POINT('',(-10.19424262065,-48.46842605999,57.));
#7671 = LINE('',#7672,#7673);
#7672 = CARTESIAN_POINT('',(-10.19424261374,-48.46842605999,57.));
#7673 = VECTOR('',#7674,1.);
#7674 = DIRECTION('',(-1.,-0.,-0.));
#7675 = ORIENTED_EDGE('',*,*,#7676,.T.);
#7676 = EDGE_CURVE('',#7669,#7677,#7679,.T.);
#7677 = VERTEX_POINT('',#7678);
#7678 = CARTESIAN_POINT('',(-13.39540293583,-49.05697121812,57.));
#7679 = CIRCLE('',#7680,9.000000000001);
#7680 = AXIS2_PLACEMENT_3D('',#7681,#7682,#7683);
#7681 = CARTESIAN_POINT('',(-10.19424260821,-57.46842606,57.));
#7682 = DIRECTION('',(0.,0.,1.));
#7683 = DIRECTION('',(1.,0.,-0.));
#7684 = ORIENTED_EDGE('',*,*,#7685,.F.);
#7685 = EDGE_CURVE('',#7686,#7677,#7688,.T.);
#7686 = VERTEX_POINT('',#7687);
#7687 = CARTESIAN_POINT('',(-19.68242802244,-27.40863060494,57.));
#7688 = B_SPLINE_CURVE_WITH_KNOTS('',3,(#7689,#7690,#7691,#7692,#7693,
    #7694,#7695,#7696,#7697,#7698),.UNSPECIFIED.,.F.,.F.,(4,2,2,2,4),(0.
    ,1.127401373071E-02,1.691102059607E-02,1.972952402874E-02,
    2.254802746142E-02),.UNSPECIFIED.);
#7689 = CARTESIAN_POINT('',(-19.68242802244,-27.40863060494,57.));
#7690 = CARTESIAN_POINT('',(-18.81461605039,-31.06685482779,57.));
#7691 = CARTESIAN_POINT('',(-17.85506505237,-34.70034334706,57.));
#7692 = CARTESIAN_POINT('',(-16.28132545844,-40.11433416147,57.));
#7693 = CARTESIAN_POINT('',(-15.73426791781,-41.91316028939,57.));
#7694 = CARTESIAN_POINT('',(-14.88126442918,-44.60005197655,57.));
#7695 = CARTESIAN_POINT('',(-14.59150081663,-45.49388660036,57.));
#7696 = CARTESIAN_POINT('',(-14.00120146853,-47.27799245567,57.));
#7697 = CARTESIAN_POINT('',(-13.69918601273,-48.16777419929,57.));
#7698 = CARTESIAN_POINT('',(-13.39540293583,-49.05697121812,57.));
#7699 = ORIENTED_EDGE('',*,*,#7700,.F.);
#7700 = EDGE_CURVE('',#7553,#7686,#7701,.T.);
#7701 = B_SPLINE_CURVE_WITH_KNOTS('',3,(#7702,#7703,#7704,#7705,#7706,
    #7707,#7708,#7709,#7710,#7711),.UNSPECIFIED.,.F.,.F.,(4,2,2,2,4),(0.
    ,9.852182266463E-03,1.970436453293E-02,2.955654679939E-02,
    3.940872906585E-02),.UNSPECIFIED.);
#7702 = CARTESIAN_POINT('',(19.682428022442,-27.40863060494,57.));
#7703 = CARTESIAN_POINT('',(16.408346373259,-27.69743952123,57.));
#7704 = CARTESIAN_POINT('',(13.131493600495,-27.92757041277,57.));
#7705 = CARTESIAN_POINT('',(6.571271252904,-28.24984012813,57.));
#7706 = CARTESIAN_POINT('',(3.287720915358,-28.33815133511,57.));
#7707 = CARTESIAN_POINT('',(-3.287720915358,-28.33815133511,57.));
#7708 = CARTESIAN_POINT('',(-6.571271252904,-28.24984012813,57.));
#7709 = CARTESIAN_POINT('',(-13.13149360049,-27.92757041277,57.));
#7710 = CARTESIAN_POINT('',(-16.40834637325,-27.69743952123,57.));
#7711 = CARTESIAN_POINT('',(-19.68242802244,-27.40863060494,57.));
#7712 = ORIENTED_EDGE('',*,*,#7561,.T.);
#7713 = ORIENTED_EDGE('',*,*,#7714,.T.);
#7714 = EDGE_CURVE('',#7562,#7667,#7715,.T.);
#7715 = CIRCLE('',#7716,9.);
#7716 = AXIS2_PLACEMENT_3D('',#7717,#7718,#7719);
#7717 = CARTESIAN_POINT('',(10.194242608204,-57.46842605999,57.));
#7718 = DIRECTION('',(0.,0.,1.));
#7719 = DIRECTION('',(1.,0.,-0.));
#7720 = PLANE('',#7721);
#7721 = AXIS2_PLACEMENT_3D('',#7722,#7723,#7724);
#7722 = CARTESIAN_POINT('',(0.,0.,57.));
#7723 = DIRECTION('',(0.,0.,1.));
#7724 = DIRECTION('',(1.,0.,-0.));
#7725 = ADVANCED_FACE('',(#7726),#7840,.F.);
#7726 = FACE_BOUND('',#7727,.F.);
#7727 = EDGE_LOOP('',(#7728,#7739,#7740,#7749,#7758,#7767,#7776,#7785,
    #7796,#7805,#7816,#7827));
#7728 = ORIENTED_EDGE('',*,*,#7729,.F.);
#7729 = EDGE_CURVE('',#7677,#7730,#7732,.T.);
#7730 = VERTEX_POINT('',#7731);
#7731 = CARTESIAN_POINT('',(-19.56458090135,-53.00806769918,
    55.439342084151));
#7732 = B_SPLINE_CURVE_WITH_KNOTS('',3,(#7733,#7734,#7735,#7736,#7737,
    #7738),.UNSPECIFIED.,.F.,.F.,(4,2,4),(0.,3.786235313444E-03,
    7.572470626887E-03),.UNSPECIFIED.);
#7733 = CARTESIAN_POINT('',(-13.39540293583,-49.05697121812,57.));
#7734 = CARTESIAN_POINT('',(-14.59284545389,-49.49885674729,57.));
#7735 = CARTESIAN_POINT('',(-15.71864063505,-50.05577901772,
    56.857667102781));
#7736 = CARTESIAN_POINT('',(-17.81760564619,-51.3977215615,
    56.313190052091));
#7737 = CARTESIAN_POINT('',(-18.7489811883,-52.15462054882,
    55.922182607327));
#7738 = CARTESIAN_POINT('',(-19.56458090135,-53.00806769918,
    55.439342084151));
#7739 = ORIENTED_EDGE('',*,*,#7685,.F.);
#7740 = ORIENTED_EDGE('',*,*,#7741,.T.);
#7741 = EDGE_CURVE('',#7686,#7742,#7744,.T.);
#7742 = VERTEX_POINT('',#7743);
#7743 = CARTESIAN_POINT('',(-21.58282335156,-27.21025171377,
    56.903991984061));
#7744 = B_SPLINE_CURVE_WITH_KNOTS('',3,(#7745,#7746,#7747,#7748),
  .UNSPECIFIED.,.F.,.F.,(4,4),(0.,1.913132021198E-03),
  .PIECEWISE_BEZIER_KNOTS.);
#7745 = CARTESIAN_POINT('',(-19.68242802244,-27.40863060494,57.));
#7746 = CARTESIAN_POINT('',(-20.31972988896,-27.3637708936,57.));
#7747 = CARTESIAN_POINT('',(-20.9533687368,-27.29968207637,
    56.96722633129));
#7748 = CARTESIAN_POINT('',(-21.58282335156,-27.21025171377,
    56.903991984061));
#7749 = ORIENTED_EDGE('',*,*,#7750,.F.);
#7750 = EDGE_CURVE('',#7751,#7742,#7753,.T.);
#7751 = VERTEX_POINT('',#7752);
#7752 = CARTESIAN_POINT('',(-24.04468302072,-27.35615563361,
    56.464096235412));
#7753 = B_SPLINE_CURVE_WITH_KNOTS('',3,(#7754,#7755,#7756,#7757),
  .UNSPECIFIED.,.F.,.F.,(4,4),(0.855460177182,1.),
  .PIECEWISE_BEZIER_KNOTS.);
#7754 = CARTESIAN_POINT('',(-24.04468302072,-27.35615563361,
    56.464096235412));
#7755 = CARTESIAN_POINT('',(-23.19125275783,-27.47633967503,
    56.670916194007));
#7756 = CARTESIAN_POINT('',(-22.36781032514,-27.42523521189,
    56.817184583089));
#7757 = CARTESIAN_POINT('',(-21.58282335156,-27.21025171377,
    56.903991984061));
#7758 = ORIENTED_EDGE('',*,*,#7759,.F.);
#7759 = EDGE_CURVE('',#7760,#7751,#7762,.T.);
#7760 = VERTEX_POINT('',#7761);
#7761 = CARTESIAN_POINT('',(-24.23913393561,-28.95432389532,
    56.310960940918));
#7762 = B_SPLINE_CURVE_WITH_KNOTS('',3,(#7763,#7764,#7765,#7766),
  .UNSPECIFIED.,.F.,.F.,(4,4),(0.,1.619085765408E-03),
  .PIECEWISE_BEZIER_KNOTS.);
#7763 = CARTESIAN_POINT('',(-24.23913393561,-28.95432389532,
    56.310960940918));
#7764 = CARTESIAN_POINT('',(-24.2300207967,-28.41542997683,
    56.350404114279));
#7765 = CARTESIAN_POINT('',(-24.16552615941,-27.87946197101,
    56.403324716256));
#7766 = CARTESIAN_POINT('',(-24.04468302072,-27.35615563361,
    56.464096235412));
#7767 = ORIENTED_EDGE('',*,*,#7768,.F.);
#7768 = EDGE_CURVE('',#7769,#7760,#7771,.T.);
#7769 = VERTEX_POINT('',#7770);
#7770 = CARTESIAN_POINT('',(-24.24023259603,-29.10772587314,
    56.300100765311));
#7771 = B_SPLINE_CURVE_WITH_KNOTS('',3,(#7772,#7773,#7774,#7775),
  .UNSPECIFIED.,.F.,.F.,(4,4),(0.,1.537898477395E-04),
  .PIECEWISE_BEZIER_KNOTS.);
#7772 = CARTESIAN_POINT('',(-24.24023259603,-29.10772587314,
    56.300100765311));
#7773 = CARTESIAN_POINT('',(-24.24036478089,-29.05658218062,
    56.303597818752));
#7774 = CARTESIAN_POINT('',(-24.2399984041,-29.0054431436,
    56.307219378243));
#7775 = CARTESIAN_POINT('',(-24.23913393561,-28.95432389532,
    56.310960940918));
#7776 = ORIENTED_EDGE('',*,*,#7777,.F.);
#7777 = EDGE_CURVE('',#7778,#7769,#7780,.T.);
#7778 = VERTEX_POINT('',#7779);
#7779 = CARTESIAN_POINT('',(-24.22854962049,-33.47967197742,
    55.952189423537));
#7780 = B_SPLINE_CURVE_WITH_KNOTS('',3,(#7781,#7782,#7783,#7784),
  .UNSPECIFIED.,.F.,.F.,(4,4),(0.,4.385919199101E-03),
  .PIECEWISE_BEZIER_KNOTS.);
#7781 = CARTESIAN_POINT('',(-24.22854962049,-33.47967197742,
    55.952189423537));
#7782 = CARTESIAN_POINT('',(-24.23256560421,-32.02379677219,
    56.085528675469));
#7783 = CARTESIAN_POINT('',(-24.23646283194,-30.56628669447,
    56.200368718463));
#7784 = CARTESIAN_POINT('',(-24.24023259603,-29.10772587314,
    56.300100765311));
#7785 = ORIENTED_EDGE('',*,*,#7786,.F.);
#7786 = EDGE_CURVE('',#7787,#7778,#7789,.T.);
#7787 = VERTEX_POINT('',#7788);
#7788 = CARTESIAN_POINT('',(-24.2724454675,-37.25490581917,
    55.538598197442));
#7789 = B_SPLINE_CURVE_WITH_KNOTS('',3,(#7790,#7791,#7792,#7793,#7794,
    #7795),.UNSPECIFIED.,.F.,.F.,(4,2,4),(0.,1.899001704531E-03,
    3.798003409061E-03),.UNSPECIFIED.);
#7790 = CARTESIAN_POINT('',(-24.2724454675,-37.25490581917,
    55.538598197442));
#7791 = CARTESIAN_POINT('',(-24.27770229217,-36.62596879921,
    55.610710841283));
#7792 = CARTESIAN_POINT('',(-24.27846947669,-35.99683304005,
    55.680765922088));
#7793 = CARTESIAN_POINT('',(-24.2538725224,-34.73895025257,
    55.822602074321));
#7794 = CARTESIAN_POINT('',(-24.22681006052,-34.11029759868,
    55.894432310643));
#7795 = CARTESIAN_POINT('',(-24.22854962049,-33.47967197742,
    55.952189423537));
#7796 = ORIENTED_EDGE('',*,*,#7797,.F.);
#7797 = EDGE_CURVE('',#7798,#7787,#7800,.T.);
#7798 = VERTEX_POINT('',#7799);
#7799 = CARTESIAN_POINT('',(-24.25637653282,-39.20697074393,
    55.301051933982));
#7800 = B_SPLINE_CURVE_WITH_KNOTS('',3,(#7801,#7802,#7803,#7804),
  .UNSPECIFIED.,.F.,.F.,(4,4),(0.,1.966530932478E-03),
  .PIECEWISE_BEZIER_KNOTS.);
#7801 = CARTESIAN_POINT('',(-24.25637653282,-39.20697074393,
    55.301051933982));
#7802 = CARTESIAN_POINT('',(-24.26163941115,-38.55684867037,
    55.384893443669));
#7803 = CARTESIAN_POINT('',(-24.26700225585,-37.90614254971,
    55.463928713989));
#7804 = CARTESIAN_POINT('',(-24.2724454675,-37.25490581917,
    55.538598197442));
#7805 = ORIENTED_EDGE('',*,*,#7806,.F.);
#7806 = EDGE_CURVE('',#7807,#7798,#7809,.T.);
#7807 = VERTEX_POINT('',#7808);
#7808 = CARTESIAN_POINT('',(-24.20354489768,-42.04673252032,
    54.918140332499));
#7809 = B_SPLINE_CURVE_WITH_KNOTS('',3,(#7810,#7811,#7812,#7813,#7814,
    #7815),.UNSPECIFIED.,.F.,.F.,(4,2,4),(0.,1.432983054074E-03,
    2.865966108148E-03),.UNSPECIFIED.);
#7810 = CARTESIAN_POINT('',(-24.20354489768,-42.04673252032,
    54.918140332499));
#7811 = CARTESIAN_POINT('',(-24.20499609501,-41.57451098872,
    54.99099624274));
#7812 = CARTESIAN_POINT('',(-24.22237353,-41.10113006612,55.05288737622)
  );
#7813 = CARTESIAN_POINT('',(-24.2459724273,-40.15425590708,
    55.177566846294));
#7814 = CARTESIAN_POINT('',(-24.25254153065,-39.68070762499,
    55.239957538147));
#7815 = CARTESIAN_POINT('',(-24.25637653282,-39.20697074393,
    55.301051933982));
#7816 = ORIENTED_EDGE('',*,*,#7817,.F.);
#7817 = EDGE_CURVE('',#7818,#7807,#7820,.T.);
#7818 = VERTEX_POINT('',#7819);
#7819 = CARTESIAN_POINT('',(-24.17161023145,-51.91368238448,
    52.857661767433));
#7820 = B_SPLINE_CURVE_WITH_KNOTS('',3,(#7821,#7822,#7823,#7824,#7825,
    #7826),.UNSPECIFIED.,.F.,.F.,(4,2,4),(8.19766517313E-16,
    5.044566099393E-03,1.008913219879E-02),.UNSPECIFIED.);
#7821 = CARTESIAN_POINT('',(-24.17161023145,-51.91368238448,
    52.857661767433));
#7822 = CARTESIAN_POINT('',(-24.17710863264,-50.29280484749,
    53.305174748878));
#7823 = CARTESIAN_POINT('',(-24.18254406662,-48.65553127287,
    53.690937881922));
#7824 = CARTESIAN_POINT('',(-24.1932062862,-45.3641236846,
    54.369180354701));
#7825 = CARTESIAN_POINT('',(-24.19843859853,-43.70832901557,
    54.66178369263));
#7826 = CARTESIAN_POINT('',(-24.20354489768,-42.04673252032,
    54.918140332499));
#7827 = ORIENTED_EDGE('',*,*,#7828,.F.);
#7828 = EDGE_CURVE('',#7730,#7818,#7829,.T.);
#7829 = B_SPLINE_CURVE_WITH_KNOTS('',3,(#7830,#7831,#7832,#7833,#7834,
    #7835,#7836,#7837,#7838,#7839),.UNSPECIFIED.,.F.,.F.,(4,2,2,2,4),(
    8.617136985255E-03,1.134326743527E-02,1.270633266028E-02,
    1.338786527278E-02,1.406939788528E-02),.UNSPECIFIED.);
#7830 = CARTESIAN_POINT('',(-19.56458090135,-53.00806769918,
    55.439342084151));
#7831 = CARTESIAN_POINT('',(-20.38040972463,-52.81000486611,
    55.113065445926));
#7832 = CARTESIAN_POINT('',(-21.17334716922,-52.62005879708,
    54.73672731448));
#7833 = CARTESIAN_POINT('',(-22.32592703017,-52.34197660707,
    54.09470108008));
#7834 = CARTESIAN_POINT('',(-22.70401772579,-52.25086851455,
    53.867626739998));
#7835 = CARTESIAN_POINT('',(-23.26155285203,-52.11673340663,
    53.506444279449));
#7836 = CARTESIAN_POINT('',(-23.4457947105,-52.07242653582,
    53.382623451837));
#7837 = CARTESIAN_POINT('',(-23.81098839308,-51.98484665073,
    53.127851135341));
#7838 = CARTESIAN_POINT('',(-23.99272289228,-51.95036160183,
    52.99389814221));
#7839 = CARTESIAN_POINT('',(-24.17161023145,-51.91368238448,
    52.857661767433));
#7840 = ( BOUNDED_SURFACE() B_SPLINE_SURFACE(3,2,(
    (#7841,#7842,#7843)
    ,(#7844,#7845,#7846)
    ,(#7847,#7848,#7849)
    ,(#7850,#7851,#7852)
    ,(#7853,#7854,#7855)
    ,(#7856,#7857,#7858)
    ,(#7859,#7860,#7861)
    ,(#7862,#7863,#7864)
    ,(#7865,#7866,#7867)
    ,(#7868,#7869,#7870)
    ,(#7871,#7872,#7873)
    ,(#7874,#7875,#7876)
    ,(#7877,#7878,#7879)
    ,(#7880,#7881,#7882)
    ,(#7883,#7884,#7885)
    ,(#7886,#7887,#7888)
    ,(#7889,#7890,#7891)
    ,(#7892,#7893,#7894
)),.UNSPECIFIED.,.F.,.F.,.F.) B_SPLINE_SURFACE_WITH_KNOTS((4,2,2,2,2,2,2
    ,2,4),(3,3),(0.12335370738,0.124956820147,0.125758376531,
    0.125958765627,0.126159154723,0.126559932915,0.129766158451,
    0.136178609522,0.149003511664),(0.,0.458934912743),.UNSPECIFIED.) 
GEOMETRIC_REPRESENTATION_ITEM() RATIONAL_B_SPLINE_SURFACE((
    (1.,0.865581076181,0.85454122651)
    ,(1.,0.865581076181,0.85454122651)
    ,(1.,0.865581076181,0.85454122651)
    ,(1.,0.865581076181,0.85454122651)
    ,(1.,0.865581076181,0.85454122651)
    ,(1.,0.865581076181,0.85454122651)
    ,(1.,0.865581076181,0.85454122651)
    ,(1.,0.865581076181,0.85454122651)
    ,(1.,0.865581076181,0.85454122651)
    ,(1.,0.865581076181,0.85454122651)
    ,(1.,0.865581076181,0.85454122651)
    ,(1.,0.865581076181,0.85454122651)
    ,(1.,0.865581076181,0.85454122651)
    ,(1.,0.865581076181,0.85454122651)
    ,(1.,0.865581076181,0.85454122651)
    ,(1.,0.865581076181,0.85454122651)
    ,(1.,0.865581076181,0.85454122651)
,(1.,0.865581076181,0.85454122651
  ))) REPRESENTATION_ITEM('') SURFACE() );
#7841 = CARTESIAN_POINT('',(-12.78226391746,-50.8516774698,57.));
#7842 = CARTESIAN_POINT('',(-18.81349347326,-52.9121718632,57.));
#7843 = CARTESIAN_POINT('',(-23.3581883908,-54.46481022834,
    52.809960702648));
#7844 = CARTESIAN_POINT('',(-12.95502144812,-50.34600255595,57.));
#7845 = CARTESIAN_POINT('',(-18.98625100391,-52.40649694935,
    57.000000000006));
#7846 = CARTESIAN_POINT('',(-23.53094592146,-53.95913531449,
    52.809960702658));
#7847 = CARTESIAN_POINT('',(-13.12777897878,-49.84032764209,57.));
#7848 = CARTESIAN_POINT('',(-19.15900853457,-51.90082203548,57.));
#7849 = CARTESIAN_POINT('',(-23.70370345212,-53.45346040063,
    52.809960702648));
#7850 = CARTESIAN_POINT('',(-13.38691527476,-49.08181527132,57.));
#7851 = CARTESIAN_POINT('',(-19.41814483055,-51.14230966471,57.));
#7852 = CARTESIAN_POINT('',(-23.9628397481,-52.69494802985,
    52.809960702648));
#7853 = CARTESIAN_POINT('',(-13.47329404009,-48.82897781439,57.));
#7854 = CARTESIAN_POINT('',(-19.50452359588,-50.88947220778,57.));
#7855 = CARTESIAN_POINT('',(-24.04921851343,-52.44211057292,
    52.809960702648));
#7856 = CARTESIAN_POINT('',(-13.58126749675,-48.51293099323,57.));
#7857 = CARTESIAN_POINT('',(-19.61249705254,-50.57342538662,57.));
#7858 = CARTESIAN_POINT('',(-24.15719197009,-52.12606375177,
    52.809960702648));
#7859 = CARTESIAN_POINT('',(-13.60285512668,-48.44971925114,57.));
#7860 = CARTESIAN_POINT('',(-19.63486713513,-50.50792271913,57.));
#7861 = CARTESIAN_POINT('',(-24.18015165196,-52.0588348099,
    52.809960702648));
#7862 = CARTESIAN_POINT('',(-13.64596041065,-48.32327220326,57.));
#7863 = CARTESIAN_POINT('',(-19.67914219611,-50.37804419285,57.));
#7864 = CARTESIAN_POINT('',(-24.22530817163,-51.92637057165,
    52.809960702648));
#7865 = CARTESIAN_POINT('',(-13.66748604612,-48.26003958513,57.));
#7866 = CARTESIAN_POINT('',(-19.70125215922,-50.31309508415,57.));
#7867 = CARTESIAN_POINT('',(-24.24785844144,-51.86012804078,
    52.809960702648));
#7868 = CARTESIAN_POINT('',(-13.73198188613,-48.07031443244,57.));
#7869 = CARTESIAN_POINT('',(-19.76749929406,-50.11821820879,57.));
#7870 = CARTESIAN_POINT('',(-24.3154252244,-51.66136920278,
    52.809960702648));
#7871 = CARTESIAN_POINT('',(-13.77487102424,-47.94379459953,57.));
#7872 = CARTESIAN_POINT('',(-19.81155371134,-49.98826089288,57.));
#7873 = CARTESIAN_POINT('',(-24.3603577111,-51.52882165028,
    52.809960702648));
#7874 = CARTESIAN_POINT('',(-14.15989934352,-46.80478814402,57.));
#7875 = CARTESIAN_POINT('',(-20.20704915697,-48.81829015791,57.));
#7876 = CARTESIAN_POINT('',(-24.7637404201,-50.33551849159,
    52.809960702648));
#7877 = CARTESIAN_POINT('',(-14.49522111754,-45.79000582562,57.));
#7878 = CARTESIAN_POINT('',(-20.55153007103,-47.77579247421,57.));
#7879 = CARTESIAN_POINT('',(-25.11512299441,-49.27213652905,
    52.809960702648));
#7880 = CARTESIAN_POINT('',(-15.48021606343,-42.73859729961,57.));
#7881 = CARTESIAN_POINT('',(-21.56354548752,-44.64067743306,57.));
#7882 = CARTESIAN_POINT('',(-26.14749906775,-46.07394636027,
    52.809960702648));
#7883 = CARTESIAN_POINT('',(-16.10916650176,-40.69403608942,57.));
#7884 = CARTESIAN_POINT('',(-22.20990711998,-42.53953965987,57.));
#7885 = CARTESIAN_POINT('',(-26.80698050683,-43.93017661364,
    52.809960702648));
#7886 = CARTESIAN_POINT('',(-17.90835229409,-34.53931865557,57.));
#7887 = CARTESIAN_POINT('',(-24.05926306551,-36.21319841827,57.));
#7888 = CARTESIAN_POINT('',(-28.69414102242,-37.47451218187,
    52.809960702648));
#7889 = CARTESIAN_POINT('',(-18.99099675045,-30.40833934981,57.));
#7890 = CARTESIAN_POINT('',(-25.17259945734,-31.96528164077,
    57.000000000044));
#7891 = CARTESIAN_POINT('',(-29.83060461938,-33.13847985038,
    52.809960702726));
#7892 = CARTESIAN_POINT('',(-19.95427014637,-26.24891609205,57.));
#7893 = CARTESIAN_POINT('',(-26.16342605501,-27.68688340812,57.));
#7894 = CARTESIAN_POINT('',(-30.84219330126,-28.77043074992,
    52.809960702648));
#7895 = ADVANCED_FACE('',(#7896),#7944,.T.);
#7896 = FACE_BOUND('',#7897,.T.);
#7897 = EDGE_LOOP('',(#7898,#7911,#7920,#7929,#7936,#7937));
#7898 = ORIENTED_EDGE('',*,*,#7899,.T.);
#7899 = EDGE_CURVE('',#7900,#7902,#7904,.T.);
#7900 = VERTEX_POINT('',#7901);
#7901 = CARTESIAN_POINT('',(-19.7000258156,-53.13114170581,
    55.361355058832));
#7902 = VERTEX_POINT('',#7903);
#7903 = CARTESIAN_POINT('',(-24.02276087383,-53.29723973346,
    52.63632652176));
#7904 = B_SPLINE_CURVE_WITH_KNOTS('',3,(#7905,#7906,#7907,#7908,#7909,
    #7910),.UNSPECIFIED.,.F.,.F.,(4,2,4),(4.347204570675E-17,
    2.559745681573E-03,5.119491363146E-03),.UNSPECIFIED.);
#7905 = CARTESIAN_POINT('',(-19.7000258156,-53.13114170581,
    55.361355058832));
#7906 = CARTESIAN_POINT('',(-20.48021823298,-53.16050758923,
    55.008299043671));
#7907 = CARTESIAN_POINT('',(-21.23174297963,-53.18934359358,
    54.604771298484));
#7908 = CARTESIAN_POINT('',(-22.67673812151,-53.24475791352,
    53.695426846009));
#7909 = CARTESIAN_POINT('',(-23.37013139213,-53.27184997607,
    53.188979876338));
#7910 = CARTESIAN_POINT('',(-24.02276087383,-53.29723973346,
    52.63632652176));
#7911 = ORIENTED_EDGE('',*,*,#7912,.T.);
#7912 = EDGE_CURVE('',#7902,#7913,#7915,.T.);
#7913 = VERTEX_POINT('',#7914);
#7914 = CARTESIAN_POINT('',(-24.16907008574,-52.50168120645,
    52.702697599623));
#7915 = B_SPLINE_CURVE_WITH_KNOTS('',3,(#7916,#7917,#7918,#7919),
  .UNSPECIFIED.,.F.,.F.,(4,4),(0.,8.116186760743E-04),
  .PIECEWISE_BEZIER_KNOTS.);
#7916 = CARTESIAN_POINT('',(-24.02276087383,-53.29723973346,
    52.63632652176));
#7917 = CARTESIAN_POINT('',(-24.06811046412,-53.03127408577,
    52.656646467881));
#7918 = CARTESIAN_POINT('',(-24.11688001777,-52.76608796493,
    52.678771222593));
#7919 = CARTESIAN_POINT('',(-24.16907008574,-52.50168120645,
    52.702697599623));
#7920 = ORIENTED_EDGE('',*,*,#7921,.T.);
#7921 = EDGE_CURVE('',#7913,#7922,#7924,.T.);
#7922 = VERTEX_POINT('',#7923);
#7923 = CARTESIAN_POINT('',(-24.17024174635,-52.32093425086,
    52.748528908879));
#7924 = B_SPLINE_CURVE_WITH_KNOTS('',3,(#7925,#7926,#7927,#7928),
  .UNSPECIFIED.,.F.,.F.,(4,4),(0.,1.864707581702E-04),
  .PIECEWISE_BEZIER_KNOTS.);
#7925 = CARTESIAN_POINT('',(-24.16907008574,-52.50168120645,
    52.702697599623));
#7926 = CARTESIAN_POINT('',(-24.169644253,-52.44134565916,
    52.717623238381));
#7927 = CARTESIAN_POINT('',(-24.17004370092,-52.38109277193,
    52.732895747055));
#7928 = CARTESIAN_POINT('',(-24.17024174635,-52.32093425086,
    52.748528908879));
#7929 = ORIENTED_EDGE('',*,*,#7930,.T.);
#7930 = EDGE_CURVE('',#7922,#7818,#7931,.T.);
#7931 = B_SPLINE_CURVE_WITH_KNOTS('',3,(#7932,#7933,#7934,#7935),
  .UNSPECIFIED.,.F.,.F.,(4,4),(1.009962269543E-03,1.431622828573E-03),
  .PIECEWISE_BEZIER_KNOTS.);
#7932 = CARTESIAN_POINT('',(-24.17024174635,-52.32093425086,
    52.748528908879));
#7933 = CARTESIAN_POINT('',(-24.17068951576,-52.18491927188,
    52.78387459456));
#7934 = CARTESIAN_POINT('',(-24.17114577391,-52.04917025577,
    52.820258482676));
#7935 = CARTESIAN_POINT('',(-24.17161023145,-51.91368238448,
    52.857661767433));
#7936 = ORIENTED_EDGE('',*,*,#7828,.F.);
#7937 = ORIENTED_EDGE('',*,*,#7938,.T.);
#7938 = EDGE_CURVE('',#7730,#7900,#7939,.T.);
#7939 = B_SPLINE_CURVE_WITH_KNOTS('',3,(#7940,#7941,#7942,#7943),
  .UNSPECIFIED.,.F.,.F.,(4,4),(0.,1.989334361595E-04),
  .PIECEWISE_BEZIER_KNOTS.);
#7940 = CARTESIAN_POINT('',(-19.56458090135,-53.00806769918,
    55.439342084151));
#7941 = CARTESIAN_POINT('',(-19.61010692964,-53.04872638321,
    55.413430307603));
#7942 = CARTESIAN_POINT('',(-19.65525952399,-53.08974970643,
    55.38742898308));
#7943 = CARTESIAN_POINT('',(-19.7000258156,-53.13114170581,
    55.361355058832));
#7944 = ( BOUNDED_SURFACE() B_SPLINE_SURFACE(3,2,(
    (#7945,#7946,#7947)
    ,(#7948,#7949,#7950)
    ,(#7951,#7952,#7953)
    ,(#7954,#7955,#7956)
    ,(#7957,#7958,#7959)
    ,(#7960,#7961,#7962)
    ,(#7963,#7964,#7965)
    ,(#7966,#7967,#7968)
    ,(#7969,#7970,#7971)
    ,(#7972,#7973,#7974)
    ,(#7975,#7976,#7977)
    ,(#7978,#7979,#7980)
    ,(#7981,#7982,#7983)
    ,(#7984,#7985,#7986
)),.UNSPECIFIED.,.F.,.F.,.F.) B_SPLINE_SURFACE_WITH_KNOTS((4,2,2,2,2,2,4
    ),(3,3),(2.052338583537E-02,2.401091355816E-02,2.749844128094E-02,
    3.098596900373E-02,3.185785093443E-02,3.272973286512E-02,
    3.447349672652E-02),(0.775662520244,1.),.UNSPECIFIED.) 
GEOMETRIC_REPRESENTATION_ITEM() RATIONAL_B_SPLINE_SURFACE((
    (0.999197875655,0.999482942437,1.)
    ,(0.99911254267,0.999427935921,1.)
    ,(0.999021901474,0.999369507678,1.)
    ,(0.998831614561,0.999246846787,1.)
    ,(0.998732059823,0.999182672784,1.)
    ,(0.998525108656,0.999049269943,1.)
    ,(0.998417752425,0.998980067018,1.)
    ,(0.998279784842,0.998891131701,1.)
    ,(0.998251956877,0.998873193511,1.)
    ,(0.99819597803,0.998837108973,1.)
    ,(0.998166528233,0.998818125332,1.)
    ,(0.998088173117,0.998767616822,1.)
    ,(0.998035679322,0.998733778785,1.)
,(0.997983215276,0.998699959924,1.
  ))) REPRESENTATION_ITEM('') SURFACE() );
#7945 = CARTESIAN_POINT('',(-19.41137400511,-53.91863874797,
    55.38614042305));
#7946 = CARTESIAN_POINT('',(-19.46983699289,-53.46625421704,
    55.412545683431));
#7947 = CARTESIAN_POINT('',(-19.53382009327,-53.01553637368,
    55.451616274462));
#7948 = CARTESIAN_POINT('',(-19.834181731,-53.86097815546,
    55.207761972071));
#7949 = CARTESIAN_POINT('',(-19.89709563116,-53.38476957764,
    55.236643758773));
#7950 = CARTESIAN_POINT('',(-19.96639877724,-52.91049699151,
    55.279402853336));
#7951 = CARTESIAN_POINT('',(-20.24772830739,-53.80491672671,
    55.01611984997));
#7952 = CARTESIAN_POINT('',(-20.31541802997,-53.3053703506,
    55.047475936685));
#7953 = CARTESIAN_POINT('',(-20.39050173732,-52.80806394894,
    55.093946429792));
#7954 = CARTESIAN_POINT('',(-21.05749606959,-53.69553712226,
    54.606310049939));
#7955 = CARTESIAN_POINT('',(-21.13495728575,-53.15028281643,
    54.642704473594));
#7956 = CARTESIAN_POINT('',(-21.22208186282,-52.60795308765,
    54.696679021678));
#7957 = CARTESIAN_POINT('',(-21.45415181877,-53.64190744771,
    54.387915704108));
#7958 = CARTESIAN_POINT('',(-21.53642543225,-53.07428482299,
    54.426996220445));
#7959 = CARTESIAN_POINT('',(-21.62962486881,-52.50996798522,
    54.484886522399));
#7960 = CARTESIAN_POINT('',(-22.22891731376,-53.53588308548,
    53.9254876481));
#7961 = CARTESIAN_POINT('',(-22.32175763352,-52.92450820867,
    53.969532498725));
#7962 = CARTESIAN_POINT('',(-22.42831240905,-52.31728006288,
    54.034779385461));
#7963 = CARTESIAN_POINT('',(-22.60715626071,-53.48404420528,
    53.681301181611));
#7964 = CARTESIAN_POINT('',(-22.70561146959,-52.85128312879,
    53.727689371359));
#7965 = CARTESIAN_POINT('',(-22.81930618169,-52.22312874173,
    53.796444065666));
#7966 = CARTESIAN_POINT('',(-23.06885060481,-53.42062744803,
    53.359280558258));
#7967 = CARTESIAN_POINT('',(-23.17445661986,-52.7617596582,
    53.408524776879));
#7968 = CARTESIAN_POINT('',(-23.29737812442,-52.10811646717,
    53.481498940026));
#7969 = CARTESIAN_POINT('',(-23.16046855444,-53.40800594327,
    53.294158039008));
#7970 = CARTESIAN_POINT('',(-23.26759585576,-52.74394839146,
    53.34390763245));
#7971 = CARTESIAN_POINT('',(-23.39245987918,-52.08524238319,
    53.417657771712));
#7972 = CARTESIAN_POINT('',(-23.34268284459,-53.38300999018,
    53.162126229283));
#7973 = CARTESIAN_POINT('',(-23.45280200527,-52.70863565925,
    53.212922188039));
#7974 = CARTESIAN_POINT('',(-23.58151551858,-52.03987133637,
    53.288250124213));
#7975 = CARTESIAN_POINT('',(-23.43378818289,-53.36898892138,
    53.095157159305));
#7976 = CARTESIAN_POINT('',(-23.54547547763,-52.68925953292,
    53.146516095009));
#7977 = CARTESIAN_POINT('',(-23.67620658861,-52.01527774413,
    53.222685303609));
#7978 = CARTESIAN_POINT('',(-23.70144414667,-53.34010668044,
    52.892120301313));
#7979 = CARTESIAN_POINT('',(-23.81704362082,-52.64624796637,
    52.94500795188));
#7980 = CARTESIAN_POINT('',(-23.95295086903,-51.95850796935,
    53.023385762604));
#7981 = CARTESIAN_POINT('',(-23.87754623135,-53.32103148492,
    52.753389343724));
#7982 = CARTESIAN_POINT('',(-23.99572098635,-52.61791206259,
    52.807308902552));
#7983 = CARTESIAN_POINT('',(-24.13507188978,-51.92116479278,
    52.887146807609));
#7984 = CARTESIAN_POINT('',(-24.05015125529,-53.30223562642,
    52.612220398033));
#7985 = CARTESIAN_POINT('',(-24.17099901635,-52.59005746828,
    52.66705231176));
#7986 = CARTESIAN_POINT('',(-24.31391285847,-51.88450867684,
    52.748200236527));
#7987 = ADVANCED_FACE('',(#7988),#8022,.F.);
#7988 = FACE_BOUND('',#7989,.F.);
#7989 = EDGE_LOOP('',(#7990,#7999,#8014,#8021));
#7990 = ORIENTED_EDGE('',*,*,#7991,.F.);
#7991 = EDGE_CURVE('',#7992,#7553,#7994,.T.);
#7992 = VERTEX_POINT('',#7993);
#7993 = CARTESIAN_POINT('',(19.605809464822,-26.54004449372,
    56.489579170336));
#7994 = CIRCLE('',#7995,1.);
#7995 = AXIS2_PLACEMENT_3D('',#7996,#7997,#7998);
#7996 = CARTESIAN_POINT('',(19.682428022442,-27.40863060494,56.));
#7997 = DIRECTION('',(0.996131997842,8.786946497165E-02,0.));
#7998 = DIRECTION('',(-8.786946497165E-02,0.996131997842,0.));
#7999 = ORIENTED_EDGE('',*,*,#8000,.F.);
#8000 = EDGE_CURVE('',#8001,#7992,#8003,.T.);
#8001 = VERTEX_POINT('',#8002);
#8002 = CARTESIAN_POINT('',(-19.60580946482,-26.54004449372,
    56.489579170336));
#8003 = B_SPLINE_CURVE_WITH_KNOTS('',3,(#8004,#8005,#8006,#8007,#8008,
    #8009,#8010,#8011,#8012,#8013),.UNSPECIFIED.,.F.,.F.,(4,2,2,2,4),(0.
    ,9.809750333463E-03,1.961950066693E-02,2.942925100039E-02,
    3.923900133385E-02),.UNSPECIFIED.);
#8004 = CARTESIAN_POINT('',(-19.60580946482,-26.54004449372,
    56.489579170336));
#8005 = CARTESIAN_POINT('',(-16.34397450108,-26.78296536935,
    56.410083567229));
#8006 = CARTESIAN_POINT('',(-13.08043063275,-26.99111134021,
    56.349980803856));
#8007 = CARTESIAN_POINT('',(-6.547720803734,-27.28619179691,
    56.269999921119));
#8008 = CARTESIAN_POINT('',(-3.278416029346,-27.36981785509,
    56.250021708794));
#8009 = CARTESIAN_POINT('',(3.26775316637,-27.36999299938,
    56.249978326539));
#8010 = CARTESIAN_POINT('',(6.539610412669,-27.28649036331,
    56.269922567476));
#8011 = CARTESIAN_POINT('',(13.077826446401,-26.99129663695,
    56.349927013355));
#8012 = CARTESIAN_POINT('',(16.34301018683,-26.78303718539,
    56.410060065505));
#8013 = CARTESIAN_POINT('',(19.605809464822,-26.54004449372,
    56.489579170336));
#8014 = ORIENTED_EDGE('',*,*,#8015,.T.);
#8015 = EDGE_CURVE('',#8001,#7686,#8016,.T.);
#8016 = CIRCLE('',#8017,1.);
#8017 = AXIS2_PLACEMENT_3D('',#8018,#8019,#8020);
#8018 = CARTESIAN_POINT('',(-19.68242802244,-27.40863060494,56.));
#8019 = DIRECTION('',(0.996131997842,-8.786946497165E-02,0.));
#8020 = DIRECTION('',(8.786946497165E-02,0.996131997842,0.));
#8021 = ORIENTED_EDGE('',*,*,#7700,.F.);
#8022 = ( BOUNDED_SURFACE() B_SPLINE_SURFACE(3,2,(
    (#8023,#8024,#8025)
    ,(#8026,#8027,#8028)
    ,(#8029,#8030,#8031)
    ,(#8032,#8033,#8034)
    ,(#8035,#8036,#8037)
    ,(#8038,#8039,#8040)
    ,(#8041,#8042,#8043)
    ,(#8044,#8045,#8046)
    ,(#8047,#8048,#8049)
    ,(#8050,#8051,#8052
)),.UNSPECIFIED.,.F.,.F.,.F.) B_SPLINE_SURFACE_WITH_KNOTS((4,2,2,2,4),(3
    ,3),(1.283968000746E-02,2.268121254734E-02,3.252274508723E-02,
    4.236427762712E-02,5.2205810167E-02),(0.,1.),.UNSPECIFIED.) 
GEOMETRIC_REPRESENTATION_ITEM() RATIONAL_B_SPLINE_SURFACE((
    (1.,0.863011926434,1.)
    ,(1.,0.839965547788,1.)
    ,(1.,0.821680786183,1.)
    ,(1.,0.796977769964,1.)
    ,(1.,0.790583475572,1.)
    ,(1.,0.790555401277,1.)
    ,(1.,0.796922493436,1.)
    ,(1.,0.821615700232,1.)
    ,(1.,0.839917551352,1.)
,(1.,0.863011926434,1.))) REPRESENTATION_ITEM('') SURFACE() );
#8023 = CARTESIAN_POINT('',(19.605809464822,-26.54004449372,
    56.489579170336));
#8024 = CARTESIAN_POINT('',(19.630991644205,-26.82552221532,57.));
#8025 = CARTESIAN_POINT('',(19.682428022442,-27.40863060494,57.));
#8026 = CARTESIAN_POINT('',(16.344783510264,-26.78290511949,56.410103284
    ));
#8027 = CARTESIAN_POINT('',(16.275304559614,-27.05841748225,57.));
#8028 = CARTESIAN_POINT('',(16.414501863928,-27.69689654122,57.));
#8029 = CARTESIAN_POINT('',(13.082081857105,-26.99099818624,
    56.350013509299));
#8030 = CARTESIAN_POINT('',(13.048185763776,-27.23653922692,57.));
#8031 = CARTESIAN_POINT('',(13.141905158302,-27.92687771212,57.));
#8032 = CARTESIAN_POINT('',(6.552177876034,-27.28602900498,
    56.270042012086));
#8033 = CARTESIAN_POINT('',(6.508371118505,-27.49386530989,57.));
#8034 = CARTESIAN_POINT('',(6.585755244059,-28.24930915259,57.));
#8035 = CARTESIAN_POINT('',(3.284906902412,-27.36972598985,
    56.250044463301));
#8036 = CARTESIAN_POINT('',(3.288245173615,-27.56340021925,57.));
#8037 = CARTESIAN_POINT('',(3.301889203193,-28.33795935866,57.));
#8038 = CARTESIAN_POINT('',(-3.263092206983,-27.37008441021,
    56.249955684582));
#8039 = CARTESIAN_POINT('',(-3.266524307465,-27.56370860425,57.));
#8040 = CARTESIAN_POINT('',(-3.2799617302,-28.33834267304,57.));
#8041 = CARTESIAN_POINT('',(-6.532477081873,-27.28671737554,
    56.269866043819));
#8042 = CARTESIAN_POINT('',(-6.488605057821,-27.49445768816,
    56.999999999988));
#8043 = CARTESIAN_POINT('',(-6.565965126576,-28.25004929556,57.));
#8044 = CARTESIAN_POINT('',(-13.06994175289,-26.99174745498,
    56.349799840544));
#8045 = CARTESIAN_POINT('',(-13.03598680346,-27.23719815117,
    57.000000000011));
#8046 = CARTESIAN_POINT('',(-13.1297263486,-27.92770866829,57.));
#8047 = CARTESIAN_POINT('',(-16.33805688463,-26.78340607602,
    56.409939346323));
#8048 = CARTESIAN_POINT('',(-16.26819064309,-27.05891121009,57.));
#8049 = CARTESIAN_POINT('',(-16.40776198051,-27.69749107045,57.));
#8050 = CARTESIAN_POINT('',(-19.60580946482,-26.54004449372,
    56.489579170336));
#8051 = CARTESIAN_POINT('',(-19.6309916442,-26.82552221532,57.));
#8052 = CARTESIAN_POINT('',(-19.68242802244,-27.40863060494,57.));
#8053 = ADVANCED_FACE('',(#8054),#8089,.F.);
#8054 = FACE_BOUND('',#8055,.F.);
#8055 = EDGE_LOOP('',(#8056,#8065,#8076,#8087,#8088));
#8056 = ORIENTED_EDGE('',*,*,#8057,.F.);
#8057 = EDGE_CURVE('',#8058,#8001,#8060,.T.);
#8058 = VERTEX_POINT('',#8059);
#8059 = CARTESIAN_POINT('',(-21.01268504148,-26.39899083994,
    56.470259060111));
#8060 = B_SPLINE_CURVE_WITH_KNOTS('',3,(#8061,#8062,#8063,#8064),
  .UNSPECIFIED.,.F.,.F.,(4,4),(0.,1.414060920935E-03),
  .PIECEWISE_BEZIER_KNOTS.);
#8061 = CARTESIAN_POINT('',(-21.01268504148,-26.39899083994,
    56.470259060111));
#8062 = CARTESIAN_POINT('',(-20.54527159602,-26.45899096716,
    56.49442894869));
#8063 = CARTESIAN_POINT('',(-20.07621548657,-26.50501162296,
    56.50104364074));
#8064 = CARTESIAN_POINT('',(-19.60580946482,-26.54004449372,
    56.489579170336));
#8065 = ORIENTED_EDGE('',*,*,#8066,.F.);
#8066 = EDGE_CURVE('',#8067,#8058,#8069,.T.);
#8067 = VERTEX_POINT('',#8068);
#8068 = CARTESIAN_POINT('',(-21.20807894724,-26.96740703605,
    56.900922128585));
#8069 = B_SPLINE_CURVE_WITH_KNOTS('',3,(#8070,#8071,#8072,#8073,#8074,
    #8075),.UNSPECIFIED.,.F.,.F.,(4,2,4),(0.,3.758476873411E-04,
    7.516953746822E-04),.UNSPECIFIED.);
#8070 = CARTESIAN_POINT('',(-21.20807894724,-26.96740703605,
    56.900922128585));
#8071 = CARTESIAN_POINT('',(-21.17741530027,-26.84767879651,
    56.868971293641));
#8072 = CARTESIAN_POINT('',(-21.14522062871,-26.73891481092,
    56.815774362267));
#8073 = CARTESIAN_POINT('',(-21.07787115754,-26.54303027371,
    56.667403431569));
#8074 = CARTESIAN_POINT('',(-21.04416306615,-26.46081143106,
    56.57458435079));
#8075 = CARTESIAN_POINT('',(-21.01268504148,-26.39899083994,
    56.470259060111));
#8076 = ORIENTED_EDGE('',*,*,#8077,.F.);
#8077 = EDGE_CURVE('',#7742,#8067,#8078,.T.);
#8078 = B_SPLINE_CURVE_WITH_KNOTS('',3,(#8079,#8080,#8081,#8082,#8083,
    #8084,#8085,#8086),.UNSPECIFIED.,.F.,.F.,(4,2,2,4),(0.,
    2.328154945118E-04,3.492232417677E-04,4.656309890236E-04),
  .UNSPECIFIED.);
#8079 = CARTESIAN_POINT('',(-21.58282335156,-27.21025171377,
    56.903991984061));
#8080 = CARTESIAN_POINT('',(-21.50826167929,-27.18983159258,
    56.912237350162));
#8081 = CARTESIAN_POINT('',(-21.43417092628,-27.16452292595,
    56.918837833304));
#8082 = CARTESIAN_POINT('',(-21.33218906501,-27.11048630461,
    56.921827811342));
#8083 = CARTESIAN_POINT('',(-21.29971383093,-27.08992705514,
    56.921715930428));
#8084 = CARTESIAN_POINT('',(-21.24182366726,-27.03696773085,
    56.916338727948));
#8085 = CARTESIAN_POINT('',(-21.21760428052,-27.0045993302,
    56.910847312938));
#8086 = CARTESIAN_POINT('',(-21.20807894724,-26.96740703605,
    56.900922128585));
#8087 = ORIENTED_EDGE('',*,*,#7741,.F.);
#8088 = ORIENTED_EDGE('',*,*,#8015,.F.);
#8089 = ( BOUNDED_SURFACE() B_SPLINE_SURFACE(3,2,(
    (#8090,#8091,#8092)
    ,(#8093,#8094,#8095)
    ,(#8096,#8097,#8098)
    ,(#8099,#8100,#8101
)),.UNSPECIFIED.,.F.,.F.,.F.) B_SPLINE_SURFACE_WITH_KNOTS((4,4),(3,3),(
    2.515349040166E-17,1.814535575312E-03),(0.,1.),
.PIECEWISE_BEZIER_KNOTS.) GEOMETRIC_REPRESENTATION_ITEM() 
RATIONAL_B_SPLINE_SURFACE((
    (1.,0.863011926435,1.)
    ,(1.,0.864415759074,1.)
    ,(1.,0.865993078587,1.)
,(1.,0.86745344926,1.))) REPRESENTATION_ITEM('') SURFACE() );
#8090 = CARTESIAN_POINT('',(-19.60580946482,-26.54004449372,
    56.489579170336));
#8091 = CARTESIAN_POINT('',(-19.6309916442,-26.82552221532,57.));
#8092 = CARTESIAN_POINT('',(-19.68242802244,-27.40863060494,57.));
#8093 = CARTESIAN_POINT('',(-20.21499118489,-26.49467648499,
    56.504425803696));
#8094 = CARTESIAN_POINT('',(-20.26349240981,-26.78496209704,
    57.00670055954));
#8095 = CARTESIAN_POINT('',(-20.32829447336,-27.36316803232,57.));
#8096 = CARTESIAN_POINT('',(-20.81558123903,-26.43136712689,
    56.488811061558));
#8097 = CARTESIAN_POINT('',(-20.88801658019,-26.72597503874,
    56.980848793806));
#8098 = CARTESIAN_POINT('',(-20.96574552277,-27.2982318572,
    56.96634700222));
#8099 = CARTESIAN_POINT('',(-21.406583265,-26.34495917529,
    56.445712025537));
#8100 = CARTESIAN_POINT('',(-21.50367878501,-26.64275944738,
    56.926164316679));
#8101 = CARTESIAN_POINT('',(-21.59406677349,-27.20865151216,
    56.902859195196));
#8102 = ADVANCED_FACE('',(#8103),#8138,.F.);
#8103 = FACE_BOUND('',#8104,.F.);
#8104 = EDGE_LOOP('',(#8105,#8106,#8119,#8130,#8137));
#8105 = ORIENTED_EDGE('',*,*,#7552,.T.);
#8106 = ORIENTED_EDGE('',*,*,#8107,.T.);
#8107 = EDGE_CURVE('',#7540,#8108,#8110,.T.);
#8108 = VERTEX_POINT('',#8109);
#8109 = CARTESIAN_POINT('',(21.208078947245,-26.96740703605,
    56.900922128585));
#8110 = B_SPLINE_CURVE_WITH_KNOTS('',3,(#8111,#8112,#8113,#8114,#8115,
    #8116,#8117,#8118),.UNSPECIFIED.,.F.,.F.,(4,2,2,4),(0.,
    2.32815494507E-04,3.492232417605E-04,4.656309890139E-04),
  .UNSPECIFIED.);
#8111 = CARTESIAN_POINT('',(21.582823351564,-27.21025171377,
    56.903991984061));
#8112 = CARTESIAN_POINT('',(21.508261679292,-27.18983159258,
    56.912237350162));
#8113 = CARTESIAN_POINT('',(21.434170926293,-27.16452292596,
    56.918837833303));
#8114 = CARTESIAN_POINT('',(21.33218906502,-27.11048630461,
    56.921827811342));
#8115 = CARTESIAN_POINT('',(21.299713830942,-27.08992705515,
    56.921715930428));
#8116 = CARTESIAN_POINT('',(21.241823667271,-27.03696773085,
    56.916338727949));
#8117 = CARTESIAN_POINT('',(21.217604280528,-27.00459933019,
    56.910847312938));
#8118 = CARTESIAN_POINT('',(21.208078947245,-26.96740703605,
    56.900922128585));
#8119 = ORIENTED_EDGE('',*,*,#8120,.T.);
#8120 = EDGE_CURVE('',#8108,#8121,#8123,.T.);
#8121 = VERTEX_POINT('',#8122);
#8122 = CARTESIAN_POINT('',(21.012685041485,-26.39899083994,
    56.470259060111));
#8123 = B_SPLINE_CURVE_WITH_KNOTS('',3,(#8124,#8125,#8126,#8127,#8128,
    #8129),.UNSPECIFIED.,.F.,.F.,(4,2,4),(0.,3.76203680898E-04,
    7.524073617961E-04),.UNSPECIFIED.);
#8124 = CARTESIAN_POINT('',(21.208078947245,-26.96740703605,
    56.900922128585));
#8125 = CARTESIAN_POINT('',(21.177417915369,-26.84768900733,
    56.868974018514));
#8126 = CARTESIAN_POINT('',(21.145184558224,-26.73878058493,
    56.815729251226));
#8127 = CARTESIAN_POINT('',(21.077718365239,-26.54261527837,
    56.667032381444));
#8128 = CARTESIAN_POINT('',(21.044192886974,-26.46086998481,
    56.574683164098));
#8129 = CARTESIAN_POINT('',(21.012685041485,-26.39899083994,
    56.470259060111));
#8130 = ORIENTED_EDGE('',*,*,#8131,.T.);
#8131 = EDGE_CURVE('',#8121,#7992,#8132,.T.);
#8132 = B_SPLINE_CURVE_WITH_KNOTS('',3,(#8133,#8134,#8135,#8136),
  .UNSPECIFIED.,.F.,.F.,(4,4),(0.,1.414060920935E-03),
  .PIECEWISE_BEZIER_KNOTS.);
#8133 = CARTESIAN_POINT('',(21.012685041485,-26.39899083994,
    56.470259060111));
#8134 = CARTESIAN_POINT('',(20.545271596025,-26.45899096716,
    56.49442894869));
#8135 = CARTESIAN_POINT('',(20.07621548657,-26.50501162296,
    56.50104364074));
#8136 = CARTESIAN_POINT('',(19.605809464822,-26.54004449372,
    56.489579170336));
#8137 = ORIENTED_EDGE('',*,*,#7991,.T.);
#8138 = ( BOUNDED_SURFACE() B_SPLINE_SURFACE(3,2,(
    (#8139,#8140,#8141)
    ,(#8142,#8143,#8144)
    ,(#8145,#8146,#8147)
    ,(#8148,#8149,#8150
)),.UNSPECIFIED.,.F.,.F.,.F.) B_SPLINE_SURFACE_WITH_KNOTS((4,4),(3,3),(
    2.515349040166E-17,1.814535575312E-03),(0.,1.),
.PIECEWISE_BEZIER_KNOTS.) GEOMETRIC_REPRESENTATION_ITEM() 
RATIONAL_B_SPLINE_SURFACE((
    (1.,0.863011926435,1.)
    ,(1.,0.864415759074,1.)
    ,(1.,0.865993078587,1.)
,(1.,0.86745344926,1.))) REPRESENTATION_ITEM('') SURFACE() );
#8139 = CARTESIAN_POINT('',(19.682428022442,-27.40863060494,57.));
#8140 = CARTESIAN_POINT('',(19.630991644205,-26.82552221532,57.));
#8141 = CARTESIAN_POINT('',(19.605809464822,-26.54004449372,
    56.489579170336));
#8142 = CARTESIAN_POINT('',(20.32829447336,-27.36316803235,57.));
#8143 = CARTESIAN_POINT('',(20.263492409804,-26.78496209708,
    57.006700559561));
#8144 = CARTESIAN_POINT('',(20.214991184884,-26.494676485,
    56.504425803725));
#8145 = CARTESIAN_POINT('',(20.965745522785,-27.29823185722,
    56.966347002219));
#8146 = CARTESIAN_POINT('',(20.888016580201,-26.72597503875,
    56.980848793807));
#8147 = CARTESIAN_POINT('',(20.81558123904,-26.4313671269,
    56.488811061564));
#8148 = CARTESIAN_POINT('',(21.594066773499,-27.20865151216,
    56.902859195196));
#8149 = CARTESIAN_POINT('',(21.503678785014,-26.64275944738,
    56.926164316679));
#8150 = CARTESIAN_POINT('',(21.406583265002,-26.34495917529,
    56.445712025537));
#8151 = ADVANCED_FACE('',(#8152),#8180,.F.);
#8152 = FACE_BOUND('',#8153,.F.);
#8153 = EDGE_LOOP('',(#8154,#8155,#8164,#8173));
#8154 = ORIENTED_EDGE('',*,*,#8066,.T.);
#8155 = ORIENTED_EDGE('',*,*,#8156,.F.);
#8156 = EDGE_CURVE('',#8157,#8058,#8159,.T.);
#8157 = VERTEX_POINT('',#8158);
#8158 = CARTESIAN_POINT('',(-23.42424445462,-25.65201543517,
    55.80782504826));
#8159 = B_SPLINE_CURVE_WITH_KNOTS('',3,(#8160,#8161,#8162,#8163),
  .UNSPECIFIED.,.F.,.F.,(4,4),(2.393298237123E-02,2.651248654504E-02),
  .PIECEWISE_BEZIER_KNOTS.);
#8160 = CARTESIAN_POINT('',(-23.42424445462,-25.65201543517,
    55.80782504826));
#8161 = CARTESIAN_POINT('',(-22.63872286285,-25.94586729457,
    56.041134593418));
#8162 = CARTESIAN_POINT('',(-21.83271253138,-26.18963899877,
    56.260406196704));
#8163 = CARTESIAN_POINT('',(-21.01268504148,-26.39899083994,
    56.470259060111));
#8164 = ORIENTED_EDGE('',*,*,#8165,.F.);
#8165 = EDGE_CURVE('',#8166,#8157,#8168,.T.);
#8166 = VERTEX_POINT('',#8167);
#8167 = CARTESIAN_POINT('',(-23.65502560354,-26.17222645655,
    56.165161998754));
#8168 = B_SPLINE_CURVE_WITH_KNOTS('',3,(#8169,#8170,#8171,#8172),
  .UNSPECIFIED.,.F.,.F.,(4,4),(4.415885040048E-17,6.821550415994E-04),
  .PIECEWISE_BEZIER_KNOTS.);
#8169 = CARTESIAN_POINT('',(-23.65502560354,-26.17222645655,
    56.165161998754));
#8170 = CARTESIAN_POINT('',(-23.56959063164,-25.96355148906,
    56.115793741362));
#8171 = CARTESIAN_POINT('',(-23.48408251926,-25.78149202819,
    55.989252512904));
#8172 = CARTESIAN_POINT('',(-23.42424445462,-25.65201543517,
    55.80782504826));
#8173 = ORIENTED_EDGE('',*,*,#8174,.F.);
#8174 = EDGE_CURVE('',#8067,#8166,#8175,.T.);
#8175 = B_SPLINE_CURVE_WITH_KNOTS('',3,(#8176,#8177,#8178,#8179),
  .UNSPECIFIED.,.F.,.F.,(4,4),(0.,2.669853531806E-03),
  .PIECEWISE_BEZIER_KNOTS.);
#8176 = CARTESIAN_POINT('',(-21.20807894724,-26.96740703605,
    56.900922128585));
#8177 = CARTESIAN_POINT('',(-22.04260872829,-26.74200168569,
    56.664527722647));
#8178 = CARTESIAN_POINT('',(-22.86038508646,-26.48140974438,
    56.420272562378));
#8179 = CARTESIAN_POINT('',(-23.65502560354,-26.17222645655,
    56.165161998754));
#8180 = ( BOUNDED_SURFACE() B_SPLINE_SURFACE(3,2,(
    (#8181,#8182,#8183)
    ,(#8184,#8185,#8186)
    ,(#8187,#8188,#8189)
    ,(#8190,#8191,#8192
)),.UNSPECIFIED.,.F.,.F.,.F.) B_SPLINE_SURFACE_WITH_KNOTS((4,4),(3,3),(
    2.483561505047E-02,2.762104946269E-02),(0.,1.),
.PIECEWISE_BEZIER_KNOTS.) GEOMETRIC_REPRESENTATION_ITEM() 
RATIONAL_B_SPLINE_SURFACE((
    (1.,0.942745422746,1.)
    ,(1.,0.938859979912,1.)
    ,(1.,0.93434239571,1.)
,(1.,0.929423881784,1.))) REPRESENTATION_ITEM('') SURFACE() );
#8181 = CARTESIAN_POINT('',(-23.7406044961,-26.13870316468,
    56.137616171083));
#8182 = CARTESIAN_POINT('',(-23.59392175881,-25.82464265833,
    56.066891255253));
#8183 = CARTESIAN_POINT('',(-23.43871149549,-25.64659692468,
    55.803525859504));
#8184 = CARTESIAN_POINT('',(-22.91313551617,-26.46503850258,
    56.404656048939));
#8185 = CARTESIAN_POINT('',(-22.77141888643,-26.13518196326,
    56.32793576888));
#8186 = CARTESIAN_POINT('',(-22.62553763196,-25.95153625924,
    56.045307194652));
#8187 = CARTESIAN_POINT('',(-22.06137874092,-26.73744235361,
    56.65937283844));
#8188 = CARTESIAN_POINT('',(-21.92579772551,-26.39012827725,
    56.575898745226));
#8189 = CARTESIAN_POINT('',(-21.78570481695,-26.20428533585,
    56.273340065327));
#8190 = CARTESIAN_POINT('',(-21.19262787069,-26.97157576883,
    56.905297447865));
#8191 = CARTESIAN_POINT('',(-21.06815170217,-26.60583392607,
    56.813780000354));
#8192 = CARTESIAN_POINT('',(-20.92718817718,-26.4206790514,
    56.492091001024));
#8193 = ADVANCED_FACE('',(#8194),#8222,.F.);
#8194 = FACE_BOUND('',#8195,.F.);
#8195 = EDGE_LOOP('',(#8196,#8197,#8206,#8215));
#8196 = ORIENTED_EDGE('',*,*,#8120,.F.);
#8197 = ORIENTED_EDGE('',*,*,#8198,.T.);
#8198 = EDGE_CURVE('',#8108,#8199,#8201,.T.);
#8199 = VERTEX_POINT('',#8200);
#8200 = CARTESIAN_POINT('',(23.730696698986,-26.14260751894,
    56.140812632976));
#8201 = B_SPLINE_CURVE_WITH_KNOTS('',3,(#8202,#8203,#8204,#8205),
  .UNSPECIFIED.,.F.,.F.,(4,4),(0.,2.754680117564E-03),
  .PIECEWISE_BEZIER_KNOTS.);
#8202 = CARTESIAN_POINT('',(21.208078947245,-26.96740703605,
    56.900922128585));
#8203 = CARTESIAN_POINT('',(22.069123408297,-26.73484010696,
    56.657016999639));
#8204 = CARTESIAN_POINT('',(22.912345549873,-26.46484162315,
    56.404749587001));
#8205 = CARTESIAN_POINT('',(23.730696698986,-26.14260751894,
    56.140812632976));
#8206 = ORIENTED_EDGE('',*,*,#8207,.F.);
#8207 = EDGE_CURVE('',#8208,#8199,#8210,.T.);
#8208 = VERTEX_POINT('',#8209);
#8209 = CARTESIAN_POINT('',(23.507490824083,-25.62065429974,
    55.783023291485));
#8210 = B_SPLINE_CURVE_WITH_KNOTS('',3,(#8211,#8212,#8213,#8214),
  .UNSPECIFIED.,.F.,.F.,(4,4),(3.363753621072E-17,6.811492086549E-04),
  .PIECEWISE_BEZIER_KNOTS.);
#8211 = CARTESIAN_POINT('',(23.507490824083,-25.62065429974,
    55.783023291485));
#8212 = CARTESIAN_POINT('',(23.566040874304,-25.75072240936,
    55.963869588273));
#8213 = CARTESIAN_POINT('',(23.649026480984,-25.9331596011,
    56.090455373889));
#8214 = CARTESIAN_POINT('',(23.730696698986,-26.14260751894,
    56.140812632976));
#8215 = ORIENTED_EDGE('',*,*,#8216,.T.);
#8216 = EDGE_CURVE('',#8208,#8121,#8217,.T.);
#8217 = B_SPLINE_CURVE_WITH_KNOTS('',3,(#8218,#8219,#8220,#8221),
  .UNSPECIFIED.,.F.,.F.,(4,4),(2.407931359308E-02,2.678160126387E-02),
  .PIECEWISE_BEZIER_KNOTS.);
#8218 = CARTESIAN_POINT('',(23.507490824083,-25.62065429974,
    55.783023291485));
#8219 = CARTESIAN_POINT('',(22.696311841138,-25.9284036243,
    56.025450292154));
#8220 = CARTESIAN_POINT('',(21.862251652061,-26.18209770366,
    56.252846853715));
#8221 = CARTESIAN_POINT('',(21.012685041485,-26.39899083994,
    56.470259060111));
#8222 = ( BOUNDED_SURFACE() B_SPLINE_SURFACE(3,2,(
    (#8223,#8224,#8225)
    ,(#8226,#8227,#8228)
    ,(#8229,#8230,#8231)
    ,(#8232,#8233,#8234
)),.UNSPECIFIED.,.F.,.F.,.F.) B_SPLINE_SURFACE_WITH_KNOTS((4,4),(3,3),(
    2.473992835983E-02,2.762162015866E-02),(0.,1.),
.PIECEWISE_BEZIER_KNOTS.) GEOMETRIC_REPRESENTATION_ITEM() 
RATIONAL_B_SPLINE_SURFACE((
    (1.,0.943143630316,1.)
    ,(1.,0.939169054052,1.)
    ,(1.,0.934509537964,1.)
,(1.,0.929420858531,1.))) REPRESENTATION_ITEM('') SURFACE() );
#8223 = CARTESIAN_POINT('',(23.52242392593,-25.61498172685,
    55.778557922413));
#8224 = CARTESIAN_POINT('',(23.678250567771,-25.79257536961,
    56.040054556193));
#8225 = CARTESIAN_POINT('',(23.825798411048,-26.10487679631,
    56.110050174318));
#8226 = CARTESIAN_POINT('',(22.683067789729,-25.93422804293,
    56.029686870202));
#8227 = CARTESIAN_POINT('',(22.829079231503,-26.11780155319,
    56.311029069636));
#8228 = CARTESIAN_POINT('',(22.971484424096,-26.44638132026,
    56.387208031673));
#8229 = CARTESIAN_POINT('',(21.814846125076,-26.19695774427,
    56.265920852561));
#8230 = CARTESIAN_POINT('',(21.95474463306,-26.38286608542,
    56.567875659422));
#8231 = CARTESIAN_POINT('',(22.09086699657,-26.72951348062,
    56.65103118594));
#8232 = CARTESIAN_POINT('',(20.926660451247,-26.42081206231,
    56.492225464355));
#8233 = CARTESIAN_POINT('',(21.067621721469,-26.60596721552,
    56.813926996888));
#8234 = CARTESIAN_POINT('',(21.192093856177,-26.97171968339,
    56.905448614109));
#8235 = ADVANCED_FACE('',(#8236),#8248,.F.);
#8236 = FACE_BOUND('',#8237,.F.);
#8237 = EDGE_LOOP('',(#8238,#8239,#8240,#8247));
#8238 = ORIENTED_EDGE('',*,*,#8107,.F.);
#8239 = ORIENTED_EDGE('',*,*,#7539,.F.);
#8240 = ORIENTED_EDGE('',*,*,#8241,.F.);
#8241 = EDGE_CURVE('',#8199,#7531,#8242,.T.);
#8242 = B_SPLINE_CURVE_WITH_KNOTS('',3,(#8243,#8244,#8245,#8246),
  .UNSPECIFIED.,.F.,.F.,(4,4),(0.,1.298335520015E-03),
  .PIECEWISE_BEZIER_KNOTS.);
#8243 = CARTESIAN_POINT('',(23.730696698986,-26.14260751894,
    56.140812632976));
#8244 = CARTESIAN_POINT('',(23.889067821058,-26.53616483955,
    56.234465017056));
#8245 = CARTESIAN_POINT('',(24.01129969293,-26.93821837912,
    56.337952888119));
#8246 = CARTESIAN_POINT('',(24.098599292613,-27.34848438109,
    56.450947760752));
#8247 = ORIENTED_EDGE('',*,*,#8198,.F.);
#8248 = B_SPLINE_SURFACE_WITH_KNOTS('',3,3,(
    (#8249,#8250,#8251,#8252)
    ,(#8253,#8254,#8255,#8256)
    ,(#8257,#8258,#8259,#8260)
    ,(#8261,#8262,#8263,#8264
    )),.UNSPECIFIED.,.F.,.F.,.F.,(4,4),(4,4),(0.,3.018748498499E-02),(
    0.405621905805,0.408309311544),.PIECEWISE_BEZIER_KNOTS.);
#8249 = CARTESIAN_POINT('',(23.440602208043,-28.43613903442,
    56.926193125453));
#8250 = CARTESIAN_POINT('',(22.680015678082,-27.96288519355,
    56.926193125453));
#8251 = CARTESIAN_POINT('',(21.919429148121,-27.48963135269,
    56.926193125453));
#8252 = CARTESIAN_POINT('',(21.15884261816,-27.01637751182,
    56.926193125453));
#8253 = CARTESIAN_POINT('',(23.812724664461,-27.8380850866,
    56.662838235332));
#8254 = CARTESIAN_POINT('',(23.052138134501,-27.36483124574,
    56.662838235332));
#8255 = CARTESIAN_POINT('',(22.29155160454,-26.89157740487,
    56.662838235332));
#8256 = CARTESIAN_POINT('',(21.530965074579,-26.41832356401,
    56.662838235332));
#8257 = CARTESIAN_POINT('',(24.18484712088,-27.24003113879,
    56.39948334521));
#8258 = CARTESIAN_POINT('',(23.424260590919,-26.76677729792,
    56.39948334521));
#8259 = CARTESIAN_POINT('',(22.663674060959,-26.29352345706,
    56.39948334521));
#8260 = CARTESIAN_POINT('',(21.903087530998,-25.82026961619,
    56.39948334521));
#8261 = CARTESIAN_POINT('',(24.556969577299,-26.64197719097,
    56.136128455089));
#8262 = CARTESIAN_POINT('',(23.796383047338,-26.16872335011,
    56.136128455089));
#8263 = CARTESIAN_POINT('',(23.035796517377,-25.69546950924,
    56.136128455089));
#8264 = CARTESIAN_POINT('',(22.275209987416,-25.22221566838,
    56.136128455089));
#8265 = ADVANCED_FACE('',(#8266),#8373,.T.);
#8266 = FACE_BOUND('',#8267,.T.);
#8267 = EDGE_LOOP('',(#8268,#8269,#8284,#8293,#8306,#8327,#8340,#8349,
    #8358,#8369,#8370,#8371,#8372));
#8268 = ORIENTED_EDGE('',*,*,#8156,.F.);
#8269 = ORIENTED_EDGE('',*,*,#8270,.T.);
#8270 = EDGE_CURVE('',#8157,#8271,#8273,.T.);
#8271 = VERTEX_POINT('',#8272);
#8272 = CARTESIAN_POINT('',(-19.99017389918,-22.26705492107,
    50.684736056118));
#8273 = B_SPLINE_CURVE_WITH_KNOTS('',3,(#8274,#8275,#8276,#8277,#8278,
    #8279,#8280,#8281,#8282,#8283),.UNSPECIFIED.,.F.,.F.,(4,2,2,2,4),(0.
    ,1.77823919896E-03,3.55647839792E-03,5.33471759688E-03,
    7.11295679584E-03),.UNSPECIFIED.);
#8274 = CARTESIAN_POINT('',(-23.42424445462,-25.65201543517,
    55.80782504826));
#8275 = CARTESIAN_POINT('',(-23.25501222244,-25.32217511664,
    55.34238740321));
#8276 = CARTESIAN_POINT('',(-23.06018239578,-25.00095248675,
    54.883256589303));
#8277 = CARTESIAN_POINT('',(-22.61350144793,-24.37675773214,
    53.979699591426));
#8278 = CARTESIAN_POINT('',(-22.36038260553,-24.07250241908,
    53.533297466858));
#8279 = CARTESIAN_POINT('',(-21.79371286549,-23.49362053068,
    52.66677533896));
#8280 = CARTESIAN_POINT('',(-21.4814013028,-23.21978475205,
    52.24789881209));
#8281 = CARTESIAN_POINT('',(-20.78993526231,-22.71099002698,
    51.441506023054));
#8282 = CARTESIAN_POINT('',(-20.41101422524,-22.47588565258,
    51.053886348313));
#8283 = CARTESIAN_POINT('',(-19.99017389918,-22.26705492107,
    50.684736056118));
#8284 = ORIENTED_EDGE('',*,*,#8285,.T.);
#8285 = EDGE_CURVE('',#8271,#8286,#8288,.T.);
#8286 = VERTEX_POINT('',#8287);
#8287 = CARTESIAN_POINT('',(-19.88181112454,-22.21205638085,
    50.588484807093));
#8288 = B_SPLINE_CURVE_WITH_KNOTS('',3,(#8289,#8290,#8291,#8292),
  .UNSPECIFIED.,.F.,.F.,(4,4),(0.,1.550213962458E-04),
  .PIECEWISE_BEZIER_KNOTS.);
#8289 = CARTESIAN_POINT('',(-19.99017389918,-22.26705492107,
    50.684736056118));
#8290 = CARTESIAN_POINT('',(-19.9537773301,-22.24899409924,
    50.652809923383));
#8291 = CARTESIAN_POINT('',(-19.91765670409,-22.23065885308,
    50.620721803398));
#8292 = CARTESIAN_POINT('',(-19.88181112454,-22.21205638085,
    50.588484807093));
#8293 = ORIENTED_EDGE('',*,*,#8294,.T.);
#8294 = EDGE_CURVE('',#8286,#8295,#8297,.T.);
#8295 = VERTEX_POINT('',#8296);
#8296 = CARTESIAN_POINT('',(-16.30605951561,-21.34128491844,
    48.489035364182));
#8297 = B_SPLINE_CURVE_WITH_KNOTS('',3,(#8298,#8299,#8300,#8301,#8302,
    #8303,#8304,#8305),.UNSPECIFIED.,.F.,.F.,(4,2,2,4),(0.,
    1.075906558879E-03,2.151813117759E-03,4.303626235518E-03),
  .UNSPECIFIED.);
#8298 = CARTESIAN_POINT('',(-19.88181112454,-22.21205638085,
    50.588484807093));
#8299 = CARTESIAN_POINT('',(-19.63208616528,-22.08245876578,
    50.363899720436));
#8300 = CARTESIAN_POINT('',(-19.37041420226,-21.96386328973,
    50.148872907569));
#8301 = CARTESIAN_POINT('',(-18.8202815861,-21.75224519659,
    49.739771974864));
#8302 = CARTESIAN_POINT('',(-18.53012957047,-21.65888003332,
    49.544780721627));
#8303 = CARTESIAN_POINT('',(-17.63231553114,-21.42960579642,
    49.007486437019));
#8304 = CARTESIAN_POINT('',(-16.99562566512,-21.34085112693,
    48.707779108232));
#8305 = CARTESIAN_POINT('',(-16.30605951561,-21.34128491844,
    48.489035364182));
#8306 = ORIENTED_EDGE('',*,*,#8307,.T.);
#8307 = EDGE_CURVE('',#8295,#8308,#8310,.T.);
#8308 = VERTEX_POINT('',#8309);
#8309 = CARTESIAN_POINT('',(16.306855631932,-21.34128441759,
    48.489287911968));
#8310 = B_SPLINE_CURVE_WITH_KNOTS('',3,(#8311,#8312,#8313,#8314,#8315,
    #8316,#8317,#8318,#8319,#8320,#8321,#8322,#8323,#8324,#8325,#8326),
  .UNSPECIFIED.,.F.,.F.,(4,2,2,2,2,2,2,4),(0.,8.205421646075E-03,
    1.641084329215E-02,1.846219870367E-02,2.051355411519E-02,
    2.461626493822E-02,2.871897576126E-02,3.28216865843E-02),
  .UNSPECIFIED.);
#8311 = CARTESIAN_POINT('',(-16.30605951561,-21.34128491844,
    48.489035364182));
#8312 = CARTESIAN_POINT('',(-13.66006396767,-21.34294945838,
    47.64967430606));
#8313 = CARTESIAN_POINT('',(-10.99505797283,-21.3436415894,
    46.949723457397));
#8314 = CARTESIAN_POINT('',(-5.605317914116,-21.34449492759,
    45.987831543942));
#8315 = CARTESIAN_POINT('',(-2.880698193448,-21.34462853325,
    45.725051919413));
#8316 = CARTESIAN_POINT('',(0.568607160945,-21.34463433402,
    45.715805700852));
#8317 = CARTESIAN_POINT('',(1.260621131232,-21.34462570564,
    45.729744539821));
#8318 = CARTESIAN_POINT('',(2.649017725448,-21.34458734071,
    45.789659321456));
#8319 = CARTESIAN_POINT('',(3.346557998643,-21.34455752753,
    45.835765797745));
#8320 = CARTESIAN_POINT('',(5.433670228632,-21.34443073664,
    46.021118598016));
#8321 = CARTESIAN_POINT('',(6.817997172716,-21.34429826241,
    46.207396019815));
#8322 = CARTESIAN_POINT('',(9.565115580077,-21.34387229718,
    46.691623497396));
#8323 = CARTESIAN_POINT('',(10.930754732468,-21.3435789962,
    46.990138859022));
#8324 = CARTESIAN_POINT('',(13.635720205955,-21.34270312817,
    47.677863566465));
#8325 = CARTESIAN_POINT('',(14.975810160892,-21.34212185655,
    48.067040235497));
#8326 = CARTESIAN_POINT('',(16.306855631932,-21.34128441759,
    48.489287911968));
#8327 = ORIENTED_EDGE('',*,*,#8328,.T.);
#8328 = EDGE_CURVE('',#8308,#8329,#8331,.T.);
#8329 = VERTEX_POINT('',#8330);
#8330 = CARTESIAN_POINT('',(19.882182181179,-22.21183513499,
    50.588377469236));
#8331 = B_SPLINE_CURVE_WITH_KNOTS('',3,(#8332,#8333,#8334,#8335,#8336,
    #8337,#8338,#8339),.UNSPECIFIED.,.F.,.F.,(4,2,2,4),(0.,
    1.072609757491E-03,2.145219514982E-03,4.290439029965E-03),
  .UNSPECIFIED.);
#8332 = CARTESIAN_POINT('',(16.306855631932,-21.34128441759,
    48.489287911968));
#8333 = CARTESIAN_POINT('',(16.650623932356,-21.34106813274,
    48.598341561341));
#8334 = CARTESIAN_POINT('',(16.983076088043,-21.36349760063,
    48.728748303611));
#8335 = CARTESIAN_POINT('',(17.628873983644,-21.44688248132,
    49.025547792673));
#8336 = CARTESIAN_POINT('',(17.943813519341,-21.50847776405,
    49.193170510492));
#8337 = CARTESIAN_POINT('',(18.841267880795,-21.73910083858,
    49.731852835641));
#8338 = CARTESIAN_POINT('',(19.383683896719,-21.95317292225,
    50.140110015153));
#8339 = CARTESIAN_POINT('',(19.882182181179,-22.21183513499,
    50.588377469236));
#8340 = ORIENTED_EDGE('',*,*,#8341,.T.);
#8341 = EDGE_CURVE('',#8329,#8342,#8344,.T.);
#8342 = VERTEX_POINT('',#8343);
#8343 = CARTESIAN_POINT('',(20.104290719968,-22.32193284987,
    50.783072558168));
#8344 = B_SPLINE_CURVE_WITH_KNOTS('',3,(#8345,#8346,#8347,#8348),
  .UNSPECIFIED.,.F.,.F.,(4,4),(2.327375768669E-17,3.15214034398E-04),
  .PIECEWISE_BEZIER_KNOTS.);
#8345 = CARTESIAN_POINT('',(19.882182181179,-22.21183513499,
    50.588377469236));
#8346 = CARTESIAN_POINT('',(19.955073482555,-22.2496571815,
    50.653923929697));
#8347 = CARTESIAN_POINT('',(20.029107439213,-22.28637732576,
    50.718859891989));
#8348 = CARTESIAN_POINT('',(20.104290719968,-22.32193284987,
    50.783072558168));
#8349 = ORIENTED_EDGE('',*,*,#8350,.T.);
#8350 = EDGE_CURVE('',#8342,#8351,#8353,.T.);
#8351 = VERTEX_POINT('',#8352);
#8352 = CARTESIAN_POINT('',(20.753764626278,-22.66780257116,
    51.383224658832));
#8353 = B_SPLINE_CURVE_WITH_KNOTS('',3,(#8354,#8355,#8356,#8357),
  .UNSPECIFIED.,.F.,.F.,(4,4),(9.720644932128E-17,9.495392372128E-04),
  .PIECEWISE_BEZIER_KNOTS.);
#8354 = CARTESIAN_POINT('',(20.104290719968,-22.32193284987,
    50.783072558168));
#8355 = CARTESIAN_POINT('',(20.331008327064,-22.42915167918,
    50.976707923311));
#8356 = CARTESIAN_POINT('',(20.54714101119,-22.54480409828,
    51.176937796594));
#8357 = CARTESIAN_POINT('',(20.753764626278,-22.66780257116,
    51.383224658832));
#8358 = ORIENTED_EDGE('',*,*,#8359,.T.);
#8359 = EDGE_CURVE('',#8351,#8208,#8360,.T.);
#8360 = B_SPLINE_CURVE_WITH_KNOTS('',3,(#8361,#8362,#8363,#8364,#8365,
    #8366,#8367,#8368),.UNSPECIFIED.,.F.,.F.,(4,2,2,4),(0.,
    1.522759433098E-03,3.045518866196E-03,6.091037732392E-03),
  .UNSPECIFIED.);
#8361 = CARTESIAN_POINT('',(20.753764626278,-22.66780257116,
    51.383224658832));
#8362 = CARTESIAN_POINT('',(21.08497026901,-22.86496197254,
    51.713890506321));
#8363 = CARTESIAN_POINT('',(21.388956531988,-23.08189601927,
    52.060226497383));
#8364 = CARTESIAN_POINT('',(21.939553843859,-23.53740877056,
    52.765514767442));
#8365 = CARTESIAN_POINT('',(22.18784800048,-23.77693471834,
    53.126074082168));
#8366 = CARTESIAN_POINT('',(22.863944871374,-24.52337143236,
    54.229351775072));
#8367 = CARTESIAN_POINT('',(23.22382009117,-25.05723522047,
    54.993779134829));
#8368 = CARTESIAN_POINT('',(23.507490824083,-25.62065429974,
    55.783023291485));
#8369 = ORIENTED_EDGE('',*,*,#8216,.T.);
#8370 = ORIENTED_EDGE('',*,*,#8131,.T.);
#8371 = ORIENTED_EDGE('',*,*,#8000,.F.);
#8372 = ORIENTED_EDGE('',*,*,#8057,.F.);
#8373 = ( BOUNDED_SURFACE() B_SPLINE_SURFACE(3,2,(
    (#8374,#8375,#8376)
    ,(#8377,#8378,#8379)
    ,(#8380,#8381,#8382)
    ,(#8383,#8384,#8385)
    ,(#8386,#8387,#8388)
    ,(#8389,#8390,#8391)
    ,(#8392,#8393,#8394)
    ,(#8395,#8396,#8397)
    ,(#8398,#8399,#8400)
    ,(#8401,#8402,#8403)
    ,(#8404,#8405,#8406)
    ,(#8407,#8408,#8409)
    ,(#8410,#8411,#8412)
    ,(#8413,#8414,#8415)
    ,(#8416,#8417,#8418)
    ,(#8419,#8420,#8421)
    ,(#8422,#8423,#8424)
    ,(#8425,#8426,#8427)
    ,(#8428,#8429,#8430)
    ,(#8431,#8432,#8433)
    ,(#8434,#8435,#8436)
    ,(#8437,#8438,#8439)
    ,(#8440,#8441,#8442)
    ,(#8443,#8444,#8445)
    ,(#8446,#8447,#8448)
    ,(#8449,#8450,#8451)
    ,(#8452,#8453,#8454)
    ,(#8455,#8456,#8457)
    ,(#8458,#8459,#8460)
    ,(#8461,#8462,#8463)
    ,(#8464,#8465,#8466)
    ,(#8467,#8468,#8469)
    ,(#8470,#8471,#8472)
    ,(#8473,#8474,#8475)
    ,(#8476,#8477,#8478)
    ,(#8479,#8480,#8481)
    ,(#8482,#8483,#8484)
    ,(#8485,#8486,#8487
)),.UNSPECIFIED.,.F.,.F.,.F.) B_SPLINE_SURFACE_WITH_KNOTS((4,2,2,2,2,2,2
    ,2,2,2,2,2,2,2,2,2,2,2,4),(3,3),(2.489883294015E-02,
    3.063763690225E-02,3.35070388833E-02,3.637644086434E-02,
    3.781114185487E-02,3.924584284539E-02,4.211524482644E-02,
    4.498464680749E-02,4.641934779801E-02,4.785404878853E-02,
    5.072345076958E-02,5.359285275063E-02,5.502755374115E-02,
    5.646225473167E-02,5.933165671272E-02,6.220105869377E-02,
    6.507046067482E-02,6.793986265586E-02,7.080926463691E-02),(
    0.525028217958,0.894331165239),.UNSPECIFIED.) 
GEOMETRIC_REPRESENTATION_ITEM() RATIONAL_B_SPLINE_SURFACE((
    (0.918624207216,0.921640388773,0.969161726091)
    ,(0.91337578715,0.91658650061,0.967172778149)
    ,(0.908024551142,0.911433607363,0.965144866947)
    ,(0.900135325361,0.903836794552,0.962155155914)
    ,(0.897529248817,0.901327311844,0.961167553833)
    ,(0.892443102649,0.896429682922,0.959240101414)
    ,(0.889962609914,0.894041129277,0.958300090732)
    ,(0.886421773037,0.890631532989,0.956958250687)
    ,(0.88527196024,0.88952433783,0.956522516168)
    ,(0.883071109666,0.887405061452,0.955688479035)
    ,(0.882017350718,0.886390359922,0.955289145205)
    ,(0.879022635673,0.883506643541,0.954154264183)
    ,(0.877247860544,0.881797650186,0.953481693143)
    ,(0.874298410671,0.878957521231,0.952363965869)
    ,(0.873124962104,0.877827566359,0.951919274308)
    ,(0.871931676623,0.876678509825,0.951467065325)
    ,(0.871628253661,0.87638633319,0.951352079774)
    ,(0.871225407141,0.875998418116,0.951199416544)
    ,(0.871127883286,0.875904508968,0.95116245878)
    ,(0.871145908111,0.875921865705,0.95116928949)
    ,(0.871573681022,0.876333783278,0.951331398857)
    ,(0.873182270635,0.877882750758,0.951940992022)
    ,(0.874361631062,0.879018398368,0.952387923949)
    ,(0.876593118565,0.881167176121,0.953233571291)
    ,(0.87741373921,0.881957380584,0.953544554734)
    ,(0.879190181492,0.883667979299,0.95421775756)
    ,(0.880148240414,0.884590527912,0.954580824787)
    ,(0.883181450375,0.8875113124,0.955730293891)
    ,(0.885402995124,0.889650515926,0.956572173314)
    ,(0.890093270739,0.894166947179,0.958349606125)
    ,(0.892562300867,0.896544463075,0.959285272922)
    ,(0.897638990025,0.90143298551,0.9612091415)
    ,(0.900246992233,0.903944322508,0.962197473334)
    ,(0.905525631738,0.909027310031,0.964197873272)
    ,(0.908196742323,0.911599416303,0.965210120736)
    ,(0.913547710275,0.91675205143,0.967237930355)
    ,(0.916193166855,0.919299454558,0.968240455945)
    ,(0.918788881148,0.921798959091,0.969224131134
))) REPRESENTATION_ITEM('') SURFACE() );
#8374 = CARTESIAN_POINT('',(-28.51670699813,-20.08702258539,
    52.054840909285));
#8375 = CARTESIAN_POINT('',(-25.80840643882,-24.02285925542,
    53.67655310846));
#8376 = CARTESIAN_POINT('',(-22.65455566918,-26.44793438591,
    56.779437025715));
#8377 = CARTESIAN_POINT('',(-26.79550244416,-20.07215903649,
    51.31122178407));
#8378 = CARTESIAN_POINT('',(-24.17888291165,-24.15902197636,
    53.269755452931));
#8379 = CARTESIAN_POINT('',(-21.10281938752,-26.5659427696,
    56.748071458816));
#8380 = CARTESIAN_POINT('',(-24.96845550242,-20.12591607014,
    50.579280692195));
#8381 = CARTESIAN_POINT('',(-22.46147061827,-24.32942565411,
    52.87167891509));
#8382 = CARTESIAN_POINT('',(-19.48122138221,-26.68044794274,
    56.716387435874));
#8383 = CARTESIAN_POINT('',(-21.99868551931,-20.26589136805,
    49.514419653956));
#8384 = CARTESIAN_POINT('',(-19.70010311291,-24.60905571396,
    52.291694290294));
#8385 = CARTESIAN_POINT('',(-16.91918323062,-26.8438788193,
    56.665223880732));
#8386 = CARTESIAN_POINT('',(-20.9653549717,-20.32287643515,
    49.163710827676));
#8387 = CARTESIAN_POINT('',(-18.74425277677,-24.7067010684,
    52.100566890374));
#8388 = CARTESIAN_POINT('',(-16.04201895401,-26.89699903035,
    56.647549589142));
#8389 = CARTESIAN_POINT('',(-18.80121548764,-20.44965142311,
    48.47945828412));
#8390 = CARTESIAN_POINT('',(-16.75446187562,-24.9046986057,
    51.726685768446));
#8391 = CARTESIAN_POINT('',(-14.23696495545,-26.99925590078,
    56.610835029894));
#8392 = CARTESIAN_POINT('',(-17.67015518413,-20.51951956694,
    48.146021040189));
#8393 = CARTESIAN_POINT('',(-15.72037041143,-25.00506018183,
    51.543969458439));
#8394 = CARTESIAN_POINT('',(-13.30907357992,-27.04838640529,
    56.591776686037));
#8395 = CARTESIAN_POINT('',(-15.88698449732,-20.62729801991,
    47.668216041562));
#8396 = CARTESIAN_POINT('',(-14.10059504398,-25.15210675444,
    51.280970559599));
#8397 = CARTESIAN_POINT('',(-11.87369260194,-27.11773164113,
    56.562539523685));
#8398 = CARTESIAN_POINT('',(-15.27681376175,-20.6637796965,
    47.512482736253));
#8399 = CARTESIAN_POINT('',(-13.54807448881,-25.20060283097,
    51.19505156637));
#8400 = CARTESIAN_POINT('',(-11.38755549718,-27.14012499624,
    56.552685246675));
#8401 = CARTESIAN_POINT('',(-14.03573767556,-20.7358221788,
    47.213285172779));
#8402 = CARTESIAN_POINT('',(-12.42783883658,-25.2945108476,
    51.02956661203));
#8403 = CARTESIAN_POINT('',(-10.40855028784,-27.18278531188,
    56.533128707533));
#8404 = CARTESIAN_POINT('',(-13.40356386989,-20.77145465937,
    47.069510712857));
#8405 = CARTESIAN_POINT('',(-11.85897570289,-25.34001919252,
    50.949827792183));
#8406 = CARTESIAN_POINT('',(-9.914631873516,-27.20310262276,
    56.523404992068));
#8407 = CARTESIAN_POINT('',(-11.46810580708,-20.87533954165,
    46.658557691121));
#8408 = CARTESIAN_POINT('',(-10.12279531157,-25.47073425271,
    50.721316093452));
#8409 = CARTESIAN_POINT('',(-8.418340192247,-27.26064142319,
    56.494785347313));
#8410 = CARTESIAN_POINT('',(-10.13057155014,-20.9402476561,
    46.412908335522));
#8411 = CARTESIAN_POINT('',(-8.930030579611,-25.54973733836,
    50.58383141571));
#8412 = CARTESIAN_POINT('',(-7.40276274305,-27.29439337639,
    56.476433400818));
#8413 = CARTESIAN_POINT('',(-7.355782148091,-21.05099136024,
    46.000399904953));
#8414 = CARTESIAN_POINT('',(-6.46860914707,-25.68255854098,
    50.35192288643));
#8415 = CARTESIAN_POINT('',(-5.332524254335,-27.35026447487,
    56.444296879258));
#8416 = CARTESIAN_POINT('',(-5.91986244824,-21.09662297822,
    45.834324989382));
#8417 = CARTESIAN_POINT('',(-5.20116159279,-25.73614772435,
    50.257947337567));
#8418 = CARTESIAN_POINT('',(-4.278250933967,-27.37233731576,
    56.43057292639));
#8419 = CARTESIAN_POINT('',(-3.70536582969,-21.14346743663,
    45.664424230876));
#8420 = CARTESIAN_POINT('',(-3.252604900607,-25.79090094798,
    50.161606484212));
#8421 = CARTESIAN_POINT('',(-2.66957420309,-27.39475939376,
    56.416293342196));
#8422 = CARTESIAN_POINT('',(-2.957183387876,-21.15548758425,
    45.621027372531));
#8423 = CARTESIAN_POINT('',(-2.595239999606,-25.80487895471,
    50.136949849044));
#8424 = CARTESIAN_POINT('',(-2.128825226264,-27.40045166661,
    56.412585702929));
#8425 = CARTESIAN_POINT('',(-1.445237300555,-21.17148332563,
    45.563323266785));
#8426 = CARTESIAN_POINT('',(-1.267865620314,-25.82346047064,
    50.10415004645));
#8427 = CARTESIAN_POINT('',(-1.039093703622,-27.4080078761,
    56.407639009975));
#8428 = CARTESIAN_POINT('',(-0.688025507525,-21.17537497921,
    45.549319554326));
#8429 = CARTESIAN_POINT('',(-0.60358899501,-25.82796761161,
    50.096179960812));
#8430 = CARTESIAN_POINT('',(-0.494653109638,-27.40983508366,
    56.406425890281));
#8431 = CARTESIAN_POINT('',(1.573652928222,-21.17465677948,
    45.551906288756));
#8432 = CARTESIAN_POINT('',(1.380530745195,-25.82713492987,
    50.097651484206));
#8433 = CARTESIAN_POINT('',(1.131386414667,-27.40949719837,
    56.406649093452));
#8434 = CARTESIAN_POINT('',(3.068264582319,-21.15753126264,
    45.613381730876));
#8435 = CARTESIAN_POINT('',(2.691913130726,-25.80734984481,
    50.132673832678));
#8436 = CARTESIAN_POINT('',(2.206970037694,-27.40149247309,
    56.41201909161));
#8437 = CARTESIAN_POINT('',(5.995881744136,-21.09439227093,
    45.842451862484));
#8438 = CARTESIAN_POINT('',(5.268208372845,-25.73352762298,
    50.262546976283));
#8439 = CARTESIAN_POINT('',(4.333896941411,-27.37125877088,
    56.431245219898));
#8440 = CARTESIAN_POINT('',(7.426310117706,-21.04856163981,
    46.009308081911));
#8441 = CARTESIAN_POINT('',(6.530965715063,-25.67968465276,
    50.356951306551));
#8442 = CARTESIAN_POINT('',(5.384582802125,-27.34907229094,
    56.445017249533));
#8443 = CARTESIAN_POINT('',(9.510372404557,-20.96479295285,
    46.321556275713));
#8444 = CARTESIAN_POINT('',(8.379919393181,-25.57915772987,
    50.532457131121));
#8445 = CARTESIAN_POINT('',(6.939499474042,-27.30678111827,
    56.469289422561));
#8446 = CARTESIAN_POINT('',(10.193735352455,-20.93445215559,
    46.435700359382));
#8447 = CARTESIAN_POINT('',(8.987774936329,-25.5424455417,
    50.596464936415));
#8448 = CARTESIAN_POINT('',(7.454000201328,-27.29119707091,
    56.477972023989));
#8449 = CARTESIAN_POINT('',(11.538476216692,-20.87015691981,
    46.681486225768));
#8450 = CARTESIAN_POINT('',(10.187313986985,-25.4636433437,
    50.733874164065));
#8451 = CARTESIAN_POINT('',(8.475688850921,-27.25733014794,
    56.496107433073));
#8452 = CARTESIAN_POINT('',(12.201126148827,-20.83614294765,
    46.813361675916));
#8453 = CARTESIAN_POINT('',(10.780138623724,-25.42147787577,
    50.807407145911));
#8454 = CARTESIAN_POINT('',(8.983934226759,-27.23900778725,
    56.505579273592));
#8455 = CARTESIAN_POINT('',(14.143486065763,-20.73141159531,
    47.228473094325));
#8456 = CARTESIAN_POINT('',(12.523169819921,-25.28949337318,
    51.038193648675));
#8457 = CARTESIAN_POINT('',(10.489143065445,-27.18075279806,
    56.53444752203));
#8458 = CARTESIAN_POINT('',(15.375685920845,-20.65826246397,
    47.529992509759));
#8459 = CARTESIAN_POINT('',(13.635993229358,-25.19454432247,
    51.204938059463));
#8460 = CARTESIAN_POINT('',(11.462962519965,-27.1377462213,
    56.554165613416));
#8461 = CARTESIAN_POINT('',(17.731024108778,-20.51577639932,
    48.163622593044));
#8462 = CARTESIAN_POINT('',(15.775940603971,-24.99973997157,
    51.553623730067));
#8463 = CARTESIAN_POINT('',(13.35876881184,-27.04580319676,
    56.592797196891));
#8464 = CARTESIAN_POINT('',(18.854180319645,-20.44644430137,
    48.495492419449));
#8465 = CARTESIAN_POINT('',(16.80298859513,-24.89994539377,
    51.735461483437));
#8466 = CARTESIAN_POINT('',(14.280680067543,-26.99688054835,
    56.611728485827));
#8467 = CARTESIAN_POINT('',(21.009735978858,-20.3203852381,
    49.178483950778));
#8468 = CARTESIAN_POINT('',(18.78523501648,-24.70254446836,
    52.108623755745));
#8469 = CARTESIAN_POINT('',(16.079498167943,-26.89477024037,
    56.648307426165));
#8470 = CARTESIAN_POINT('',(22.042325883796,-20.26358574819,
    49.529467849449));
#8471 = CARTESIAN_POINT('',(19.740530913916,-24.60493710099,
    52.299893353446));
#8472 = CARTESIAN_POINT('',(16.95639226287,-26.84159115832,
    56.665971102658));
#8473 = CARTESIAN_POINT('',(24.03208479059,-20.17030925104,
    50.244153558986));
#8474 = CARTESIAN_POINT('',(21.590738668512,-24.41762607556,
    52.689098716558));
#8475 = CARTESIAN_POINT('',(18.670541340743,-26.73207100111,
    56.700193915431));
#8476 = CARTESIAN_POINT('',(24.989602798086,-20.13369498996,
    50.607807194979));
#8477 = CARTESIAN_POINT('',(22.485910077612,-24.32786766236,
    52.887018231694));
#8478 = CARTESIAN_POINT('',(19.50788582673,-26.67573186763,
    56.716764936329));
#8479 = CARTESIAN_POINT('',(26.840914649966,-20.08818734864,
    51.343848288462));
#8480 = CARTESIAN_POINT('',(24.224458161872,-24.16123724642,
    53.288118048809));
#8481 = CARTESIAN_POINT('',(21.146656298654,-26.56059663118,
    56.749250540846));
#8482 = CARTESIAN_POINT('',(27.723200759449,-20.0794529607,
    51.711459120232));
#8483 = CARTESIAN_POINT('',(25.0569577734,-24.08538076869,
    53.488693498699));
#8484 = CARTESIAN_POINT('',(21.937571636855,-26.50255164781,
    56.764959065047));
#8485 = CARTESIAN_POINT('',(28.570318071064,-20.0875099111,
    52.078019845994));
#8486 = CARTESIAN_POINT('',(25.859177811915,-24.01862575514,
    53.689234351645));
#8487 = CARTESIAN_POINT('',(22.70308043031,-26.44424112413,
    56.780416142936));
#8488 = ADVANCED_FACE('',(#8489),#8501,.F.);
#8489 = FACE_BOUND('',#8490,.F.);
#8490 = EDGE_LOOP('',(#8491,#8492,#8493,#8500));
#8491 = ORIENTED_EDGE('',*,*,#8077,.T.);
#8492 = ORIENTED_EDGE('',*,*,#8174,.T.);
#8493 = ORIENTED_EDGE('',*,*,#8494,.F.);
#8494 = EDGE_CURVE('',#7751,#8166,#8495,.T.);
#8495 = B_SPLINE_CURVE_WITH_KNOTS('',3,(#8496,#8497,#8498,#8499),
  .UNSPECIFIED.,.F.,.F.,(4,4),(0.,1.281627641886E-03),
  .PIECEWISE_BEZIER_KNOTS.);
#8496 = CARTESIAN_POINT('',(-24.04468302072,-27.35615563361,
    56.464096235412));
#8497 = CARTESIAN_POINT('',(-23.9453172915,-26.95361748925,
    56.355874430823));
#8498 = CARTESIAN_POINT('',(-23.81658085012,-26.55871476896,
    56.255941390489));
#8499 = CARTESIAN_POINT('',(-23.65502560354,-26.17222645655,
    56.165161998754));
#8500 = ORIENTED_EDGE('',*,*,#7750,.T.);
#8501 = B_SPLINE_SURFACE_WITH_KNOTS('',3,3,(
    (#8502,#8503,#8504,#8505)
    ,(#8506,#8507,#8508,#8509)
    ,(#8510,#8511,#8512,#8513)
    ,(#8514,#8515,#8516,#8517
    )),.UNSPECIFIED.,.F.,.F.,.F.,(4,4),(4,4),(0.960669327367,
    0.98991528605),(0.405663770872,0.408309061852),
  .PIECEWISE_BEZIER_KNOTS.);
#8502 = CARTESIAN_POINT('',(-24.48681149238,-26.67548666529,
    56.160623917061));
#8503 = CARTESIAN_POINT('',(-23.73814423384,-26.20964925998,
    56.160623917061));
#8504 = CARTESIAN_POINT('',(-22.98947697531,-25.74381185467,
    56.160623917061));
#8505 = CARTESIAN_POINT('',(-22.24080971678,-25.27797444936,
    56.160623917061));
#8506 = CARTESIAN_POINT('',(-24.12629527213,-27.25488773354,
    56.41576495446));
#8507 = CARTESIAN_POINT('',(-23.3776280136,-26.78905032823,
    56.41576495446));
#8508 = CARTESIAN_POINT('',(-22.62896075506,-26.32321292292,
    56.41576495446));
#8509 = CARTESIAN_POINT('',(-21.88029349653,-25.85737551762,
    56.41576495446));
#8510 = CARTESIAN_POINT('',(-23.76577905188,-27.8342888018,
    56.670905991859));
#8511 = CARTESIAN_POINT('',(-23.01711179335,-27.36845139649,
    56.670905991859));
#8512 = CARTESIAN_POINT('',(-22.26844453482,-26.90261399118,
    56.670905991859));
#8513 = CARTESIAN_POINT('',(-21.51977727629,-26.43677658587,
    56.670905991859));
#8514 = CARTESIAN_POINT('',(-23.40526283163,-28.41368987005,
    56.926047029258));
#8515 = CARTESIAN_POINT('',(-22.6565955731,-27.94785246474,
    56.926047029258));
#8516 = CARTESIAN_POINT('',(-21.90792831457,-27.48201505943,
    56.926047029258));
#8517 = CARTESIAN_POINT('',(-21.15926105604,-27.01617765412,
    56.926047029258));
#8518 = ADVANCED_FACE('',(#8519),#8561,.F.);
#8519 = FACE_BOUND('',#8520,.F.);
#8520 = EDGE_LOOP('',(#8521,#8530,#8531,#8554));
#8521 = ORIENTED_EDGE('',*,*,#8522,.F.);
#8522 = EDGE_CURVE('',#7900,#8523,#8525,.T.);
#8523 = VERTEX_POINT('',#8524);
#8524 = CARTESIAN_POINT('',(-17.67755738187,-57.46842606017,
    50.836929193865));
#8525 = CIRCLE('',#8526,5.);
#8526 = AXIS2_PLACEMENT_3D('',#8527,#8528,#8529);
#8527 = CARTESIAN_POINT('',(-17.67755738187,-52.46842606017,
    50.836929193865));
#8528 = DIRECTION('',(0.912939822947,2.21342211948E-14,0.408094204416));
#8529 = DIRECTION('',(0.408094204416,1.577721810442E-30,-0.912939822947)
  );
#8530 = ORIENTED_EDGE('',*,*,#7899,.T.);
#8531 = ORIENTED_EDGE('',*,*,#8532,.F.);
#8532 = EDGE_CURVE('',#8533,#7902,#8535,.T.);
#8533 = VERTEX_POINT('',#8534);
#8534 = CARTESIAN_POINT('',(-17.77785014085,-57.46842606017,
    50.79162521974));
#8535 = B_SPLINE_CURVE_WITH_KNOTS('',3,(#8536,#8537,#8538,#8539,#8540,
    #8541,#8542,#8543,#8544,#8545,#8546,#8547,#8548,#8549,#8550,#8551,
    #8552,#8553),.UNSPECIFIED.,.F.,.F.,(4,2,2,2,2,2,2,2,4),(0.,
    2.087701970436E-03,3.131552955655E-03,4.175403940873E-03,
    4.697329433482E-03,5.219254926091E-03,6.263105911309E-03,
    7.306956896527E-03,8.350807881745E-03),.UNSPECIFIED.);
#8536 = CARTESIAN_POINT('',(-17.77785014085,-57.46842606017,
    50.79162521974));
#8537 = CARTESIAN_POINT('',(-18.45864971674,-57.46842606017,
    50.967544906174));
#8538 = CARTESIAN_POINT('',(-19.1297018194,-57.41040830829,
    51.147407803548));
#8539 = CARTESIAN_POINT('',(-20.11501750549,-57.19325504781,
    51.423852086795));
#8540 = CARTESIAN_POINT('',(-20.4422609872,-57.09812548312,
    51.517763258234));
#8541 = CARTESIAN_POINT('',(-21.07634408244,-56.8577156935,
    51.703655842144));
#8542 = CARTESIAN_POINT('',(-21.38117875719,-56.713622608,
    51.795013045225));
#8543 = CARTESIAN_POINT('',(-21.81795094591,-56.45678644662,
    51.928293437831));
#8544 = CARTESIAN_POINT('',(-21.96011746963,-56.36436845417,
    51.972089658884));
#8545 = CARTESIAN_POINT('',(-22.23702766839,-56.16466432277,
    52.058113502275));
#8546 = CARTESIAN_POINT('',(-22.37192906485,-56.05706562522,
    52.100425759703));
#8547 = CARTESIAN_POINT('',(-22.75543974543,-55.7181304254,
    52.221552495975));
#8548 = CARTESIAN_POINT('',(-22.98624069024,-55.46865997634,
    52.295694312446));
#8549 = CARTESIAN_POINT('',(-23.39439652739,-54.91875447224,
    52.428203855455));
#8550 = CARTESIAN_POINT('',(-23.57323272417,-54.61383516909,
    52.487028270546));
#8551 = CARTESIAN_POINT('',(-23.85353435527,-53.97813782479,
    52.579775243692));
#8552 = CARTESIAN_POINT('',(-23.95760403202,-53.64562366504,
    52.614533360953));
#8553 = CARTESIAN_POINT('',(-24.02276087383,-53.29723973346,
    52.63632652176));
#8554 = ORIENTED_EDGE('',*,*,#8555,.T.);
#8555 = EDGE_CURVE('',#8533,#8523,#8556,.T.);
#8556 = B_SPLINE_CURVE_WITH_KNOTS('',3,(#8557,#8558,#8559,#8560),
  .UNSPECIFIED.,.F.,.F.,(4,4),(2.501165090266E-03,2.612240662073E-03),
  .PIECEWISE_BEZIER_KNOTS.);
#8557 = CARTESIAN_POINT('',(-17.77785014085,-57.46842606017,
    50.79162521974));
#8558 = CARTESIAN_POINT('',(-17.74448350227,-57.46842606017,
    50.806855200822));
#8559 = CARTESIAN_POINT('',(-17.71105255929,-57.46842606017,
    50.821956478865));
#8560 = CARTESIAN_POINT('',(-17.67755738187,-57.46842606017,
    50.836929193865));
#8561 = ( BOUNDED_SURFACE() B_SPLINE_SURFACE(3,2,(
    (#8562,#8563,#8564)
    ,(#8565,#8566,#8567)
    ,(#8568,#8569,#8570)
    ,(#8571,#8572,#8573)
    ,(#8574,#8575,#8576)
    ,(#8577,#8578,#8579
)),.UNSPECIFIED.,.F.,.F.,.F.) B_SPLINE_SURFACE_WITH_KNOTS((4,2,4),(3,3),
  (6.160188546477E-03,8.035361956106E-03,9.910535365736E-03),(0.,1.),
.UNSPECIFIED.) GEOMETRIC_REPRESENTATION_ITEM() RATIONAL_B_SPLINE_SURFACE
((
    (1.,0.752510175721,1.)
    ,(1.,0.754448168037,1.)
    ,(1.,0.756354389646,1.)
    ,(1.,0.760036037309,1.)
    ,(1.,0.761838774061,1.)
,(1.,0.763526960794,1.))) REPRESENTATION_ITEM('') SURFACE() );
#8562 = CARTESIAN_POINT('',(-19.7000258156,-53.13114170581,
    55.361355058832));
#8563 = CARTESIAN_POINT('',(-19.46333346555,-57.46842606017,
    54.831855081104));
#8564 = CARTESIAN_POINT('',(-17.67755738187,-57.46842606017,
    50.836929193865));
#8565 = CARTESIAN_POINT('',(-20.47442621444,-53.16028958166,
    55.010920072737));
#8566 = CARTESIAN_POINT('',(-20.20314349688,-57.46842606018,
    54.472783501515));
#8567 = CARTESIAN_POINT('',(-18.25116448567,-57.46842606017,
    50.580520470443));
#8568 = CARTESIAN_POINT('',(-21.22569442709,-53.18911180114,
    54.608535558853));
#8569 = CARTESIAN_POINT('',(-20.91994739994,-57.46842606017,
    54.064562156626));
#8570 = CARTESIAN_POINT('',(-18.80602689377,-57.46842606017,
    50.286579911332));
#8571 = CARTESIAN_POINT('',(-22.68148932794,-53.24493995401,
    53.692478976107));
#8572 = CARTESIAN_POINT('',(-22.30351451197,-57.46842606017,
    53.145570642191));
#8573 = CARTESIAN_POINT('',(-19.87655932252,-57.46842606017,
    49.62027154374));
#8574 = CARTESIAN_POINT('',(-23.38732717302,-53.27252392363,
    53.176350849744));
#8575 = CARTESIAN_POINT('',(-22.9718388517,-57.46842606018,
    52.632372665321));
#8576 = CARTESIAN_POINT('',(-20.39358086144,-57.46842606017,
    49.245846139171));
#8577 = CARTESIAN_POINT('',(-24.04642485067,-53.29816025876,
    52.616252325961));
#8578 = CARTESIAN_POINT('',(-23.59465911764,-57.46842606017,
    52.079230284681));
#8579 = CARTESIAN_POINT('',(-20.87230698488,-57.46842606017,
    48.843121406717));
#8580 = ADVANCED_FACE('',(#8581),#8598,.F.);
#8581 = FACE_BOUND('',#8582,.T.);
#8582 = EDGE_LOOP('',(#8583,#8591,#8597));
#8583 = ORIENTED_EDGE('',*,*,#8584,.T.);
#8584 = EDGE_CURVE('',#8523,#8585,#8587,.T.);
#8585 = VERTEX_POINT('',#8586);
#8586 = CARTESIAN_POINT('',(-17.67755738187,-57.46842606017,
    50.746816313683));
#8587 = LINE('',#8588,#8589);
#8588 = CARTESIAN_POINT('',(-17.67755738187,-57.46842606017,47.));
#8589 = VECTOR('',#8590,1.);
#8590 = DIRECTION('',(0.,-5.423801895559E-14,-1.));
#8591 = ORIENTED_EDGE('',*,*,#8592,.T.);
#8592 = EDGE_CURVE('',#8585,#8533,#8593,.T.);
#8593 = LINE('',#8594,#8595);
#8594 = CARTESIAN_POINT('',(15.958509695757,-57.46842606017,
    35.718858311768));
#8595 = VECTOR('',#8596,1.);
#8596 = DIRECTION('',(-0.913018042115,2.21247280417E-14,0.407919176764)
  );
#8597 = ORIENTED_EDGE('',*,*,#8555,.T.);
#8598 = PLANE('',#8599);
#8599 = AXIS2_PLACEMENT_3D('',#8600,#8601,#8602);
#8600 = CARTESIAN_POINT('',(4.135903062765E-25,-57.46842606017,
    3.116919379771E-12));
#8601 = DIRECTION('',(0.,-1.,5.423801895559E-14));
#8602 = DIRECTION('',(0.,-5.423801895559E-14,-1.));
#8603 = ADVANCED_FACE('',(#8604),#8632,.F.);
#8604 = FACE_BOUND('',#8605,.F.);
#8605 = EDGE_LOOP('',(#8606,#8615,#8616,#8625));
#8606 = ORIENTED_EDGE('',*,*,#8607,.T.);
#8607 = EDGE_CURVE('',#8608,#7730,#8610,.T.);
#8608 = VERTEX_POINT('',#8609);
#8609 = CARTESIAN_POINT('',(-13.47868671425,-55.18535205457,
    50.898359118224));
#8610 = CIRCLE('',#8611,5.);
#8611 = AXIS2_PLACEMENT_3D('',#8612,#8613,#8614);
#8612 = CARTESIAN_POINT('',(-17.58424184681,-52.33150954778,
    50.898359118224));
#8613 = DIRECTION('',(-0.535083822359,-0.769774830957,-0.348040245769));
#8614 = DIRECTION('',(0.821111026512,-0.570768501356,1.746380817735E-13)
  );
#8615 = ORIENTED_EDGE('',*,*,#7938,.T.);
#8616 = ORIENTED_EDGE('',*,*,#8617,.F.);
#8617 = EDGE_CURVE('',#8618,#7900,#8620,.T.);
#8618 = VERTEX_POINT('',#8619);
#8619 = CARTESIAN_POINT('',(-13.52016028539,-55.24620383785,
    50.836929193867));
#8620 = CIRCLE('',#8621,5.);
#8621 = AXIS2_PLACEMENT_3D('',#8622,#8623,#8624);
#8622 = CARTESIAN_POINT('',(-17.67755738187,-52.46842606017,
    50.836929193865));
#8623 = DIRECTION('',(-0.521012226306,-0.779779698103,-0.347116525775));
#8624 = DIRECTION('',(-0.831479419296,0.555555555536,-9.622858065939E-14
    ));
#8625 = ORIENTED_EDGE('',*,*,#8626,.T.);
#8626 = EDGE_CURVE('',#8618,#8608,#8627,.T.);
#8627 = B_SPLINE_CURVE_WITH_KNOTS('',3,(#8628,#8629,#8630,#8631),
  .UNSPECIFIED.,.F.,.F.,(4,4),(2.761350678485E-03,2.858292510409E-03),
  .PIECEWISE_BEZIER_KNOTS.);
#8628 = CARTESIAN_POINT('',(-13.52016028539,-55.24620383785,
    50.836929193867));
#8629 = CARTESIAN_POINT('',(-13.50652502226,-55.22579644464,
    50.857368842084));
#8630 = CARTESIAN_POINT('',(-13.49270176656,-55.20551419378,
    50.877848210215));
#8631 = CARTESIAN_POINT('',(-13.47868671425,-55.18535205457,
    50.898359118224));
#8632 = ( BOUNDED_SURFACE() B_SPLINE_SURFACE(3,2,(
    (#8633,#8634,#8635)
    ,(#8636,#8637,#8638)
    ,(#8639,#8640,#8641)
    ,(#8642,#8643,#8644
)),.UNSPECIFIED.,.F.,.F.,.F.) B_SPLINE_SURFACE_WITH_KNOTS((4,4),(3,3),(
    3.339342691255E-17,1.749959861604E-04),(0.,1.),
.PIECEWISE_BEZIER_KNOTS.) GEOMETRIC_REPRESENTATION_ITEM() 
RATIONAL_B_SPLINE_SURFACE((
    (1.,0.613194899541,1.)
    ,(1.,0.611189466339,1.)
    ,(1.,0.609180324711,1.)
,(1.,0.607168385199,1.))) REPRESENTATION_ITEM('') SURFACE() );
#8633 = CARTESIAN_POINT('',(-19.56458090135,-53.00806769918,
    55.439342084151));
#8634 = CARTESIAN_POINT('',(-14.75821665081,-57.02609157885,
    56.936772063174));
#8635 = CARTESIAN_POINT('',(-13.47868671425,-55.18535205457,
    50.898359118224));
#8636 = CARTESIAN_POINT('',(-19.61030758984,-53.04890559014,
    55.41331609904));
#8637 = CARTESIAN_POINT('',(-14.76684547209,-57.0627129822,
    56.94846767397));
#8638 = CARTESIAN_POINT('',(-13.49271243426,-55.2055295404,
    50.877832597844));
#8639 = CARTESIAN_POINT('',(-19.65545414348,-53.08992965637,
    55.387315627834));
#8640 = CARTESIAN_POINT('',(-14.77476181954,-57.09893753723,
    56.960658464928));
#8641 = CARTESIAN_POINT('',(-13.50653620952,-55.2258131882,
    50.857352072347));
#8642 = CARTESIAN_POINT('',(-19.7000258156,-53.13114170581,
    55.361355058832));
#8643 = CARTESIAN_POINT('',(-14.78198068997,-57.13472369298,
    56.973350661905));
#8644 = CARTESIAN_POINT('',(-13.52016028539,-55.24620383785,
    50.836929193865));
#8645 = ADVANCED_FACE('',(#8646),#8694,.T.);
#8646 = FACE_BOUND('',#8647,.T.);
#8647 = EDGE_LOOP('',(#8648,#8658,#8667,#8673,#8674,#8687));
#8648 = ORIENTED_EDGE('',*,*,#8649,.F.);
#8649 = EDGE_CURVE('',#8650,#8652,#8654,.T.);
#8650 = VERTEX_POINT('',#8651);
#8651 = CARTESIAN_POINT('',(-10.19424261374,-53.46842605999,49.));
#8652 = VERTEX_POINT('',#8653);
#8653 = CARTESIAN_POINT('',(-10.19424261374,-53.46842605999,52.));
#8654 = LINE('',#8655,#8656);
#8655 = CARTESIAN_POINT('',(-10.19424261374,-53.46842605999,47.));
#8656 = VECTOR('',#8657,1.);
#8657 = DIRECTION('',(0.,0.,1.));
#8658 = ORIENTED_EDGE('',*,*,#8659,.T.);
#8659 = EDGE_CURVE('',#8650,#8660,#8662,.T.);
#8660 = VERTEX_POINT('',#8661);
#8661 = CARTESIAN_POINT('',(-13.52016028539,-55.24620383785,49.));
#8662 = CIRCLE('',#8663,4.000000000001);
#8663 = AXIS2_PLACEMENT_3D('',#8664,#8665,#8666);
#8664 = CARTESIAN_POINT('',(-10.19424260821,-57.46842606,49.));
#8665 = DIRECTION('',(0.,0.,1.));
#8666 = DIRECTION('',(-1.,-3.469446951953E-15,0.));
#8667 = ORIENTED_EDGE('',*,*,#8668,.T.);
#8668 = EDGE_CURVE('',#8660,#8618,#8669,.T.);
#8669 = LINE('',#8670,#8671);
#8670 = CARTESIAN_POINT('',(-13.52016028539,-55.24620383785,47.));
#8671 = VECTOR('',#8672,1.);
#8672 = DIRECTION('',(0.,0.,1.));
#8673 = ORIENTED_EDGE('',*,*,#8626,.T.);
#8674 = ORIENTED_EDGE('',*,*,#8675,.T.);
#8675 = EDGE_CURVE('',#8608,#8676,#8678,.T.);
#8676 = VERTEX_POINT('',#8677);
#8677 = CARTESIAN_POINT('',(-11.6169805316,-53.73000168583,52.));
#8678 = B_SPLINE_CURVE_WITH_KNOTS('',3,(#8679,#8680,#8681,#8682,#8683,
    #8684,#8685,#8686),.UNSPECIFIED.,.F.,.F.,(4,2,2,4),(0.,
    1.334109289897E-03,2.001163934846E-03,2.668218579795E-03),
  .UNSPECIFIED.);
#8679 = CARTESIAN_POINT('',(-13.47868671425,-55.18535205457,
    50.898359118224));
#8680 = CARTESIAN_POINT('',(-13.28133065628,-54.90143443304,
    51.187188004674));
#8681 = CARTESIAN_POINT('',(-13.04334826873,-54.63245092006,
    51.450410355539));
#8682 = CARTESIAN_POINT('',(-12.57960514092,-54.2512712452,
    51.759651865689));
#8683 = CARTESIAN_POINT('',(-12.4076593416,-54.12960929059,
    51.846272585409));
#8684 = CARTESIAN_POINT('',(-12.03419859598,-53.91012969539,
    51.966304051702));
#8685 = CARTESIAN_POINT('',(-11.82967922557,-53.81094875547,52.));
#8686 = CARTESIAN_POINT('',(-11.6169805316,-53.73000168583,52.));
#8687 = ORIENTED_EDGE('',*,*,#8688,.T.);
#8688 = EDGE_CURVE('',#8676,#8652,#8689,.T.);
#8689 = CIRCLE('',#8690,4.000000000001);
#8690 = AXIS2_PLACEMENT_3D('',#8691,#8692,#8693);
#8691 = CARTESIAN_POINT('',(-10.19424260821,-57.46842606,52.));
#8692 = DIRECTION('',(0.,0.,-1.));
#8693 = DIRECTION('',(1.,1.214306433184E-14,0.));
#8694 = CYLINDRICAL_SURFACE('',#8695,4.000000000001);
#8695 = AXIS2_PLACEMENT_3D('',#8696,#8697,#8698);
#8696 = CARTESIAN_POINT('',(-10.19424260821,-57.46842606,47.));
#8697 = DIRECTION('',(0.,0.,1.));
#8698 = DIRECTION('',(1.,0.,-0.));
#8699 = ADVANCED_FACE('',(#8700),#8725,.F.);
#8700 = FACE_BOUND('',#8701,.T.);
#8701 = EDGE_LOOP('',(#8702,#8712,#8718,#8719));
#8702 = ORIENTED_EDGE('',*,*,#8703,.F.);
#8703 = EDGE_CURVE('',#8704,#8706,#8708,.T.);
#8704 = VERTEX_POINT('',#8705);
#8705 = CARTESIAN_POINT('',(10.194242597145,-53.46842605999,49.));
#8706 = VERTEX_POINT('',#8707);
#8707 = CARTESIAN_POINT('',(10.194242597145,-53.46842605999,52.));
#8708 = LINE('',#8709,#8710);
#8709 = CARTESIAN_POINT('',(10.194242597145,-53.46842605999,47.));
#8710 = VECTOR('',#8711,1.);
#8711 = DIRECTION('',(0.,0.,1.));
#8712 = ORIENTED_EDGE('',*,*,#8713,.T.);
#8713 = EDGE_CURVE('',#8704,#8650,#8714,.T.);
#8714 = LINE('',#8715,#8716);
#8715 = CARTESIAN_POINT('',(-10.19424261374,-53.46842605999,49.));
#8716 = VECTOR('',#8717,1.);
#8717 = DIRECTION('',(-1.,-0.,-0.));
#8718 = ORIENTED_EDGE('',*,*,#8649,.T.);
#8719 = ORIENTED_EDGE('',*,*,#8720,.T.);
#8720 = EDGE_CURVE('',#8652,#8706,#8721,.T.);
#8721 = LINE('',#8722,#8723);
#8722 = CARTESIAN_POINT('',(10.194242597145,-53.46842605999,52.));
#8723 = VECTOR('',#8724,1.);
#8724 = DIRECTION('',(1.,0.,0.));
#8725 = PLANE('',#8726);
#8726 = AXIS2_PLACEMENT_3D('',#8727,#8728,#8729);
#8727 = CARTESIAN_POINT('',(10.194242602675,-53.46842605999,47.));
#8728 = DIRECTION('',(0.,-1.,0.));
#8729 = DIRECTION('',(0.,0.,-1.));
#8730 = ADVANCED_FACE('',(#8731),#8780,.T.);
#8731 = FACE_BOUND('',#8732,.T.);
#8732 = EDGE_LOOP('',(#8733,#8743,#8750,#8751,#8760,#8773));
#8733 = ORIENTED_EDGE('',*,*,#8734,.T.);
#8734 = EDGE_CURVE('',#8735,#8737,#8739,.T.);
#8735 = VERTEX_POINT('',#8736);
#8736 = CARTESIAN_POINT('',(13.520160285389,-55.24620383785,
    50.836929193868));
#8737 = VERTEX_POINT('',#8738);
#8738 = CARTESIAN_POINT('',(13.520160285389,-55.24620383785,49.));
#8739 = LINE('',#8740,#8741);
#8740 = CARTESIAN_POINT('',(13.520160285389,-55.24620383785,47.));
#8741 = VECTOR('',#8742,1.);
#8742 = DIRECTION('',(-0.,-0.,-1.));
#8743 = ORIENTED_EDGE('',*,*,#8744,.T.);
#8744 = EDGE_CURVE('',#8737,#8704,#8745,.T.);
#8745 = CIRCLE('',#8746,4.);
#8746 = AXIS2_PLACEMENT_3D('',#8747,#8748,#8749);
#8747 = CARTESIAN_POINT('',(10.194242608204,-57.46842605999,49.));
#8748 = DIRECTION('',(0.,0.,1.));
#8749 = DIRECTION('',(-1.,-3.469446951954E-15,0.));
#8750 = ORIENTED_EDGE('',*,*,#8703,.T.);
#8751 = ORIENTED_EDGE('',*,*,#8752,.T.);
#8752 = EDGE_CURVE('',#8706,#8753,#8755,.T.);
#8753 = VERTEX_POINT('',#8754);
#8754 = CARTESIAN_POINT('',(11.616980531595,-53.73000168583,52.));
#8755 = CIRCLE('',#8756,4.);
#8756 = AXIS2_PLACEMENT_3D('',#8757,#8758,#8759);
#8757 = CARTESIAN_POINT('',(10.194242608204,-57.46842605999,52.));
#8758 = DIRECTION('',(0.,0.,-1.));
#8759 = DIRECTION('',(1.,0.,0.));
#8760 = ORIENTED_EDGE('',*,*,#8761,.T.);
#8761 = EDGE_CURVE('',#8753,#8762,#8764,.T.);
#8762 = VERTEX_POINT('',#8763);
#8763 = CARTESIAN_POINT('',(13.478686714251,-55.18535205457,
    50.898359118227));
#8764 = B_SPLINE_CURVE_WITH_KNOTS('',3,(#8765,#8766,#8767,#8768,#8769,
    #8770,#8771,#8772),.UNSPECIFIED.,.F.,.F.,(4,2,2,4),(0.,
    6.706500962053E-04,1.341300192411E-03,2.682600384821E-03),
  .UNSPECIFIED.);
#8765 = CARTESIAN_POINT('',(11.616980531595,-53.73000168583,52.));
#8766 = CARTESIAN_POINT('',(11.829610679122,-53.81092266865,52.));
#8767 = CARTESIAN_POINT('',(12.028741049708,-53.90726816097,
    51.967532056912));
#8768 = CARTESIAN_POINT('',(12.403767717272,-54.1269849179,
    51.848036475994));
#8769 = CARTESIAN_POINT('',(12.577407520963,-54.24960175392,
    51.76092228301));
#8770 = CARTESIAN_POINT('',(13.042885372599,-54.63179882683,
    51.451106072245));
#8771 = CARTESIAN_POINT('',(13.281169953448,-54.90120324497,
    51.187423191886));
#8772 = CARTESIAN_POINT('',(13.478686714251,-55.18535205457,
    50.898359118227));
#8773 = ORIENTED_EDGE('',*,*,#8774,.T.);
#8774 = EDGE_CURVE('',#8762,#8735,#8775,.T.);
#8775 = B_SPLINE_CURVE_WITH_KNOTS('',3,(#8776,#8777,#8778,#8779),
  .UNSPECIFIED.,.F.,.F.,(4,4),(0.,9.493822118655E-05),
  .PIECEWISE_BEZIER_KNOTS.);
#8776 = CARTESIAN_POINT('',(13.478686714251,-55.18535205457,
    50.898359118227));
#8777 = CARTESIAN_POINT('',(13.49270352533,-55.20551672397,
    50.877845636263));
#8778 = CARTESIAN_POINT('',(13.50652674803,-55.22579902754,
    50.857366255106));
#8779 = CARTESIAN_POINT('',(13.520160285389,-55.24620383785,
    50.836929193868));
#8780 = CYLINDRICAL_SURFACE('',#8781,4.);
#8781 = AXIS2_PLACEMENT_3D('',#8782,#8783,#8784);
#8782 = CARTESIAN_POINT('',(10.194242608204,-57.46842605999,47.));
#8783 = DIRECTION('',(0.,0.,1.));
#8784 = DIRECTION('',(1.,0.,-0.));
#8785 = ADVANCED_FACE('',(#8786),#8798,.F.);
#8786 = FACE_BOUND('',#8787,.F.);
#8787 = EDGE_LOOP('',(#8788,#8789,#8796,#8797));
#8788 = ORIENTED_EDGE('',*,*,#8675,.T.);
#8789 = ORIENTED_EDGE('',*,*,#8790,.T.);
#8790 = EDGE_CURVE('',#8676,#7677,#8791,.T.);
#8791 = CIRCLE('',#8792,5.);
#8792 = AXIS2_PLACEMENT_3D('',#8793,#8794,#8795);
#8793 = CARTESIAN_POINT('',(-13.39540293583,-49.05697121812,52.));
#8794 = DIRECTION('',(-0.934606093541,-0.355684480847,3.242566262515E-16
    ));
#8795 = DIRECTION('',(0.355684480847,-0.934606093541,0.));
#8796 = ORIENTED_EDGE('',*,*,#7729,.T.);
#8797 = ORIENTED_EDGE('',*,*,#8607,.F.);
#8798 = ( BOUNDED_SURFACE() B_SPLINE_SURFACE(3,2,(
    (#8799,#8800,#8801)
    ,(#8802,#8803,#8804)
    ,(#8805,#8806,#8807)
    ,(#8808,#8809,#8810)
    ,(#8811,#8812,#8813)
    ,(#8814,#8815,#8816)
    ,(#8817,#8818,#8819)
    ,(#8820,#8821,#8822)
    ,(#8823,#8824,#8825)
    ,(#8826,#8827,#8828)
    ,(#8829,#8830,#8831)
    ,(#8832,#8833,#8834
)),.UNSPECIFIED.,.F.,.F.,.F.) B_SPLINE_SURFACE_WITH_KNOTS((4,2,2,2,2,4),
  (3,3),(1.778091562876E-17,1.377327222248E-03,2.065990833372E-03,
    2.754654444496E-03,4.131981666744E-03,5.509308888992E-03),(0.,1.),
.UNSPECIFIED.) GEOMETRIC_REPRESENTATION_ITEM() RATIONAL_B_SPLINE_SURFACE
((
    (1.,0.707106781187,1.)
    ,(1.,0.706629459553,1.)
    ,(1.,0.704043683886,1.)
    ,(1.,0.697251251335,1.)
    ,(1.,0.694500429937,1.)
    ,(1.,0.688048668393,1.)
    ,(1.,0.684331947685,1.)
    ,(1.,0.671882667115,1.)
    ,(1.,0.661986029831,1.)
    ,(1.,0.639514268047,1.)
    ,(1.,0.626933230831,1.)
,(1.,0.613194899541,1.))) REPRESENTATION_ITEM('') SURFACE() );
#8799 = CARTESIAN_POINT('',(-13.39540293583,-49.05697121812,57.));
#8800 = CARTESIAN_POINT('',(-11.6169805316,-53.73000168583,57.));
#8801 = CARTESIAN_POINT('',(-11.6169805316,-53.73000168583,52.));
#8802 = CARTESIAN_POINT('',(-14.01554212328,-49.28581772274,57.));
#8803 = CARTESIAN_POINT('',(-11.99265028996,-53.87297090649,
    57.006697073481));
#8804 = CARTESIAN_POINT('',(-11.81085544061,-53.80378495863,
    51.999999998858));
#8805 = CARTESIAN_POINT('',(-14.61142867051,-49.54417278725,
    56.961633301758));
#8806 = CARTESIAN_POINT('',(-12.34617708822,-54.05740451598,
    57.004735406785));
#8807 = CARTESIAN_POINT('',(-11.99560899196,-53.89124939514,
    51.972917624419));
#8808 = CARTESIAN_POINT('',(-15.47134765307,-49.97306924391,
    56.852052166359));
#8809 = CARTESIAN_POINT('',(-12.83430746636,-54.38506933884,
    56.993059156622));
#8810 = CARTESIAN_POINT('',(-12.25998408974,-54.04162134328,
    51.895566235253));
#8811 = CARTESIAN_POINT('',(-15.7523138479,-50.1229676091,56.80682248555
    ));
#8812 = CARTESIAN_POINT('',(-12.99138247584,-54.50393537204,
    56.987694604764));
#8813 = CARTESIAN_POINT('',(-12.3459744461,-54.09495877309,
    51.863639401434));
#8814 = CARTESIAN_POINT('',(-16.30302368363,-50.43655998803,
    56.699575470802));
#8815 = CARTESIAN_POINT('',(-13.2918268845,-54.75873375606,
    56.975223650759));
#8816 = CARTESIAN_POINT('',(-12.51372933004,-54.20802535069,
    51.787935626579));
#8817 = CARTESIAN_POINT('',(-16.57373680838,-50.60088838029,
    56.63729196587));
#8818 = CARTESIAN_POINT('',(-13.43597515384,-54.89571563164,
    56.968056222613));
#8819 = CARTESIAN_POINT('',(-12.59578588555,-54.26798900662,
    51.743970798978));
#8820 = CARTESIAN_POINT('',(-17.36221958088,-51.11045439727,
    56.427795183963));
#8821 = CARTESIAN_POINT('',(-13.84553500987,-55.33051490113,
    56.946222631128));
#8822 = CARTESIAN_POINT('',(-12.83354758385,-54.45596875277,
    51.596090719012));
#8823 = CARTESIAN_POINT('',(-17.84970476925,-51.46737599644,
    56.260218675867));
#8824 = CARTESIAN_POINT('',(-14.08029269316,-55.64580278671,
    56.931591048608));
#8825 = CARTESIAN_POINT('',(-12.9788707091,-54.59022919152,
    51.477801417604));
#8826 = CARTESIAN_POINT('',(-18.75710254042,-52.21337272346,
    55.880774604171));
#8827 = CARTESIAN_POINT('',(-14.47708644928,-56.31199632201,
    56.917405097602));
#8828 = CARTESIAN_POINT('',(-13.24610865769,-54.87530352336,
    51.209958544776));
#8829 = CARTESIAN_POINT('',(-19.17695090267,-52.60244995327,
    55.668821653941));
#8830 = CARTESIAN_POINT('',(-14.63817107748,-56.66710985711,
    56.91831275453));
#8831 = CARTESIAN_POINT('',(-13.36800836708,-55.0261295133,
    51.060335924716));
#8832 = CARTESIAN_POINT('',(-19.56458090135,-53.00806769918,
    55.439342084151));
#8833 = CARTESIAN_POINT('',(-14.75821665081,-57.02609157885,
    56.936772063174));
#8834 = CARTESIAN_POINT('',(-13.47868671425,-55.18535205457,
    50.898359118224));
#8835 = ADVANCED_FACE('',(#8836),#8848,.F.);
#8836 = FACE_BOUND('',#8837,.F.);
#8837 = EDGE_LOOP('',(#8838,#8839,#8846,#8847));
#8838 = ORIENTED_EDGE('',*,*,#8688,.T.);
#8839 = ORIENTED_EDGE('',*,*,#8840,.T.);
#8840 = EDGE_CURVE('',#8652,#7669,#8841,.T.);
#8841 = CIRCLE('',#8842,5.);
#8842 = AXIS2_PLACEMENT_3D('',#8843,#8844,#8845);
#8843 = CARTESIAN_POINT('',(-10.19424262065,-48.46842605999,52.));
#8844 = DIRECTION('',(-1.,-1.382369912983E-09,0.));
#8845 = DIRECTION('',(1.382369912983E-09,-1.,0.));
#8846 = ORIENTED_EDGE('',*,*,#7676,.T.);
#8847 = ORIENTED_EDGE('',*,*,#8790,.F.);
#8848 = TOROIDAL_SURFACE('',#8849,9.000000000001,5.);
#8849 = AXIS2_PLACEMENT_3D('',#8850,#8851,#8852);
#8850 = CARTESIAN_POINT('',(-10.19424260821,-57.46842606,52.));
#8851 = DIRECTION('',(0.,0.,1.));
#8852 = DIRECTION('',(1.,0.,-0.));
#8853 = ADVANCED_FACE('',(#8854),#8866,.F.);
#8854 = FACE_BOUND('',#8855,.F.);
#8855 = EDGE_LOOP('',(#8856,#8857,#8864,#8865));
#8856 = ORIENTED_EDGE('',*,*,#8720,.T.);
#8857 = ORIENTED_EDGE('',*,*,#8858,.T.);
#8858 = EDGE_CURVE('',#8706,#7667,#8859,.T.);
#8859 = CIRCLE('',#8860,5.);
#8860 = AXIS2_PLACEMENT_3D('',#8861,#8862,#8863);
#8861 = CARTESIAN_POINT('',(10.194242597145,-48.46842605999,52.));
#8862 = DIRECTION('',(-1.,0.,-2.764746764861E-09));
#8863 = DIRECTION('',(-2.764746764861E-09,0.,1.));
#8864 = ORIENTED_EDGE('',*,*,#7666,.T.);
#8865 = ORIENTED_EDGE('',*,*,#8840,.F.);
#8866 = CYLINDRICAL_SURFACE('',#8867,5.);
#8867 = AXIS2_PLACEMENT_3D('',#8868,#8869,#8870);
#8868 = CARTESIAN_POINT('',(10.194242602675,-48.46842605999,52.));
#8869 = DIRECTION('',(-1.,0.,0.));
#8870 = DIRECTION('',(0.,0.,1.));
#8871 = ADVANCED_FACE('',(#8872),#8884,.F.);
#8872 = FACE_BOUND('',#8873,.F.);
#8873 = EDGE_LOOP('',(#8874,#8875,#8882,#8883));
#8874 = ORIENTED_EDGE('',*,*,#8752,.T.);
#8875 = ORIENTED_EDGE('',*,*,#8876,.T.);
#8876 = EDGE_CURVE('',#8753,#7562,#8877,.T.);
#8877 = CIRCLE('',#8878,5.);
#8878 = AXIS2_PLACEMENT_3D('',#8879,#8880,#8881);
#8879 = CARTESIAN_POINT('',(13.395402935834,-49.05697121812,52.));
#8880 = DIRECTION('',(-0.934606093541,0.355684480848,4.936113751738E-16)
  );
#8881 = DIRECTION('',(-0.355684480848,-0.934606093541,9.860761315263E-32
    ));
#8882 = ORIENTED_EDGE('',*,*,#7714,.T.);
#8883 = ORIENTED_EDGE('',*,*,#8858,.F.);
#8884 = TOROIDAL_SURFACE('',#8885,9.,5.);
#8885 = AXIS2_PLACEMENT_3D('',#8886,#8887,#8888);
#8886 = CARTESIAN_POINT('',(10.194242608204,-57.46842605999,52.));
#8887 = DIRECTION('',(0.,0.,1.));
#8888 = DIRECTION('',(1.,0.,-0.));
#8889 = ADVANCED_FACE('',(#8890),#8902,.F.);
#8890 = FACE_BOUND('',#8891,.F.);
#8891 = EDGE_LOOP('',(#8892,#8893,#8900,#8901));
#8892 = ORIENTED_EDGE('',*,*,#8761,.T.);
#8893 = ORIENTED_EDGE('',*,*,#8894,.T.);
#8894 = EDGE_CURVE('',#8762,#7423,#8895,.T.);
#8895 = CIRCLE('',#8896,5.);
#8896 = AXIS2_PLACEMENT_3D('',#8897,#8898,#8899);
#8897 = CARTESIAN_POINT('',(17.584241846811,-52.33150954779,
    50.898359118227));
#8898 = DIRECTION('',(-0.535083822359,0.769774830957,0.348040245769));
#8899 = DIRECTION('',(-0.821111026512,-0.570768501356,
    -9.311995619044E-14));
#8900 = ORIENTED_EDGE('',*,*,#7576,.T.);
#8901 = ORIENTED_EDGE('',*,*,#8876,.F.);
#8902 = ( BOUNDED_SURFACE() B_SPLINE_SURFACE(3,2,(
    (#8903,#8904,#8905)
    ,(#8906,#8907,#8908)
    ,(#8909,#8910,#8911)
    ,(#8912,#8913,#8914)
    ,(#8915,#8916,#8917)
    ,(#8918,#8919,#8920)
    ,(#8921,#8922,#8923)
    ,(#8924,#8925,#8926
)),.UNSPECIFIED.,.F.,.F.,.F.) B_SPLINE_SURFACE_WITH_KNOTS((4,2,2,4),(3,3
    ),(-1.166601537594E-16,1.380031487219E-03,2.760062974438E-03,
    5.520125948875E-03),(0.,1.),.UNSPECIFIED.) 
GEOMETRIC_REPRESENTATION_ITEM() RATIONAL_B_SPLINE_SURFACE((
    (1.,0.613194899541,1.)
    ,(1.,0.626935238762,1.)
    ,(1.,0.639524006592,1.)
    ,(1.,0.662015875297,1.)
    ,(1.,0.671925029255,1.)
    ,(1.,0.696853486295,1.)
    ,(1.,0.706109324016,1.)
,(1.,0.707106781187,1.))) REPRESENTATION_ITEM('') SURFACE() );
#8903 = CARTESIAN_POINT('',(19.56458090135,-53.00806769918,
    55.439342084155));
#8904 = CARTESIAN_POINT('',(14.758216650809,-57.02609157885,
    56.936772063177));
#8905 = CARTESIAN_POINT('',(13.478686714251,-55.18535205457,
    50.898359118227));
#8906 = CARTESIAN_POINT('',(19.176893022662,-52.60238938738,
    55.668855919298));
#8907 = CARTESIAN_POINT('',(14.638153804705,-56.66705820499,
    56.918310098517));
#8908 = CARTESIAN_POINT('',(13.36799201215,-55.026105985,51.060359860019
    ));
#8909 = CARTESIAN_POINT('',(18.756813226563,-52.21308294375,
    55.880938481094));
#8910 = CARTESIAN_POINT('',(14.476992992988,-56.31174211611,
    56.917400683539));
#8911 = CARTESIAN_POINT('',(13.246025528387,-54.8751902614,
    51.210074222617));
#8912 = CARTESIAN_POINT('',(17.848395518805,-51.46635164383,
    56.260723190702));
#8913 = CARTESIAN_POINT('',(14.079701798244,-55.64490486679,
    56.931619678939));
#8914 = CARTESIAN_POINT('',(12.978483041164,-54.58984027692,
    51.47815754571));
#8915 = CARTESIAN_POINT('',(17.360125728903,-51.10892389959,
    56.428512380766));
#8916 = CARTESIAN_POINT('',(13.844538148421,-55.32918290009,
    56.94628436825));
#8917 = CARTESIAN_POINT('',(12.832923288071,-54.45539317691,
    51.596596975595));
#8918 = CARTESIAN_POINT('',(15.779493588738,-50.08795593165,
    56.847996015306));
#8919 = CARTESIAN_POINT('',(13.037980693146,-54.47372481468,
    56.989256611566));
#8920 = CARTESIAN_POINT('',(12.356272913306,-54.07878942766,
    51.892703067755));
#8921 = CARTESIAN_POINT('',(14.635178554172,-49.51447869793,57.));
#8922 = CARTESIAN_POINT('',(12.368316431415,-54.01593875069,
    57.013394082481));
#8923 = CARTESIAN_POINT('',(12.004580644814,-53.87751125804,
    51.99999999765));
#8924 = CARTESIAN_POINT('',(13.395402935834,-49.05697121812,57.));
#8925 = CARTESIAN_POINT('',(11.616980531595,-53.73000168583,57.));
#8926 = CARTESIAN_POINT('',(11.616980531595,-53.73000168583,52.));
#8927 = ADVANCED_FACE('',(#8928),#8940,.F.);
#8928 = FACE_BOUND('',#8929,.F.);
#8929 = EDGE_LOOP('',(#8930,#8931,#8932,#8939));
#8930 = ORIENTED_EDGE('',*,*,#8894,.F.);
#8931 = ORIENTED_EDGE('',*,*,#8774,.T.);
#8932 = ORIENTED_EDGE('',*,*,#8933,.F.);
#8933 = EDGE_CURVE('',#7412,#8735,#8934,.T.);
#8934 = CIRCLE('',#8935,5.);
#8935 = AXIS2_PLACEMENT_3D('',#8936,#8937,#8938);
#8936 = CARTESIAN_POINT('',(17.677557381869,-52.46842606017,
    50.836929193868));
#8937 = DIRECTION('',(0.521012226306,-0.779779698103,-0.347116525775));
#8938 = DIRECTION('',(0.831479419296,0.555555555536,-9.647838083993E-14)
  );
#8939 = ORIENTED_EDGE('',*,*,#7422,.T.);
#8940 = ( BOUNDED_SURFACE() B_SPLINE_SURFACE(3,2,(
    (#8941,#8942,#8943)
    ,(#8944,#8945,#8946)
    ,(#8947,#8948,#8949)
    ,(#8950,#8951,#8952
)),.UNSPECIFIED.,.F.,.F.,.F.) B_SPLINE_SURFACE_WITH_KNOTS((4,4),(3,3),(
    4.597017211339E-17,1.744846625322E-04),(0.,1.),
.PIECEWISE_BEZIER_KNOTS.) GEOMETRIC_REPRESENTATION_ITEM() 
RATIONAL_B_SPLINE_SURFACE((
    (1.,0.613194899541,1.)
    ,(1.,0.611189132295,1.)
    ,(1.,0.609179989406,1.)
,(1.,0.607168385199,1.))) REPRESENTATION_ITEM('') SURFACE() );
#8941 = CARTESIAN_POINT('',(13.478686714251,-55.18535205457,
    50.898359118227));
#8942 = CARTESIAN_POINT('',(14.758216650809,-57.02609157885,
    56.936772063177));
#8943 = CARTESIAN_POINT('',(19.56458090135,-53.00806769918,
    55.439342084155));
#8944 = CARTESIAN_POINT('',(13.492714770376,-55.20553290116,
    50.87782917895));
#8945 = CARTESIAN_POINT('',(14.766846914246,-57.06271910291,
    56.948469628729));
#8946 = CARTESIAN_POINT('',(19.610315205783,-53.04891239185,
    55.413311764319));
#8947 = CARTESIAN_POINT('',(13.506538479947,-55.22581658627,
    50.857348668911));
#8948 = CARTESIAN_POINT('',(14.77476301877,-57.09894348212,
    56.960660573373));
#8949 = CARTESIAN_POINT('',(19.655461571014,-53.08993652403,
    55.387311301705));
#8950 = CARTESIAN_POINT('',(13.520160285389,-55.24620383785,
    50.836929193868));
#8951 = CARTESIAN_POINT('',(14.781980689966,-57.13472369297,
    56.973350661907));
#8952 = CARTESIAN_POINT('',(19.700025815597,-53.13114170581,
    55.361355058837));
#8953 = ADVANCED_FACE('',(#8954),#8996,.F.);
#8954 = FACE_BOUND('',#8955,.F.);
#8955 = EDGE_LOOP('',(#8956,#8965,#8974,#8995));
#8956 = ORIENTED_EDGE('',*,*,#8957,.F.);
#8957 = EDGE_CURVE('',#8958,#7412,#8960,.T.);
#8958 = VERTEX_POINT('',#8959);
#8959 = CARTESIAN_POINT('',(17.677557381868,-57.46842606017,
    50.836929193869));
#8960 = CIRCLE('',#8961,5.);
#8961 = AXIS2_PLACEMENT_3D('',#8962,#8963,#8964);
#8962 = CARTESIAN_POINT('',(17.677557381869,-52.46842606017,
    50.836929193868));
#8963 = DIRECTION('',(-0.912939822947,2.213422119477E-14,0.408094204416)
  );
#8964 = DIRECTION('',(-0.408094204416,1.387778780781E-15,-0.912939822947
    ));
#8965 = ORIENTED_EDGE('',*,*,#8966,.T.);
#8966 = EDGE_CURVE('',#8958,#8967,#8969,.T.);
#8967 = VERTEX_POINT('',#8968);
#8968 = CARTESIAN_POINT('',(17.777850137578,-57.46842606017,
    50.791625221235));
#8969 = B_SPLINE_CURVE_WITH_KNOTS('',3,(#8970,#8971,#8972,#8973),
  .UNSPECIFIED.,.F.,.F.,(4,4),(3.658435009608E-03,3.769679842564E-03),
  .PIECEWISE_BEZIER_KNOTS.);
#8970 = CARTESIAN_POINT('',(17.677557381868,-57.46842606017,
    50.836929193869));
#8971 = CARTESIAN_POINT('',(17.711050215214,-57.46842606017,
    50.821957526696));
#8972 = CARTESIAN_POINT('',(17.744481164918,-57.46842606017,
    50.806856267682));
#8973 = CARTESIAN_POINT('',(17.777850137578,-57.46842606017,
    50.791625221235));
#8974 = ORIENTED_EDGE('',*,*,#8975,.F.);
#8975 = EDGE_CURVE('',#7403,#8967,#8976,.T.);
#8976 = B_SPLINE_CURVE_WITH_KNOTS('',3,(#8977,#8978,#8979,#8980,#8981,
    #8982,#8983,#8984,#8985,#8986,#8987,#8988,#8989,#8990,#8991,#8992,
    #8993,#8994),.UNSPECIFIED.,.F.,.F.,(4,2,2,2,2,2,2,2,4),(
    5.371497223689E-15,1.049109740485E-03,2.098219480965E-03,
    3.147329221445E-03,3.671884091685E-03,4.196438961925E-03,
    5.245548702404E-03,6.294658442884E-03,8.392877923844E-03),
  .UNSPECIFIED.);
#8977 = CARTESIAN_POINT('',(24.022760868251,-53.29723973324,
    52.636326526492));
#8978 = CARTESIAN_POINT('',(23.957604026498,-53.64562366479,
    52.614533365641));
#8979 = CARTESIAN_POINT('',(23.853534349814,-53.97813782451,
    52.579775248333));
#8980 = CARTESIAN_POINT('',(23.573232718861,-54.61383516877,
    52.487028275059));
#8981 = CARTESIAN_POINT('',(23.39439652218,-54.91875447192,
    52.428203859884));
#8982 = CARTESIAN_POINT('',(22.986240685228,-55.46865997601,
    52.295694316677));
#8983 = CARTESIAN_POINT('',(22.755439740519,-55.71813042509,
    52.221552500095));
#8984 = CARTESIAN_POINT('',(22.371929060104,-56.05706562493,
    52.10042576363));
#8985 = CARTESIAN_POINT('',(22.2370276637,-56.16466432249,
    52.058113506134));
#8986 = CARTESIAN_POINT('',(21.960117465055,-56.36436845391,
    51.9720896626));
#8987 = CARTESIAN_POINT('',(21.817950941386,-56.45678644637,
    51.928293441475));
#8988 = CARTESIAN_POINT('',(21.381178752837,-56.71362260779,
    51.795013048641));
#8989 = CARTESIAN_POINT('',(21.076344078193,-56.85771569332,
    51.703655845399));
#8990 = CARTESIAN_POINT('',(20.442260983161,-57.09812548299,
    51.51776326115));
#8991 = CARTESIAN_POINT('',(20.115017501559,-57.19325504771,
    51.423852089536));
#8992 = CARTESIAN_POINT('',(19.129701815766,-57.41040830826,
    51.147407805761));
#8993 = CARTESIAN_POINT('',(18.458649713292,-57.46842606017,
    50.967544908027));
#8994 = CARTESIAN_POINT('',(17.777850137578,-57.46842606017,
    50.791625221235));
#8995 = ORIENTED_EDGE('',*,*,#7411,.T.);
#8996 = ( BOUNDED_SURFACE() B_SPLINE_SURFACE(3,2,(
    (#8997,#8998,#8999)
    ,(#9000,#9001,#9002)
    ,(#9003,#9004,#9005)
    ,(#9006,#9007,#9008)
    ,(#9009,#9010,#9011)
    ,(#9012,#9013,#9014
)),.UNSPECIFIED.,.F.,.F.,.F.) B_SPLINE_SURFACE_WITH_KNOTS((4,2,4),(3,3),
  (1.345427341053E-02,1.533965254024E-02,1.722503166995E-02),(0.,1.),
.UNSPECIFIED.) GEOMETRIC_REPRESENTATION_ITEM() RATIONAL_B_SPLINE_SURFACE
((
    (1.,0.763527374774,1.)
    ,(1.,0.761826326395,1.)
    ,(1.,0.760022932817,1.)
    ,(1.,0.756343734183,1.)
    ,(1.,0.754441298948,1.)
,(1.,0.752510175721,1.))) REPRESENTATION_ITEM('') SURFACE() );
#8997 = CARTESIAN_POINT('',(24.046587378739,-53.29816658046,
    52.616114208601));
#8998 = CARTESIAN_POINT('',(23.594812371177,-57.46842606017,
    52.079094174758));
#8999 = CARTESIAN_POINT('',(20.872425091584,-57.46842606017,
    48.843022049139));
#9000 = CARTESIAN_POINT('',(23.382555928511,-53.27233837328,
    53.180419082926));
#9001 = CARTESIAN_POINT('',(22.967316474075,-57.46842606017,
    52.636402162117));
#9002 = CARTESIAN_POINT('',(20.390104960514,-57.46842606017,
    49.248780059579));
#9003 = CARTESIAN_POINT('',(22.676327028621,-53.24474080308,
    53.696031033055));
#9004 = CARTESIAN_POINT('',(22.298622120817,-57.46842606017,
    53.149112273512));
#9005 = CARTESIAN_POINT('',(19.872773866324,-57.46842606017,
    49.622849235628));
#9006 = CARTESIAN_POINT('',(21.221461452779,-53.1889506612,
    54.610893494889));
#9007 = CARTESIAN_POINT('',(20.91591490001,-57.46842606017,
    54.066945285443));
#9008 = CARTESIAN_POINT('',(18.802903378167,-57.46842606017,
    50.28830098569));
#9009 = CARTESIAN_POINT('',(20.471715619966,-53.16018755682,
    55.012146682566));
#9010 = CARTESIAN_POINT('',(20.200560910943,-57.46842606017,
    54.474036976363));
#9011 = CARTESIAN_POINT('',(18.249157131333,-57.46842606017,
    50.581417780121));
#9012 = CARTESIAN_POINT('',(19.700025815576,-53.13114170581,
    55.361355058847));
#9013 = CARTESIAN_POINT('',(19.463333465525,-57.46842606017,
    54.831855081119));
#9014 = CARTESIAN_POINT('',(17.677557381854,-57.46842606017,
    50.836929193875));
#9015 = ADVANCED_FACE('',(#9016),#9033,.F.);
#9016 = FACE_BOUND('',#9017,.T.);
#9017 = EDGE_LOOP('',(#9018,#9019,#9027));
#9018 = ORIENTED_EDGE('',*,*,#8966,.T.);
#9019 = ORIENTED_EDGE('',*,*,#9020,.T.);
#9020 = EDGE_CURVE('',#8967,#9021,#9023,.T.);
#9021 = VERTEX_POINT('',#9022);
#9022 = CARTESIAN_POINT('',(17.67755738187,-57.46842606017,
    50.746816316571));
#9023 = LINE('',#9024,#9025);
#9024 = CARTESIAN_POINT('',(-15.95850970841,-57.46842606017,
    35.718858286414));
#9025 = VECTOR('',#9026,1.);
#9026 = DIRECTION('',(-0.913018041887,-2.212472806941E-14,
    -0.407919177275));
#9027 = ORIENTED_EDGE('',*,*,#9028,.T.);
#9028 = EDGE_CURVE('',#9021,#8958,#9029,.T.);
#9029 = LINE('',#9030,#9031);
#9030 = CARTESIAN_POINT('',(17.67755738187,-57.46842606017,
    49.564830611918));
#9031 = VECTOR('',#9032,1.);
#9032 = DIRECTION('',(-0.,5.423801895559E-14,1.));
#9033 = PLANE('',#9034);
#9034 = AXIS2_PLACEMENT_3D('',#9035,#9036,#9037);
#9035 = CARTESIAN_POINT('',(4.135903062765E-25,-57.46842606017,
    3.116919379771E-12));
#9036 = DIRECTION('',(0.,-1.,5.423801895559E-14));
#9037 = DIRECTION('',(0.,-5.423801895559E-14,-1.));
#9038 = ADVANCED_FACE('',(#9039),#9051,.T.);
#9039 = FACE_BOUND('',#9040,.T.);
#9040 = EDGE_LOOP('',(#9041,#9042,#9043,#9050));
#9041 = ORIENTED_EDGE('',*,*,#7369,.T.);
#9042 = ORIENTED_EDGE('',*,*,#7588,.F.);
#9043 = ORIENTED_EDGE('',*,*,#9044,.F.);
#9044 = EDGE_CURVE('',#3816,#7589,#9045,.T.);
#9045 = CIRCLE('',#9046,0.2);
#9046 = AXIS2_PLACEMENT_3D('',#9047,#9048,#9049);
#9047 = CARTESIAN_POINT('',(24.295460801293,-42.07409279777,
    55.093647830577));
#9048 = DIRECTION('',(0.,0.988065809994,0.154032318429));
#9049 = DIRECTION('',(0.,-0.154032318429,0.988065809994));
#9050 = ORIENTED_EDGE('',*,*,#3815,.F.);
#9051 = ( BOUNDED_SURFACE() B_SPLINE_SURFACE(3,2,(
    (#9052,#9053,#9054)
    ,(#9055,#9056,#9057)
    ,(#9058,#9059,#9060)
    ,(#9061,#9062,#9063)
    ,(#9064,#9065,#9066)
    ,(#9067,#9068,#9069
)),.UNSPECIFIED.,.F.,.F.,.F.) B_SPLINE_SURFACE_WITH_KNOTS((4,2,4),(3,3),
  (-3.122502256758E-17,5.049641079274E-03,1.009928215855E-02),(0.,1.),
.UNSPECIFIED.) GEOMETRIC_REPRESENTATION_ITEM() RATIONAL_B_SPLINE_SURFACE
((
    (1.,0.519817723472,1.)
    ,(1.,0.507524414455,1.)
    ,(1.,0.494515015871,1.)
    ,(1.,0.466791133515,1.)
    ,(1.,0.452078050402,1.)
,(1.,0.4363184613,1.))) REPRESENTATION_ITEM('') SURFACE() );
#9052 = CARTESIAN_POINT('',(24.495460801293,-42.07409279777,
    55.093647830577));
#9053 = CARTESIAN_POINT('',(24.495460801293,-42.0234649366,
    54.768887032544));
#9054 = CARTESIAN_POINT('',(24.203544987547,-42.04673244189,
    54.918140297664));
#9055 = CARTESIAN_POINT('',(24.495460801293,-43.73957438218,
    54.83401128938));
#9056 = CARTESIAN_POINT('',(24.495460801272,-43.72266189903,
    54.492955239172));
#9057 = CARTESIAN_POINT('',(24.198433492991,-43.71001948326,
    54.66152283255));
#9058 = CARTESIAN_POINT('',(24.495460801293,-45.39738864941,
    54.537964617105));
#9059 = CARTESIAN_POINT('',(24.495460801293,-45.37858218928,
    54.182759501349));
#9060 = CARTESIAN_POINT('',(24.193201980216,-45.36549837865,
    54.368918516785));
#9061 = CARTESIAN_POINT('',(24.495460801293,-48.69316162074,
    53.851820273337));
#9062 = CARTESIAN_POINT('',(24.495460801293,-48.65779986577,
    53.472082286464));
#9063 = CARTESIAN_POINT('',(24.182541524939,-48.65632576767,
    53.690752595861));
#9064 = CARTESIAN_POINT('',(24.495460801293,-50.33120313923,
    53.461998801623));
#9065 = CARTESIAN_POINT('',(24.495460801293,-50.29167928727,
    53.063276049328));
#9066 = CARTESIAN_POINT('',(24.177112280385,-50.29175596684,
    53.305464269381));
#9067 = CARTESIAN_POINT('',(24.495460801293,-51.95586615216,
    53.008928307341));
#9068 = CARTESIAN_POINT('',(24.495460801293,-51.84507415729,
    52.611639897681));
#9069 = CARTESIAN_POINT('',(24.171610321162,-51.91368236608,
    52.857661699116));
#9070 = ADVANCED_FACE('',(#9071),#9083,.T.);
#9071 = FACE_BOUND('',#9072,.T.);
#9072 = EDGE_LOOP('',(#9073,#9074,#9075,#9082));
#9073 = ORIENTED_EDGE('',*,*,#9044,.T.);
#9074 = ORIENTED_EDGE('',*,*,#7599,.F.);
#9075 = ORIENTED_EDGE('',*,*,#9076,.F.);
#9076 = EDGE_CURVE('',#5712,#7493,#9077,.T.);
#9077 = CIRCLE('',#9078,0.2);
#9078 = AXIS2_PLACEMENT_3D('',#9079,#9080,#9081);
#9079 = CARTESIAN_POINT('',(24.340189816322,-39.23086390978,
    55.481064295045));
#9080 = DIRECTION('',(5.129775666754E-03,0.991601550348,0.129228676185)
  );
#9081 = DIRECTION('',(2.751705113768E-16,-0.129230376519,0.991614597404)
  );
#9082 = ORIENTED_EDGE('',*,*,#5744,.F.);
#9083 = ( BOUNDED_SURFACE() B_SPLINE_SURFACE(3,2,(
    (#9084,#9085,#9086)
    ,(#9087,#9088,#9089)
    ,(#9090,#9091,#9092)
    ,(#9093,#9094,#9095)
    ,(#9096,#9097,#9098)
    ,(#9099,#9100,#9101
)),.UNSPECIFIED.,.F.,.F.,.F.) B_SPLINE_SURFACE_WITH_KNOTS((4,2,4),(3,3),
  (-8.673617379884E-18,1.434952975956E-03,2.869905951912E-03),(0.,1.),
.UNSPECIFIED.) GEOMETRIC_REPRESENTATION_ITEM() RATIONAL_B_SPLINE_SURFACE
((
    (1.,0.41892853398,1.)
    ,(1.,0.418680925147,1.)
    ,(1.,0.421892389217,1.)
    ,(1.,0.453436392725,1.)
    ,(1.,0.481901886532,1.)
,(1.,0.519817723472,1.))) REPRESENTATION_ITEM('') SURFACE() );
#9084 = CARTESIAN_POINT('',(24.532734980484,-39.23883301397,
    55.534569931535));
#9085 = CARTESIAN_POINT('',(24.649965538458,-39.1854959165,
    55.120648528193));
#9086 = CARTESIAN_POINT('',(24.25637662241,-39.20697053863,
    55.301051919521));
#9087 = CARTESIAN_POINT('',(24.530690688534,-39.7134320612,
    55.471239954562));
#9088 = CARTESIAN_POINT('',(24.644747853418,-39.65924287122,
    55.056524579386));
#9089 = CARTESIAN_POINT('',(24.252541380435,-39.68073731429,
    55.239953667277));
#9090 = CARTESIAN_POINT('',(24.52635182562,-40.18909130493,
    55.405223712673));
#9091 = CARTESIAN_POINT('',(24.633887304809,-40.1187271792,
    54.994543174042));
#9092 = CARTESIAN_POINT('',(24.24597223544,-40.15427631433,
    55.177564165872));
#9093 = CARTESIAN_POINT('',(24.508882021367,-41.137081872,
    55.262306208436));
#9094 = CARTESIAN_POINT('',(24.574562919767,-41.07083677281,
    54.879899391432));
#9095 = CARTESIAN_POINT('',(24.222371619955,-41.1012009599,
    55.052877948802));
#9096 = CARTESIAN_POINT('',(24.495460801293,-41.60929405106,
    55.185549757008));
#9097 = CARTESIAN_POINT('',(24.529488757219,-41.5230500535,
    54.832373795526));
#9098 = CARTESIAN_POINT('',(24.204995649533,-41.57468831893,
    54.990968832184));
#9099 = CARTESIAN_POINT('',(24.495460801293,-42.07409279777,
    55.093647830577));
#9100 = CARTESIAN_POINT('',(24.495460801293,-42.0234649366,
    54.768887032544));
#9101 = CARTESIAN_POINT('',(24.203544987547,-42.04673244189,
    54.918140297664));
#9102 = ADVANCED_FACE('',(#9103),#9115,.T.);
#9103 = FACE_BOUND('',#9104,.T.);
#9104 = EDGE_LOOP('',(#9105,#9106,#9107,#9114));
#9105 = ORIENTED_EDGE('',*,*,#9076,.T.);
#9106 = ORIENTED_EDGE('',*,*,#7490,.F.);
#9107 = ORIENTED_EDGE('',*,*,#9108,.F.);
#9108 = EDGE_CURVE('',#5670,#7491,#9109,.T.);
#9109 = CIRCLE('',#9110,0.2);
#9110 = AXIS2_PLACEMENT_3D('',#9111,#9112,#9113);
#9111 = CARTESIAN_POINT('',(24.350640363947,-37.27651991018,
    55.721405170065));
#9112 = DIRECTION('',(5.474930256119E-03,0.993338394662,0.115103687292)
  );
#9113 = DIRECTION('',(3.809019072376E-15,-0.115105412439,0.993353282587)
  );
#9114 = ORIENTED_EDGE('',*,*,#5711,.F.);
#9115 = ( BOUNDED_SURFACE() B_SPLINE_SURFACE(3,2,(
    (#9116,#9117,#9118)
    ,(#9119,#9120,#9121)
    ,(#9122,#9123,#9124)
    ,(#9125,#9126,#9127
)),.UNSPECIFIED.,.F.,.F.,.F.) B_SPLINE_SURFACE_WITH_KNOTS((4,4),(3,3),(
    1.214306433184E-17,1.969094568297E-03),(0.,1.),
.PIECEWISE_BEZIER_KNOTS.) GEOMETRIC_REPRESENTATION_ITEM() 
RATIONAL_B_SPLINE_SURFACE((
    (1.,0.41892853398,1.)
    ,(1.,0.418957933222,1.)
    ,(1.,0.418985839364,1.)
,(1.,0.419012485197,1.))) REPRESENTATION_ITEM('') SURFACE() );
#9116 = CARTESIAN_POINT('',(24.25637662241,-39.20697053863,
    55.301051919521));
#9117 = CARTESIAN_POINT('',(24.649965538458,-39.1854959165,
    55.120648528193));
#9118 = CARTESIAN_POINT('',(24.532734980484,-39.23883301397,
    55.534569931535));
#9119 = CARTESIAN_POINT('',(24.261639221046,-38.55688300719,
    55.384888974725));
#9120 = CARTESIAN_POINT('',(24.657090120766,-38.53694264013,
    55.208454280358));
#9121 = CARTESIAN_POINT('',(24.535540890783,-38.58797653351,
    55.621410850574));
#9122 = CARTESIAN_POINT('',(24.267002059688,-37.90617651015,
    55.463924780531));
#9123 = CARTESIAN_POINT('',(24.664216276332,-37.88760704393,
    55.291437051558));
#9124 = CARTESIAN_POINT('',(24.538449070453,-37.93649805274,
    55.703348519837));
#9125 = CARTESIAN_POINT('',(24.27244555331,-37.25490605205,
    55.538598133204));
#9126 = CARTESIAN_POINT('',(24.671331989519,-37.237571173,
    55.370025980525));
#9127 = CARTESIAN_POINT('',(24.541443770171,-37.2844571948,
    55.780827890351));
#9128 = ADVANCED_FACE('',(#9129),#9141,.T.);
#9129 = FACE_BOUND('',#9130,.T.);
#9130 = EDGE_LOOP('',(#9131,#9132,#9133,#9140));
#9131 = ORIENTED_EDGE('',*,*,#9108,.T.);
#9132 = ORIENTED_EDGE('',*,*,#7501,.F.);
#9133 = ORIENTED_EDGE('',*,*,#9134,.F.);
#9134 = EDGE_CURVE('',#3847,#7502,#9135,.T.);
#9135 = CIRCLE('',#9136,0.2);
#9136 = AXIS2_PLACEMENT_3D('',#9137,#9138,#9139);
#9137 = CARTESIAN_POINT('',(24.295460801293,-33.49704503991,
    56.139862198824));
#9138 = DIRECTION('',(1.279204319317E-14,0.995742694651,
    9.217638553291E-02));
#9139 = DIRECTION('',(-2.224587752723E-28,-9.217638553291E-02,
    0.995742694651));
#9140 = ORIENTED_EDGE('',*,*,#5669,.F.);
#9141 = ( BOUNDED_SURFACE() B_SPLINE_SURFACE(3,2,(
    (#9142,#9143,#9144)
    ,(#9145,#9146,#9147)
    ,(#9148,#9149,#9150)
    ,(#9151,#9152,#9153)
    ,(#9154,#9155,#9156)
    ,(#9157,#9158,#9159)
    ,(#9160,#9161,#9162)
    ,(#9163,#9164,#9165
)),.UNSPECIFIED.,.F.,.F.,.F.) B_SPLINE_SURFACE_WITH_KNOTS((4,2,2,4),(3,3
    ),(-3.382710778155E-17,1.901609391444E-03,2.852414087166E-03,
    3.803218782888E-03),(0.,1.),.UNSPECIFIED.) 
GEOMETRIC_REPRESENTATION_ITEM() RATIONAL_B_SPLINE_SURFACE((
    (1.,0.576820831226,1.)
    ,(1.,0.518561417992,1.)
    ,(1.,0.473436377766,1.)
    ,(1.,0.43600746571,1.)
    ,(1.,0.428382848589,1.)
    ,(1.,0.419938143905,1.)
    ,(1.,0.419011713294,1.)
,(1.,0.419012485197,1.))) REPRESENTATION_ITEM('') SURFACE() );
#9142 = CARTESIAN_POINT('',(24.495460801293,-33.49704503991,
    56.139862198824));
#9143 = CARTESIAN_POINT('',(24.495460801293,-33.47093773455,
    55.857835967891));
#9144 = CARTESIAN_POINT('',(24.228549709828,-33.47967207604,
    55.952189382559));
#9145 = CARTESIAN_POINT('',(24.495460801293,-34.12383473342,
    56.108332011324));
#9146 = CARTESIAN_POINT('',(24.536971484724,-34.15798038187,
    55.77634012061));
#9147 = CARTESIAN_POINT('',(24.226809933399,-34.11038069929,
    55.894424661992));
#9148 = CARTESIAN_POINT('',(24.519740507055,-34.75627615825,
    56.053522504947));
#9149 = CARTESIAN_POINT('',(24.602596303003,-34.74574859121,
    55.689346153922));
#9150 = CARTESIAN_POINT('',(24.253871180406,-34.73890908625,
    55.822606656149));
#9151 = CARTESIAN_POINT('',(24.537532174872,-35.70538935291,
    55.958628139988));
#9152 = CARTESIAN_POINT('',(24.656313103173,-35.66749113478,
    55.564953110454));
#9153 = CARTESIAN_POINT('',(24.272319306341,-35.68229441815,
    55.716232599044));
#9154 = CARTESIAN_POINT('',(24.541136311937,-36.02182497064,
    55.924822418312));
#9155 = CARTESIAN_POINT('',(24.66714777732,-35.97818406373,
    55.524581118936));
#9156 = CARTESIAN_POINT('',(24.275701689506,-35.99682427256,
    55.680767047934));
#9157 = CARTESIAN_POINT('',(24.543738636886,-36.65380675262,
    55.854662834329));
#9158 = CARTESIAN_POINT('',(24.676460870007,-36.61055021483,
    55.445573858812));
#9159 = CARTESIAN_POINT('',(24.276988261713,-36.62589321958,
    55.610010263844));
#9160 = CARTESIAN_POINT('',(24.542889700582,-36.96938244827,
    55.81827063076));
#9161 = CARTESIAN_POINT('',(24.674783071458,-36.92305577969,
    55.408041944857));
#9162 = CARTESIAN_POINT('',(24.275073944414,-36.94044023105,
    55.574654147301));
#9163 = CARTESIAN_POINT('',(24.541443770171,-37.2844571948,
    55.780827890351));
#9164 = CARTESIAN_POINT('',(24.671331989519,-37.237571173,
    55.370025980525));
#9165 = CARTESIAN_POINT('',(24.27244555331,-37.25490605205,
    55.538598133204));
#9166 = ADVANCED_FACE('',(#9167),#9179,.T.);
#9167 = FACE_BOUND('',#9168,.T.);
#9168 = EDGE_LOOP('',(#9169,#9170,#9171,#9178));
#9169 = ORIENTED_EDGE('',*,*,#9134,.T.);
#9170 = ORIENTED_EDGE('',*,*,#7512,.F.);
#9171 = ORIENTED_EDGE('',*,*,#9172,.F.);
#9172 = EDGE_CURVE('',#3858,#7513,#9173,.T.);
#9173 = CIRCLE('',#9174,0.2);
#9174 = AXIS2_PLACEMENT_3D('',#9175,#9176,#9177);
#9175 = CARTESIAN_POINT('',(24.295460801293,-28.80835020722,
    56.513241791159));
#9176 = DIRECTION('',(0.,0.997721165081,6.747204420119E-02));
#9177 = DIRECTION('',(0.,-6.747204420119E-02,0.997721165081));
#9178 = ORIENTED_EDGE('',*,*,#3857,.F.);
#9179 = ( BOUNDED_SURFACE() B_SPLINE_SURFACE(3,2,(
    (#9180,#9181,#9182)
    ,(#9183,#9184,#9185)
    ,(#9186,#9187,#9188)
    ,(#9189,#9190,#9191
)),.UNSPECIFIED.,.F.,.F.,.F.) B_SPLINE_SURFACE_WITH_KNOTS((4,4),(3,3),(
    -1.387778780781E-17,4.703538195238E-03),(0.,1.),
.PIECEWISE_BEZIER_KNOTS.) GEOMETRIC_REPRESENTATION_ITEM() 
RATIONAL_B_SPLINE_SURFACE((
    (1.,0.603276913078,1.)
    ,(1.,0.594947444554,1.)
    ,(1.,0.586144135277,1.)
,(1.,0.576820831226,1.))) REPRESENTATION_ITEM('') SURFACE() );
#9180 = CARTESIAN_POINT('',(24.495460801293,-28.80835020722,
    56.513241791159));
#9181 = CARTESIAN_POINT('',(24.495460801293,-28.79051060506,
    56.249444408641));
#9182 = CARTESIAN_POINT('',(24.241038014834,-28.79536500936,
    56.321227351727));
#9183 = CARTESIAN_POINT('',(24.495460801293,-30.37273362473,
    56.407448558698));
#9184 = CARTESIAN_POINT('',(24.495460801318,-30.37442477879,
    56.136497534894));
#9185 = CARTESIAN_POINT('',(24.237018159534,-30.35840572524,
    56.216664271458));
#9186 = CARTESIAN_POINT('',(24.495460801293,-31.93574641627,
    56.284392371458));
#9187 = CARTESIAN_POINT('',(24.495460801349,-31.93764557739,
    56.00655414237));
#9188 = CARTESIAN_POINT('',(24.232852131158,-31.9199574986,
    56.095038974953));
#9189 = CARTESIAN_POINT('',(24.495460801293,-33.49704503991,
    56.139862198824));
#9190 = CARTESIAN_POINT('',(24.495460801293,-33.47093773455,
    55.857835967891));
#9191 = CARTESIAN_POINT('',(24.228549709828,-33.47967207604,
    55.952189382559));
#9192 = ADVANCED_FACE('',(#9193),#9207,.T.);
#9193 = FACE_BOUND('',#9194,.T.);
#9194 = EDGE_LOOP('',(#9195,#9196,#9205,#9206));
#9195 = ORIENTED_EDGE('',*,*,#7521,.F.);
#9196 = ORIENTED_EDGE('',*,*,#9197,.F.);
#9197 = EDGE_CURVE('',#5645,#7522,#9198,.T.);
#9198 = B_SPLINE_CURVE_WITH_KNOTS('',3,(#9199,#9200,#9201,#9202,#9203,
    #9204),.UNSPECIFIED.,.F.,.F.,(4,2,4),(-4.753066886055E-06,
    1.781095649503E-04,3.609721967866E-04),.UNSPECIFIED.);
#9199 = CARTESIAN_POINT('',(24.338706515399,-27.28298389638,
    56.647841446217));
#9200 = CARTESIAN_POINT('',(24.339672268953,-27.28763311775,
    56.587068442269));
#9201 = CARTESIAN_POINT('',(24.312900973942,-27.29795323676,
    56.527337750052));
#9202 = CARTESIAN_POINT('',(24.222321325636,-27.32281018652,
    56.4513718774));
#9203 = CARTESIAN_POINT('',(24.159476170899,-27.33706721488,
    56.436164267668));
#9204 = CARTESIAN_POINT('',(24.101093746769,-27.34806324842,
    56.450339418586));
#9205 = ORIENTED_EDGE('',*,*,#5644,.F.);
#9206 = ORIENTED_EDGE('',*,*,#9172,.T.);
#9207 = ( BOUNDED_SURFACE() B_SPLINE_SURFACE(3,2,(
    (#9208,#9209,#9210)
    ,(#9211,#9212,#9213)
    ,(#9214,#9215,#9216)
    ,(#9217,#9218,#9219
)),.UNSPECIFIED.,.F.,.F.,.F.) B_SPLINE_SURFACE_WITH_KNOTS((4,4),(3,3),(
    -4.770489558936E-18,1.504203588408E-03),(0.,1.),
.PIECEWISE_BEZIER_KNOTS.) GEOMETRIC_REPRESENTATION_ITEM() 
RATIONAL_B_SPLINE_SURFACE((
    (1.,0.603276913078,1.)
    ,(1.,0.607851989255,1.)
    ,(1.,0.614082750603,1.)
,(1.,0.621352482069,1.))) REPRESENTATION_ITEM('') SURFACE() );
#9208 = CARTESIAN_POINT('',(24.241038014834,-28.79536500936,
    56.321227351727));
#9209 = CARTESIAN_POINT('',(24.495460801293,-28.79051060506,
    56.249444408641));
#9210 = CARTESIAN_POINT('',(24.495460801293,-28.80835020722,
    56.513241791159));
#9211 = CARTESIAN_POINT('',(24.24234230718,-28.28821609345,
    56.355154205439));
#9212 = CARTESIAN_POINT('',(24.494229678554,-28.26863422027,
    56.286938254633));
#9213 = CARTESIAN_POINT('',(24.495460801293,-28.28685977115,
    56.547567747522));
#9214 = CARTESIAN_POINT('',(24.191817332106,-27.79110467886,
    56.401444236566));
#9215 = CARTESIAN_POINT('',(24.439557432941,-27.75625570273,
    56.337938854598));
#9216 = CARTESIAN_POINT('',(24.441660746834,-27.77556194336,
    56.594402654148));
#9217 = CARTESIAN_POINT('',(24.092140564387,-27.30357124208,
    56.455223493446));
#9218 = CARTESIAN_POINT('',(24.331240262259,-27.24723269236,
    56.398100240919));
#9219 = CARTESIAN_POINT('',(24.33683614494,-27.27400733039,
    56.648814358075));
#9220 = ADVANCED_FACE('',(#9221),#9234,.T.);
#9221 = FACE_BOUND('',#9222,.T.);
#9222 = EDGE_LOOP('',(#9223,#9224,#9225,#9232,#9233));
#9223 = ORIENTED_EDGE('',*,*,#7530,.F.);
#9224 = ORIENTED_EDGE('',*,*,#8241,.F.);
#9225 = ORIENTED_EDGE('',*,*,#9226,.F.);
#9226 = EDGE_CURVE('',#5536,#8199,#9227,.T.);
#9227 = CIRCLE('',#9228,0.2);
#9228 = AXIS2_PLACEMENT_3D('',#9229,#9230,#9231);
#9229 = CARTESIAN_POINT('',(23.767699743043,-26.08313834099,
    56.328147070826));
#9230 = DIRECTION('',(-0.364539455689,0.905892245743,-0.215569534835));
#9231 = DIRECTION('',(-0.927703964623,-0.373316694004,
    -9.650613641554E-14));
#9232 = ORIENTED_EDGE('',*,*,#5653,.F.);
#9233 = ORIENTED_EDGE('',*,*,#9197,.T.);
#9234 = ( BOUNDED_SURFACE() B_SPLINE_SURFACE(3,2,(
    (#9235,#9236,#9237)
    ,(#9238,#9239,#9240)
    ,(#9241,#9242,#9243)
    ,(#9244,#9245,#9246
)),.UNSPECIFIED.,.F.,.F.,.F.) B_SPLINE_SURFACE_WITH_KNOTS((4,4),(3,3),(
    -2.125036258072E-17,1.338247954438E-03),(0.,1.),
.PIECEWISE_BEZIER_KNOTS.) GEOMETRIC_REPRESENTATION_ITEM() 
RATIONAL_B_SPLINE_SURFACE((
    (1.,0.598897512971,1.)
    ,(1.,0.604127178237,1.)
    ,(1.,0.609816979372,1.)
,(1.,0.615891438154,1.))) REPRESENTATION_ITEM('') SURFACE() );
#9235 = CARTESIAN_POINT('',(23.953240535968,-26.00847500219,
    56.328147070826));
#9236 = CARTESIAN_POINT('',(23.974762419296,-26.06195757292,
    56.067001534749));
#9237 = CARTESIAN_POINT('',(23.730696698986,-26.14260751894,
    56.140812632976));
#9238 = CARTESIAN_POINT('',(24.122822176797,-26.42989082166,
    56.42575459035));
#9239 = CARTESIAN_POINT('',(24.141059250812,-26.48448292346,
    56.168284280718));
#9240 = CARTESIAN_POINT('',(23.895756241367,-26.55278578379,
    56.238420200032));
#9241 = CARTESIAN_POINT('',(24.250807488977,-26.85755557253,
    56.533290099878));
#9242 = CARTESIAN_POINT('',(24.266858298043,-26.9155449127,
    56.280276259858));
#9243 = CARTESIAN_POINT('',(24.020328581989,-26.96904617441,
    56.345955726688));
#9244 = CARTESIAN_POINT('',(24.340312275558,-27.29073470224,
    56.64992760266));
#9245 = CARTESIAN_POINT('',(24.35384890778,-27.3562483668,
    56.402994511948));
#9246 = CARTESIAN_POINT('',(24.10744652552,-27.39067362699,
    56.462593164811));
#9247 = ADVANCED_FACE('',(#9248),#9260,.T.);
#9248 = FACE_BOUND('',#9249,.T.);
#9249 = EDGE_LOOP('',(#9250,#9251,#9252,#9259));
#9250 = ORIENTED_EDGE('',*,*,#9226,.T.);
#9251 = ORIENTED_EDGE('',*,*,#8207,.F.);
#9252 = ORIENTED_EDGE('',*,*,#9253,.F.);
#9253 = EDGE_CURVE('',#5538,#8208,#9254,.T.);
#9254 = CIRCLE('',#9255,0.2);
#9255 = AXIS2_PLACEMENT_3D('',#9256,#9257,#9258);
#9256 = CARTESIAN_POINT('',(23.483872122162,-25.46312696636,
    55.903966650785));
#9257 = DIRECTION('',(-0.286661536229,0.556010114425,-0.780178131137));
#9258 = DIRECTION('',(-4.007905118897E-14,0.814355047247,0.580367002011)
  );
#9259 = ORIENTED_EDGE('',*,*,#5535,.F.);
#9260 = ( BOUNDED_SURFACE() B_SPLINE_SURFACE(3,2,(
    (#9261,#9262,#9263)
    ,(#9264,#9265,#9266)
    ,(#9267,#9268,#9269)
    ,(#9270,#9271,#9272
)),.UNSPECIFIED.,.F.,.F.,.F.) B_SPLINE_SURFACE_WITH_KNOTS((4,4),(3,3),(
    7.827939685345E-17,8.151077849431E-04),(0.,1.),
.PIECEWISE_BEZIER_KNOTS.) GEOMETRIC_REPRESENTATION_ITEM() 
RATIONAL_B_SPLINE_SURFACE((
    (1.,0.609930311606,1.)
    ,(1.,0.601771159705,1.)
    ,(1.,0.600838938446,1.)
,(1.,0.598897512971,1.))) REPRESENTATION_ITEM('') SURFACE() );
#9261 = CARTESIAN_POINT('',(23.661636815884,-25.37147701456,
    55.903966650785));
#9262 = CARTESIAN_POINT('',(23.754537826173,-25.55166826742,
    55.741414920113));
#9263 = CARTESIAN_POINT('',(23.507490824083,-25.62065429974,
    55.783023291484));
#9264 = CARTESIAN_POINT('',(23.742395559469,-25.52811706767,
    56.117898480448));
#9265 = CARTESIAN_POINT('',(23.816941464293,-25.68321917819,
    55.907973150155));
#9266 = CARTESIAN_POINT('',(23.565950121945,-25.75052075631,
    55.963589214712));
#9267 = CARTESIAN_POINT('',(23.850551986025,-25.75329066023,
    56.269041732689));
#9268 = CARTESIAN_POINT('',(23.896280051799,-25.86127882547,
    56.022369233188));
#9269 = CARTESIAN_POINT('',(23.649643615812,-25.93474228454,
    56.090835896642));
#9270 = CARTESIAN_POINT('',(23.953240535968,-26.00847500219,
    56.328147070826));
#9271 = CARTESIAN_POINT('',(23.974762419296,-26.06195757292,
    56.067001534749));
#9272 = CARTESIAN_POINT('',(23.730696698986,-26.14260751894,
    56.140812632976));
#9273 = ADVANCED_FACE('',(#9274),#9286,.T.);
#9274 = FACE_BOUND('',#9275,.T.);
#9275 = EDGE_LOOP('',(#9276,#9277,#9278,#9285));
#9276 = ORIENTED_EDGE('',*,*,#9253,.T.);
#9277 = ORIENTED_EDGE('',*,*,#8359,.F.);
#9278 = ORIENTED_EDGE('',*,*,#9279,.F.);
#9279 = EDGE_CURVE('',#5547,#8351,#9280,.T.);
#9280 = CIRCLE('',#9281,0.2);
#9281 = AXIS2_PLACEMENT_3D('',#9282,#9283,#9284);
#9282 = CARTESIAN_POINT('',(20.708945072077,-22.52344491194,
    51.514190584889));
#9283 = DIRECTION('',(-0.65425876886,0.386573787995,-0.650004745986));
#9284 = DIRECTION('',(-0.704796712772,-1.733335697196E-13,0.709409327304
    ));
#9285 = ORIENTED_EDGE('',*,*,#5546,.F.);
#9286 = ( BOUNDED_SURFACE() B_SPLINE_SURFACE(3,2,(
    (#9287,#9288,#9289)
    ,(#9290,#9291,#9292)
    ,(#9293,#9294,#9295)
    ,(#9296,#9297,#9298)
    ,(#9299,#9300,#9301)
    ,(#9302,#9303,#9304)
    ,(#9305,#9306,#9307)
    ,(#9308,#9309,#9310
)),.UNSPECIFIED.,.F.,.F.,.F.) B_SPLINE_SURFACE_WITH_KNOTS((4,2,2,4),(3,3
    ),(2.168404344971E-16,2.985190843375E-03,4.477786265062E-03,
    5.970381686749E-03),(0.,1.),.UNSPECIFIED.) 
GEOMETRIC_REPRESENTATION_ITEM() RATIONAL_B_SPLINE_SURFACE((
    (1.,0.609930311606,1.)
    ,(1.,0.595551328559,1.)
    ,(1.,0.578852357928,1.)
    ,(1.,0.550505980668,1.)
    ,(1.,0.540499445249,1.)
    ,(1.,0.51927813602,1.)
    ,(1.,0.50801148813,1.)
,(1.,0.496274646659,1.))) REPRESENTATION_ITEM('') SURFACE() );
#9287 = CARTESIAN_POINT('',(23.507490824083,-25.62065429974,
    55.783023291485));
#9288 = CARTESIAN_POINT('',(23.754537826173,-25.55166826742,
    55.741414920113));
#9289 = CARTESIAN_POINT('',(23.661636815885,-25.37147701456,
    55.903966650785));
#9290 = CARTESIAN_POINT('',(23.224129466289,-25.05784969207,
    54.994639894046));
#9291 = CARTESIAN_POINT('',(23.468549904587,-24.95777524425,
    54.925791119096));
#9292 = CARTESIAN_POINT('',(23.364388252199,-24.79493225002,
    55.116547975634));
#9293 = CARTESIAN_POINT('',(22.864305482336,-24.52382929114,
    54.230017121146));
#9294 = CARTESIAN_POINT('',(23.104923445817,-24.40260276835,
    54.145554554499));
#9295 = CARTESIAN_POINT('',(22.990099101475,-24.24861436854,
    54.353551276582));
#9296 = CARTESIAN_POINT('',(22.188101348102,-23.77718458722,
    53.126449095872));
#9297 = CARTESIAN_POINT('',(22.442687277435,-23.63648738495,
    53.038198843829));
#9298 = CARTESIAN_POINT('',(22.290043272661,-23.48513536363,
    53.252686166024));
#9299 = CARTESIAN_POINT('',(21.93973843685,-23.5375717584,
    52.765764003816));
#9300 = CARTESIAN_POINT('',(22.193308389406,-23.38518983376,
    52.668485228004));
#9301 = CARTESIAN_POINT('',(22.033372847784,-23.24019014637,
    52.89294908221));
#9302 = CARTESIAN_POINT('',(21.389018510618,-23.08193702634,
    52.060293112938));
#9303 = CARTESIAN_POINT('',(21.641339344602,-22.90442351053,
    51.942957982132));
#9304 = CARTESIAN_POINT('',(21.465067046792,-22.7744804488,
    52.189385030029));
#9305 = CARTESIAN_POINT('',(21.085206648099,-22.86510268591,
    51.714126502495));
#9306 = CARTESIAN_POINT('',(21.333846515749,-22.67400735792,
    51.584761222951));
#9307 = CARTESIAN_POINT('',(21.151935570557,-22.5528866043,
    51.844182093938));
#9308 = CARTESIAN_POINT('',(20.753764626278,-22.66780257116,
    51.383224658832));
#9309 = CARTESIAN_POINT('',(21.00647994371,-22.46694303682,
    51.248311518656));
#9310 = CARTESIAN_POINT('',(20.810684367167,-22.35125572577,
    51.514190584889));
#9311 = ADVANCED_FACE('',(#9312),#9324,.T.);
#9312 = FACE_BOUND('',#9313,.T.);
#9313 = EDGE_LOOP('',(#9314,#9315,#9316,#9323));
#9314 = ORIENTED_EDGE('',*,*,#9279,.T.);
#9315 = ORIENTED_EDGE('',*,*,#8350,.F.);
#9316 = ORIENTED_EDGE('',*,*,#9317,.F.);
#9317 = EDGE_CURVE('',#6016,#8342,#9318,.T.);
#9318 = CIRCLE('',#9319,0.2);
#9319 = AXIS2_PLACEMENT_3D('',#9320,#9321,#9322);
#9320 = CARTESIAN_POINT('',(20.058438177472,-22.17940741982,
    50.91567740776));
#9321 = DIRECTION('',(-0.717076602225,0.336965077987,-0.610127595474));
#9322 = DIRECTION('',(-0.648026005755,6.603051438958E-14,0.761618208728)
  );
#9323 = ORIENTED_EDGE('',*,*,#6015,.F.);
#9324 = ( BOUNDED_SURFACE() B_SPLINE_SURFACE(3,2,(
    (#9325,#9326,#9327)
    ,(#9328,#9329,#9330)
    ,(#9331,#9332,#9333)
    ,(#9334,#9335,#9336
)),.UNSPECIFIED.,.F.,.F.,.F.) B_SPLINE_SURFACE_WITH_KNOTS((4,4),(3,3),(
    -6.387251838547E-15,9.485457496081E-04),(0.,1.),
.PIECEWISE_BEZIER_KNOTS.) GEOMETRIC_REPRESENTATION_ITEM() 
RATIONAL_B_SPLINE_SURFACE((
    (1.,0.496274646659,1.)
    ,(1.,0.489555235294,1.)
    ,(1.,0.482686327892,1.)
,(1.,0.475678175654,1.))) REPRESENTATION_ITEM('') SURFACE() );
#9325 = CARTESIAN_POINT('',(20.753764626274,-22.66780257115,
    51.383224658827));
#9326 = CARTESIAN_POINT('',(21.006479943705,-22.46694303681,
    51.248311518651));
#9327 = CARTESIAN_POINT('',(20.810684367163,-22.35125572577,
    51.514190584885));
#9328 = CARTESIAN_POINT('',(20.547144649326,-22.54480626295,
    51.176941427661));
#9329 = CARTESIAN_POINT('',(20.794726047522,-22.33357000627,
    51.031304811095));
#9330 = CARTESIAN_POINT('',(20.598313079208,-22.2257745291,
    51.308474905912));
#9331 = CARTESIAN_POINT('',(20.331002941302,-22.4291491335,
    50.976703324874));
#9332 = CARTESIAN_POINT('',(20.575118777437,-22.20912115542,
    50.822601814013));
#9333 = CARTESIAN_POINT('',(20.376276820557,-22.10778311748,
    51.108786869933));
#9334 = CARTESIAN_POINT('',(20.104290719968,-22.32193284987,
    50.783072558169));
#9335 = CARTESIAN_POINT('',(20.347721625764,-22.09436460207,
    50.62265356522));
#9336 = CARTESIAN_POINT('',(20.143497808598,-21.99839675949,
    50.91567740776));
#9337 = ADVANCED_FACE('',(#9338),#9350,.T.);
#9338 = FACE_BOUND('',#9339,.T.);
#9339 = EDGE_LOOP('',(#9340,#9341,#9342,#9349));
#9340 = ORIENTED_EDGE('',*,*,#9317,.T.);
#9341 = ORIENTED_EDGE('',*,*,#8341,.F.);
#9342 = ORIENTED_EDGE('',*,*,#9343,.F.);
#9343 = EDGE_CURVE('',#6057,#8329,#9344,.T.);
#9344 = CIRCLE('',#9345,0.2);
#9345 = AXIS2_PLACEMENT_3D('',#9346,#9347,#9348);
#9346 = CARTESIAN_POINT('',(19.836078634478,-22.06991229433,
    50.721540415589));
#9347 = DIRECTION('',(-0.695480311755,0.3584097949,-0.622775685846));
#9348 = DIRECTION('',(-0.667094536665,7.716050021145E-15,0.744973072769)
  );
#9349 = ORIENTED_EDGE('',*,*,#6064,.F.);
#9350 = ( BOUNDED_SURFACE() B_SPLINE_SURFACE(3,2,(
    (#9351,#9352,#9353)
    ,(#9354,#9355,#9356)
    ,(#9357,#9358,#9359)
    ,(#9360,#9361,#9362
)),.UNSPECIFIED.,.F.,.F.,.F.) B_SPLINE_SURFACE_WITH_KNOTS((4,4),(3,3),(
    1.152506909352E-16,3.148366570092E-04),(0.,1.),
.PIECEWISE_BEZIER_KNOTS.) GEOMETRIC_REPRESENTATION_ITEM() 
RATIONAL_B_SPLINE_SURFACE((
    (1.,0.48724616917,1.)
    ,(1.,0.48336421887,1.)
    ,(1.,0.479506011086,1.)
,(1.,0.475678175654,1.))) REPRESENTATION_ITEM('') SURFACE() );
#9351 = CARTESIAN_POINT('',(19.927696628939,-21.89213112803,
    50.721540415588));
#9352 = CARTESIAN_POINT('',(20.126130065015,-21.99439209203,
    50.441089712248));
#9353 = CARTESIAN_POINT('',(19.882182181179,-22.21183513499,
    50.588377469235));
#9354 = CARTESIAN_POINT('',(19.998540906925,-21.92864011716,
    50.786906662395));
#9355 = CARTESIAN_POINT('',(20.199620938048,-22.02919922325,
    50.502898644049));
#9356 = CARTESIAN_POINT('',(19.95509434173,-22.24966800549,
    50.653942687564));
#9357 = CARTESIAN_POINT('',(20.070453316771,-21.96407205442,
    50.85163840635));
#9358 = CARTESIAN_POINT('',(20.273485555298,-22.0625131651,
    50.563425196306));
#9359 = CARTESIAN_POINT('',(20.029108409506,-22.28637778402,
    50.718860720041));
#9360 = CARTESIAN_POINT('',(20.143497808596,-21.99839675949,
    50.915677407758));
#9361 = CARTESIAN_POINT('',(20.347721625762,-22.09436460207,
    50.622653565218));
#9362 = CARTESIAN_POINT('',(20.104290719967,-22.32193284987,
    50.783072558167));
#9363 = ADVANCED_FACE('',(#9364),#9376,.T.);
#9364 = FACE_BOUND('',#9365,.T.);
#9365 = EDGE_LOOP('',(#9366,#9367,#9368,#9375));
#9366 = ORIENTED_EDGE('',*,*,#9343,.T.);
#9367 = ORIENTED_EDGE('',*,*,#8328,.F.);
#9368 = ORIENTED_EDGE('',*,*,#9369,.F.);
#9369 = EDGE_CURVE('',#6082,#8308,#9370,.T.);
#9370 = CIRCLE('',#9371,0.2);
#9371 = AXIS2_PLACEMENT_3D('',#9372,#9373,#9374);
#9372 = CARTESIAN_POINT('',(16.262976850478,-21.20337778001,
    48.627332875116));
#9373 = DIRECTION('',(-0.953014733293,-2.101957134454E-14,
    -0.302923947759));
#9374 = DIRECTION('',(-0.302923947759,-1.814380082008E-29,0.953014733293
    ));
#9375 = ORIENTED_EDGE('',*,*,#6081,.F.);
#9376 = ( BOUNDED_SURFACE() B_SPLINE_SURFACE(3,2,(
    (#9377,#9378,#9379)
    ,(#9380,#9381,#9382)
    ,(#9383,#9384,#9385)
    ,(#9386,#9387,#9388)
    ,(#9389,#9390,#9391)
    ,(#9392,#9393,#9394)
    ,(#9395,#9396,#9397)
    ,(#9398,#9399,#9400
)),.UNSPECIFIED.,.F.,.F.,.F.) B_SPLINE_SURFACE_WITH_KNOTS((4,2,2,4),(3,3
    ),(-1.920338887906E-15,2.131118113403E-03,3.196677170105E-03,
    4.262236226807E-03),(0.,1.),.UNSPECIFIED.) 
GEOMETRIC_REPRESENTATION_ITEM() RATIONAL_B_SPLINE_SURFACE((
    (1.,0.48724616917,1.)
    ,(1.,0.471716230948,1.)
    ,(1.,0.45568428241,1.)
    ,(1.,0.431628337729,1.)
    ,(1.,0.423576815556,1.)
    ,(1.,0.408192322905,1.)
    ,(1.,0.400813062849,1.)
,(1.,0.393996708184,1.))) REPRESENTATION_ITEM('') SURFACE() );
#9377 = CARTESIAN_POINT('',(19.882182181178,-22.21183513499,
    50.588377469234));
#9378 = CARTESIAN_POINT('',(20.126130065014,-21.99439209203,
    50.441089712247));
#9379 = CARTESIAN_POINT('',(19.927696628938,-21.89213112803,
    50.721540415587));
#9380 = CARTESIAN_POINT('',(19.383788713256,-21.95322730801,
    50.140204268059));
#9381 = CARTESIAN_POINT('',(19.60325069002,-21.70626170054,
    49.958100845438));
#9382 = CARTESIAN_POINT('',(19.415918370809,-21.62839060593,
    50.274719744163));
#9383 = CARTESIAN_POINT('',(18.841274361487,-21.7391066388,
    49.731861310823));
#9384 = CARTESIAN_POINT('',(19.043465036344,-21.47327231949,
    49.528688574523));
#9385 = CARTESIAN_POINT('',(18.859406373116,-21.41001169776,
    49.867580414663));
#9386 = CARTESIAN_POINT('',(17.943883312926,-21.50849363206,
    49.193210110606));
#9387 = CARTESIAN_POINT('',(18.128935948273,-21.21456070678,
    48.959259817747));
#9388 = CARTESIAN_POINT('',(17.939584212025,-21.17463896482,
    49.330261211609));
#9389 = CARTESIAN_POINT('',(17.629004934238,-21.44690485489,
    49.02561395812));
#9390 = CARTESIAN_POINT('',(17.799881707898,-21.14281329422,
    48.777530915286));
#9391 = CARTESIAN_POINT('',(17.616950068376,-21.11173851179,
    49.163030995989));
#9392 = CARTESIAN_POINT('',(16.983201337732,-21.36350830959,
    48.728799886528));
#9393 = CARTESIAN_POINT('',(17.119640410821,-21.03983876177,
    48.450215122011));
#9394 = CARTESIAN_POINT('',(16.955453447748,-21.02643037034,
    48.866717157296));
#9395 = CARTESIAN_POINT('',(16.650690593137,-21.34106809367,
    48.598362711015));
#9396 = CARTESIAN_POINT('',(16.766779580179,-21.00949063957,
    48.305009759518));
#9397 = CARTESIAN_POINT('',(16.614963705148,-21.00337778001,
    48.736417882684));
#9398 = CARTESIAN_POINT('',(16.306855631932,-21.34128441759,
    48.489287911968));
#9399 = CARTESIAN_POINT('',(16.404308483172,-21.00337778001,
    48.182696096694));
#9400 = CARTESIAN_POINT('',(16.262976850478,-21.00337778001,
    48.627332875116));
#9401 = ADVANCED_FACE('',(#9402),#9414,.T.);
#9402 = FACE_BOUND('',#9403,.T.);
#9403 = EDGE_LOOP('',(#9404,#9405,#9406,#9413));
#9404 = ORIENTED_EDGE('',*,*,#9369,.T.);
#9405 = ORIENTED_EDGE('',*,*,#8307,.F.);
#9406 = ORIENTED_EDGE('',*,*,#9407,.F.);
#9407 = EDGE_CURVE('',#6132,#8295,#9408,.T.);
#9408 = CIRCLE('',#9409,0.2);
#9409 = AXIS2_PLACEMENT_3D('',#9410,#9411,#9412);
#9410 = CARTESIAN_POINT('',(-16.26218223172,-21.20337778001,
    48.627080302983));
#9411 = DIRECTION('',(-0.953017702505,2.101892315094E-14,0.302914606305)
  );
#9412 = DIRECTION('',(0.302914606305,-4.969823702892E-29,0.953017702505)
  );
#9413 = ORIENTED_EDGE('',*,*,#6131,.F.);
#9414 = ( BOUNDED_SURFACE() B_SPLINE_SURFACE(3,2,(
    (#9415,#9416,#9417)
    ,(#9418,#9419,#9420)
    ,(#9421,#9422,#9423)
    ,(#9424,#9425,#9426)
    ,(#9427,#9428,#9429)
    ,(#9430,#9431,#9432)
    ,(#9433,#9434,#9435)
    ,(#9436,#9437,#9438)
    ,(#9439,#9440,#9441)
    ,(#9442,#9443,#9444)
    ,(#9445,#9446,#9447)
    ,(#9448,#9449,#9450)
    ,(#9451,#9452,#9453)
    ,(#9454,#9455,#9456
)),.UNSPECIFIED.,.F.,.F.,.F.) B_SPLINE_SURFACE_WITH_KNOTS((4,2,2,2,2,2,4
    ),(3,3),(5.551115123126E-17,8.20044568276E-03,1.640089136552E-02,
    1.845100278621E-02,2.05011142069E-02,2.460133704828E-02,
    3.280178273104E-02),(0.,1.),.UNSPECIFIED.) 
GEOMETRIC_REPRESENTATION_ITEM() RATIONAL_B_SPLINE_SURFACE((
    (1.,0.393995119171,1.)
    ,(1.,0.388775183964,1.)
    ,(1.,0.386440866962,1.)
    ,(1.,0.383671889982,1.)
    ,(1.,0.383235921009,1.)
    ,(1.,0.383222256843,1.)
    ,(1.,0.383251624874,1.)
    ,(1.,0.383379699739,1.)
    ,(1.,0.383478808118,1.)
    ,(1.,0.383897214306,1.)
    ,(1.,0.384331830505,1.)
    ,(1.,0.386409994156,1.)
    ,(1.,0.388755578208,1.)
,(1.,0.393996708184,1.))) REPRESENTATION_ITEM('') SURFACE() );
#9415 = CARTESIAN_POINT('',(-16.26218223172,-21.00337778001,
    48.627080302983));
#9416 = CARTESIAN_POINT('',(-16.4035101808,-21.00337778001,
    48.182440016464));
#9417 = CARTESIAN_POINT('',(-16.30605951561,-21.34128491844,
    48.489035364182));
#9418 = CARTESIAN_POINT('',(-13.6178604117,-21.00337778001,
    47.786588380237));
#9419 = CARTESIAN_POINT('',(-13.71130856616,-21.0033777799,
    47.318847910991));
#9420 = CARTESIAN_POINT('',(-13.65677060585,-21.34295154128,
    47.648629598979));
#9421 = CARTESIAN_POINT('',(-10.95485188944,-21.00337778001,
    47.086627099884));
#9422 = CARTESIAN_POINT('',(-11.05395052895,-21.00337778004,
    46.61943057105));
#9423 = CARTESIAN_POINT('',(-10.9873052652,-21.34364392913,
    46.94759698515));
#9424 = CARTESIAN_POINT('',(-5.568341644693,-21.00337778001,
    46.125941775556));
#9425 = CARTESIAN_POINT('',(-5.618027721683,-21.00337777999,
    45.64582143807));
#9426 = CARTESIAN_POINT('',(-5.585804264474,-21.34449689922,
    45.985095624483));
#9427 = CARTESIAN_POINT('',(-2.845191906774,-21.00337778001,
    45.864492257975));
#9428 = CARTESIAN_POINT('',(-2.875546764124,-21.00337778001,
    45.382522907809));
#9429 = CARTESIAN_POINT('',(-2.854131190636,-21.34462987154,
    45.722918845863));
#9430 = CARTESIAN_POINT('',(0.602468843848,-21.00337778001,
    45.857831376716));
#9431 = CARTESIAN_POINT('',(0.60891827408,-21.00337778001,
    45.375770774734));
#9432 = CARTESIAN_POINT('',(0.604361732622,-21.34463406078,
    45.716241216125));
#9433 = CARTESIAN_POINT('',(1.294163505037,-21.00337778001,
    45.872333451496));
#9434 = CARTESIAN_POINT('',(1.307892680155,-21.00337778001,
    45.39046685619));
#9435 = CARTESIAN_POINT('',(1.298230335039,-21.34462505846,
    45.730780061802));
#9436 = CARTESIAN_POINT('',(2.681940662665,-21.00337778001,
    45.933466030829));
#9437 = CARTESIAN_POINT('',(2.710392973134,-21.00337778001,
    45.452436933986));
#9438 = CARTESIAN_POINT('',(2.690338212777,-21.34458578399,
    45.792064207356));
#9439 = CARTESIAN_POINT('',(3.379666125534,-21.00337778001,
    45.980290417474));
#9440 = CARTESIAN_POINT('',(3.415318526211,-21.00337778001,
    45.499884440678));
#9441 = CARTESIAN_POINT('',(3.390225359381,-21.34455538931,
    45.839003851035));
#9442 = CARTESIAN_POINT('',(5.460788057918,-21.00337778001,
    46.167215492348));
#9443 = CARTESIAN_POINT('',(5.517169143361,-21.00337778003,
    45.689289346078));
#9444 = CARTESIAN_POINT('',(5.477700681213,-21.34442698262,
    46.026371180822));
#9445 = CARTESIAN_POINT('',(6.835633155816,-21.00337778001,
    46.353729809968));
#9446 = CARTESIAN_POINT('',(6.904222682631,-21.00337778,45.877985696712)
  );
#9447 = CARTESIAN_POINT('',(6.856615363503,-21.34429358966,
    46.21331187986));
#9448 = CARTESIAN_POINT('',(10.926679141496,-21.00337778001,
    47.078188146881));
#9449 = CARTESIAN_POINT('',(11.025451581496,-21.00337778004,
    46.610868597762));
#9450 = CARTESIAN_POINT('',(10.95906823686,-21.34365347421,
    46.939146678175));
#9451 = CARTESIAN_POINT('',(13.608720181739,-21.00337778001,
    47.78365451246));
#9452 = CARTESIAN_POINT('',(13.701850802117,-21.00337778001,
    47.315783964362));
#9453 = CARTESIAN_POINT('',(13.64761426331,-21.34295750203,
    47.645696528816));
#9454 = CARTESIAN_POINT('',(16.262976850478,-21.00337778001,
    48.627332875116));
#9455 = CARTESIAN_POINT('',(16.404308483172,-21.00337778001,
    48.182696096694));
#9456 = CARTESIAN_POINT('',(16.306855631932,-21.34128441759,
    48.489287911968));
#9457 = ADVANCED_FACE('',(#9458),#9470,.T.);
#9458 = FACE_BOUND('',#9459,.T.);
#9459 = EDGE_LOOP('',(#9460,#9461,#9462,#9469));
#9460 = ORIENTED_EDGE('',*,*,#9407,.T.);
#9461 = ORIENTED_EDGE('',*,*,#8294,.F.);
#9462 = ORIENTED_EDGE('',*,*,#9463,.F.);
#9463 = EDGE_CURVE('',#6187,#8286,#9464,.T.);
#9464 = CIRCLE('',#9465,0.2);
#9465 = AXIS2_PLACEMENT_3D('',#9466,#9467,#9468);
#9466 = CARTESIAN_POINT('',(-19.83570901651,-22.07013133131,
    50.721645897318));
#9467 = DIRECTION('',(-0.695438875681,-0.358442393158,0.622803196025));
#9468 = DIRECTION('',(0.667132948337,-2.551292510589E-13,0.744938674821)
  );
#9469 = ORIENTED_EDGE('',*,*,#6186,.F.);
#9470 = ( BOUNDED_SURFACE() B_SPLINE_SURFACE(3,2,(
    (#9471,#9472,#9473)
    ,(#9474,#9475,#9476)
    ,(#9477,#9478,#9479)
    ,(#9480,#9481,#9482)
    ,(#9483,#9484,#9485)
    ,(#9486,#9487,#9488)
    ,(#9489,#9490,#9491)
    ,(#9492,#9493,#9494
)),.UNSPECIFIED.,.F.,.F.,.F.) B_SPLINE_SURFACE_WITH_KNOTS((4,2,2,4),(3,3
    ),(-3.144186300208E-17,2.124884065547E-03,3.18732609832E-03,
    4.249768131094E-03),(0.,1.),.UNSPECIFIED.) 
GEOMETRIC_REPRESENTATION_ITEM() RATIONAL_B_SPLINE_SURFACE((
    (1.,0.393995119171,1.)
    ,(1.,0.407718321603,1.)
    ,(1.,0.423321049728,1.)
    ,(1.,0.447357088596,1.)
    ,(1.,0.455514452126,1.)
    ,(1.,0.471547466651,1.)
    ,(1.,0.479468713602,1.)
,(1.,0.487256110001,1.))) REPRESENTATION_ITEM('') SURFACE() );
#9471 = CARTESIAN_POINT('',(-16.30605951561,-21.34128491844,
    48.489035364182));
#9472 = CARTESIAN_POINT('',(-16.4035101808,-21.00337778001,
    48.182440016464));
#9473 = CARTESIAN_POINT('',(-16.26218223172,-21.00337778001,
    48.627080302983));
#9474 = CARTESIAN_POINT('',(-16.99549037096,-21.34085122405,
    48.707736202301));
#9475 = CARTESIAN_POINT('',(-17.11804513888,-21.01542765272,
    48.423547258408));
#9476 = CARTESIAN_POINT('',(-16.96794688656,-21.00337778001,
    48.84579793938));
#9477 = CARTESIAN_POINT('',(-17.63255179187,-21.42964962921,
    49.007609533367));
#9478 = CARTESIAN_POINT('',(-17.78827306325,-21.11947220814,
    48.748521151067));
#9479 = CARTESIAN_POINT('',(-17.62049759161,-21.09416502375,
    49.145116348393));
#9480 = CARTESIAN_POINT('',(-18.530303049,-21.65893258893,
    49.544893690431));
#9481 = CARTESIAN_POINT('',(-18.73734334215,-21.38641194744,
    49.337773668433));
#9482 = CARTESIAN_POINT('',(-18.54068038233,-21.32818312855,
    49.681075304823));
#9483 = CARTESIAN_POINT('',(-18.82038964919,-21.75228344101,
    49.739848547779));
#9484 = CARTESIAN_POINT('',(-19.03671343056,-21.49042632586,
    49.545150252098));
#9485 = CARTESIAN_POINT('',(-18.83812954813,-21.42342115182,
    49.875500632454));
#9486 = CARTESIAN_POINT('',(-19.37045836652,-21.96388360314,
    50.14890953813));
#9487 = CARTESIAN_POINT('',(-19.60064440725,-21.72373548687,
    49.977634727975));
#9488 = CARTESIAN_POINT('',(-19.40240162025,-21.6392573808,
    50.283393236788));
#9489 = CARTESIAN_POINT('',(-19.63211315083,-22.08247276917,
    50.363923988204));
#9490 = CARTESIAN_POINT('',(-19.86804480786,-21.85259238424,
    50.20312406998));
#9491 = CARTESIAN_POINT('',(-19.67093785641,-21.7602023291,
    50.497766260465));
#9492 = CARTESIAN_POINT('',(-19.88181112454,-22.21205638085,
    50.588484807094));
#9493 = CARTESIAN_POINT('',(-20.12576853217,-21.99463069024,
    50.441210546157));
#9494 = CARTESIAN_POINT('',(-19.92733790843,-21.89235578135,
    50.721645897319));
#9495 = ADVANCED_FACE('',(#9496),#9508,.T.);
#9496 = FACE_BOUND('',#9497,.T.);
#9497 = EDGE_LOOP('',(#9498,#9499,#9500,#9507));
#9498 = ORIENTED_EDGE('',*,*,#9463,.T.);
#9499 = ORIENTED_EDGE('',*,*,#8285,.F.);
#9500 = ORIENTED_EDGE('',*,*,#9501,.F.);
#9501 = EDGE_CURVE('',#5779,#8271,#9502,.T.);
#9502 = CIRCLE('',#9503,0.2);
#9503 = AXIS2_PLACEMENT_3D('',#9504,#9505,#9506);
#9504 = CARTESIAN_POINT('',(-19.94419640734,-22.12482332876,
    50.817612857685));
#9505 = DIRECTION('',(-0.705997160788,-0.348019259456,0.616806780124));
#9506 = DIRECTION('',(0.657936086064,2.889355421587E-14,0.753073772386)
  );
#9507 = ORIENTED_EDGE('',*,*,#6243,.F.);
#9508 = ( BOUNDED_SURFACE() B_SPLINE_SURFACE(3,2,(
    (#9509,#9510,#9511)
    ,(#9512,#9513,#9514)
    ,(#9515,#9516,#9517)
    ,(#9518,#9519,#9520
)),.UNSPECIFIED.,.F.,.F.,.F.) B_SPLINE_SURFACE_WITH_KNOTS((4,4),(3,3),(
    2.24765952378E-15,1.548237256907E-04),(0.,1.),
.PIECEWISE_BEZIER_KNOTS.) GEOMETRIC_REPRESENTATION_ITEM() 
RATIONAL_B_SPLINE_SURFACE((
    (1.,0.481547176794,1.)
    ,(1.,0.483444020288,1.)
    ,(1.,0.485347249873,1.)
,(1.,0.487256110001,1.))) REPRESENTATION_ITEM('') SURFACE() );
#9509 = CARTESIAN_POINT('',(-20.03262552777,-21.94543467065,
    50.817612857686));
#9510 = CARTESIAN_POINT('',(-20.23400613388,-22.04470465826,
    50.53110173391));
#9511 = CARTESIAN_POINT('',(-19.99017389918,-22.26705492107,
    50.68473605612));
#9512 = CARTESIAN_POINT('',(-19.99726398035,-21.92800329807,
    50.785779722859));
#9513 = CARTESIAN_POINT('',(-20.19783526681,-22.02836801618,
    50.501444985879));
#9514 = CARTESIAN_POINT('',(-19.95377887646,-22.2489948663,
    50.652811279501));
#9515 = CARTESIAN_POINT('',(-19.96217060094,-21.91030921206,
    50.753788487906));
#9516 = CARTESIAN_POINT('',(-20.16175589647,-22.0116778968,
    50.471480547766));
#9517 = CARTESIAN_POINT('',(-19.91766053782,-22.2306608429,
    50.620725251467));
#9518 = CARTESIAN_POINT('',(-19.92733790843,-21.89235578135,
    50.721645897318));
#9519 = CARTESIAN_POINT('',(-20.12576853217,-21.99463069024,
    50.441210546155));
#9520 = CARTESIAN_POINT('',(-19.88181112454,-22.21205638085,
    50.588484807093));
#9521 = ADVANCED_FACE('',(#9522),#9534,.T.);
#9522 = FACE_BOUND('',#9523,.T.);
#9523 = EDGE_LOOP('',(#9524,#9525,#9526,#9533));
#9524 = ORIENTED_EDGE('',*,*,#9501,.T.);
#9525 = ORIENTED_EDGE('',*,*,#8270,.F.);
#9526 = ORIENTED_EDGE('',*,*,#9527,.F.);
#9527 = EDGE_CURVE('',#5787,#8157,#9528,.T.);
#9528 = CIRCLE('',#9529,0.2);
#9529 = AXIS2_PLACEMENT_3D('',#9530,#9531,#9532);
#9530 = CARTESIAN_POINT('',(-23.40091969704,-25.49404893251,
    55.928251539203));
#9531 = DIRECTION('',(-0.290286229157,-0.552687399449,0.781198146216));
#9532 = DIRECTION('',(1.234845559139E-13,-0.816350300386,-0.577557085542
    ));
#9533 = ORIENTED_EDGE('',*,*,#5786,.F.);
#9534 = ( BOUNDED_SURFACE() B_SPLINE_SURFACE(3,2,(
    (#9535,#9536,#9537)
    ,(#9538,#9539,#9540)
    ,(#9541,#9542,#9543)
    ,(#9544,#9545,#9546)
    ,(#9547,#9548,#9549)
    ,(#9550,#9551,#9552)
    ,(#9553,#9554,#9555)
    ,(#9556,#9557,#9558)
    ,(#9559,#9560,#9561)
    ,(#9562,#9563,#9564
)),.UNSPECIFIED.,.F.,.F.,.F.) B_SPLINE_SURFACE_WITH_KNOTS((4,2,2,2,4),(3
    ,3),(-4.423544863741E-17,1.765092421017E-03,3.530184842033E-03,
    5.29527726305E-03,7.060369684066E-03),(0.,1.),.UNSPECIFIED.) 
GEOMETRIC_REPRESENTATION_ITEM() RATIONAL_B_SPLINE_SURFACE((
    (1.,0.481547176794,1.)
    ,(1.,0.494617006993,1.)
    ,(1.,0.507038382455,1.)
    ,(1.,0.530617404672,1.)
    ,(1.,0.541777690137,1.)
    ,(1.,0.562846056592,1.)
    ,(1.,0.572716475667,1.)
    ,(1.,0.590844551905,1.)
    ,(1.,0.599149786238,1.)
,(1.,0.606623268251,1.))) REPRESENTATION_ITEM('') SURFACE() );
#9535 = CARTESIAN_POINT('',(-19.99017389918,-22.26705492107,
    50.684736056118));
#9536 = CARTESIAN_POINT('',(-20.23400613387,-22.04470465826,
    50.531101733909));
#9537 = CARTESIAN_POINT('',(-20.03262552777,-21.94543467065,
    50.817612857685));
#9538 = CARTESIAN_POINT('',(-20.41105257569,-22.47590468987,
    51.053919995733));
#9539 = CARTESIAN_POINT('',(-20.65057091686,-22.26472557907,
    50.906843146353));
#9540 = CARTESIAN_POINT('',(-20.4647817925,-22.15846485204,
    51.185734733534));
#9541 = CARTESIAN_POINT('',(-20.79013941851,-22.71111369598,
    51.441711206723));
#9542 = CARTESIAN_POINT('',(-21.03642119049,-22.51543082233,
    51.309077246979));
#9543 = CARTESIAN_POINT('',(-20.85441906571,-22.39836763304,
    51.572380505817));
#9544 = CARTESIAN_POINT('',(-21.48181734084,-23.22011745837,
    52.248416933032));
#9545 = CARTESIAN_POINT('',(-21.73230061209,-23.05380428997,
    52.140080233762));
#9546 = CARTESIAN_POINT('',(-21.56617152136,-22.91759964044,
    52.376748824959));
#9547 = CARTESIAN_POINT('',(-21.79420812402,-23.49407230629,
    52.6674624873));
#9548 = CARTESIAN_POINT('',(-22.047177709,-23.34120769156,
    52.569738396298));
#9549 = CARTESIAN_POINT('',(-21.88808420484,-23.19709217483,
    52.794602743512));
#9550 = CARTESIAN_POINT('',(-22.36089738102,-24.07308254105,
    53.534154935591));
#9551 = CARTESIAN_POINT('',(-22.61302491653,-23.9452934461,
    53.453977011754));
#9552 = CARTESIAN_POINT('',(-22.47308832902,-23.78798793666,
    53.658995635036));
#9553 = CARTESIAN_POINT('',(-22.61396697354,-24.37735114905,
    53.98056568345));
#9554 = CARTESIAN_POINT('',(-22.86654972409,-24.26157561778,
    53.908616923417));
#9555 = CARTESIAN_POINT('',(-22.73491629267,-24.09858802712,
    54.104301576757));
#9556 = CARTESIAN_POINT('',(-23.06049313218,-25.00144392259,
    54.8839608703));
#9557 = CARTESIAN_POINT('',(-23.30993041138,-24.9072170744,
    54.824455004461));
#9558 = CARTESIAN_POINT('',(-23.19823133232,-24.73599489724,
    55.005773391242));
#9559 = CARTESIAN_POINT('',(-23.25519782755,-25.32253686747,
    55.342897869862));
#9560 = CARTESIAN_POINT('',(-23.50401082747,-25.23900147215,
    55.289613061903));
#9561 = CARTESIAN_POINT('',(-23.40100452898,-25.06409486401,
    55.463886829984));
#9562 = CARTESIAN_POINT('',(-23.42424445462,-25.65201543517,
    55.80782504826));
#9563 = CARTESIAN_POINT('',(-23.67319181586,-25.58232297351,
    55.764624938893));
#9564 = CARTESIAN_POINT('',(-23.57798274797,-25.40105067449,
    55.928251539203));
#9565 = ADVANCED_FACE('',(#9566),#9578,.T.);
#9566 = FACE_BOUND('',#9567,.T.);
#9567 = EDGE_LOOP('',(#9568,#9569,#9570,#9577));
#9568 = ORIENTED_EDGE('',*,*,#9527,.T.);
#9569 = ORIENTED_EDGE('',*,*,#8165,.F.);
#9570 = ORIENTED_EDGE('',*,*,#9571,.F.);
#9571 = EDGE_CURVE('',#5802,#8166,#9572,.T.);
#9572 = CIRCLE('',#9573,0.2);
#9573 = AXIS2_PLACEMENT_3D('',#9574,#9575,#9576);
#9574 = CARTESIAN_POINT('',(-23.6920286476,-26.1127572786,
    56.352496436603));
#9575 = DIRECTION('',(-0.376920440661,-0.901706060952,0.211795092139));
#9576 = DIRECTION('',(0.922636914987,-0.385669707266,1.008915173628E-14)
  );
#9577 = ORIENTED_EDGE('',*,*,#5801,.F.);
#9578 = ( BOUNDED_SURFACE() B_SPLINE_SURFACE(3,2,(
    (#9579,#9580,#9581)
    ,(#9582,#9583,#9584)
    ,(#9585,#9586,#9587)
    ,(#9588,#9589,#9590
)),.UNSPECIFIED.,.F.,.F.,.F.) B_SPLINE_SURFACE_WITH_KNOTS((4,4),(3,3),(
    1.550409106654E-17,8.167297566345E-04),(0.,1.),
.PIECEWISE_BEZIER_KNOTS.) GEOMETRIC_REPRESENTATION_ITEM() 
RATIONAL_B_SPLINE_SURFACE((
    (1.,0.597754475379,1.)
    ,(1.,0.59834433289,1.)
    ,(1.,0.598625691695,1.)
,(1.,0.606623268252,1.))) REPRESENTATION_ITEM('') SURFACE() );
#9579 = CARTESIAN_POINT('',(-23.8765560306,-26.03562333715,
    56.352496436603));
#9580 = CARTESIAN_POINT('',(-23.89846587086,-26.0880382068,
    56.090351210604));
#9581 = CARTESIAN_POINT('',(-23.65502560354,-26.17222645655,
    56.165161998754));
#9582 = CARTESIAN_POINT('',(-23.77027305997,-25.78136278652,
    56.294268050842));
#9583 = CARTESIAN_POINT('',(-23.81714654912,-25.88842812174,
    56.04549917132));
#9584 = CARTESIAN_POINT('',(-23.57020121707,-25.96504284807,
    56.116146566905));
#9585 = CARTESIAN_POINT('',(-23.65979853352,-25.5568229751,
    56.142924029691));
#9586 = CARTESIAN_POINT('',(-23.73639296331,-25.71244382501,
    55.931089949958));
#9587 = CARTESIAN_POINT('',(-23.48396745458,-25.78124300752,
    55.988903579864));
#9588 = CARTESIAN_POINT('',(-23.57798274797,-25.40105067449,
    55.928251539203));
#9589 = CARTESIAN_POINT('',(-23.67319181586,-25.58232297351,
    55.764624938894));
#9590 = CARTESIAN_POINT('',(-23.42424445462,-25.65201543517,
    55.807825048261));
#9591 = ADVANCED_FACE('',(#9592),#9606,.T.);
#9592 = FACE_BOUND('',#9593,.T.);
#9593 = EDGE_LOOP('',(#9594,#9595,#9596,#9605));
#9594 = ORIENTED_EDGE('',*,*,#9571,.T.);
#9595 = ORIENTED_EDGE('',*,*,#8494,.F.);
#9596 = ORIENTED_EDGE('',*,*,#9597,.F.);
#9597 = EDGE_CURVE('',#5811,#7751,#9598,.T.);
#9598 = B_SPLINE_CURVE_WITH_KNOTS('',3,(#9599,#9600,#9601,#9602,#9603,
    #9604),.UNSPECIFIED.,.F.,.F.,(4,2,4),(-4.759461334045E-06,
    1.78761135435E-04,3.622817322041E-04),.UNSPECIFIED.);
#9599 = CARTESIAN_POINT('',(-24.28210365648,-27.28571762592,
    56.661314153905));
#9600 = CARTESIAN_POINT('',(-24.28311817538,-27.29002201984,
    56.600296621332));
#9601 = CARTESIAN_POINT('',(-24.25633602949,-27.30079153659,
    56.540313750368));
#9602 = CARTESIAN_POINT('',(-24.16570999713,-27.32778456578,
    56.46435056042));
#9603 = CARTESIAN_POINT('',(-24.10289247559,-27.34368984688,
    56.449433593526));
#9604 = CARTESIAN_POINT('',(-24.04468302072,-27.35615563361,
    56.464096235412));
#9605 = ORIENTED_EDGE('',*,*,#5810,.F.);
#9606 = ( BOUNDED_SURFACE() B_SPLINE_SURFACE(3,2,(
    (#9607,#9608,#9609)
    ,(#9610,#9611,#9612)
    ,(#9613,#9614,#9615)
    ,(#9616,#9617,#9618
)),.UNSPECIFIED.,.F.,.F.,.F.) B_SPLINE_SURFACE_WITH_KNOTS((4,4),(3,3),(
    -9.974659986867E-18,1.320650532696E-03),(0.,1.),
.PIECEWISE_BEZIER_KNOTS.) GEOMETRIC_REPRESENTATION_ITEM() 
RATIONAL_B_SPLINE_SURFACE((
    (1.,0.597754475379,1.)
    ,(1.,0.602508913181,1.)
    ,(1.,0.607667073802,1.)
,(1.,0.613166713717,1.))) REPRESENTATION_ITEM('') SURFACE() );
#9607 = CARTESIAN_POINT('',(-23.65502560354,-26.17222645655,
    56.165161998754));
#9608 = CARTESIAN_POINT('',(-23.89846587086,-26.0880382068,
    56.090351210604));
#9609 = CARTESIAN_POINT('',(-23.8765560306,-26.03562333715,
    56.352496436603));
#9610 = CARTESIAN_POINT('',(-23.82345273195,-26.57515436324,
    56.259802766005));
#9611 = CARTESIAN_POINT('',(-24.06830275274,-26.50252087292,
    56.188381567535));
#9612 = CARTESIAN_POINT('',(-24.04930174413,-26.44888258259,
    56.447137170574));
#9613 = CARTESIAN_POINT('',(-23.95494171774,-26.98411670129,
    56.363655328006));
#9614 = CARTESIAN_POINT('',(-24.20124866149,-26.92529637034,
    56.296331329466));
#9615 = CARTESIAN_POINT('',(-24.18416225772,-26.86833109567,
    56.550989716991));
#9616 = CARTESIAN_POINT('',(-24.05217815076,-27.39848238199,
    56.475988877716));
#9617 = CARTESIAN_POINT('',(-24.29891375794,-27.35733590377,
    56.414190759277));
#9618 = CARTESIAN_POINT('',(-24.28389197646,-27.29332172221,
    56.663323315566));
#9619 = ADVANCED_FACE('',(#9620),#9632,.T.);
#9620 = FACE_BOUND('',#9621,.T.);
#9621 = EDGE_LOOP('',(#9622,#9623,#9624,#9631));
#9622 = ORIENTED_EDGE('',*,*,#9597,.T.);
#9623 = ORIENTED_EDGE('',*,*,#7759,.F.);
#9624 = ORIENTED_EDGE('',*,*,#9625,.F.);
#9625 = EDGE_CURVE('',#5820,#7760,#9626,.T.);
#9626 = CIRCLE('',#9627,0.2);
#9627 = AXIS2_PLACEMENT_3D('',#9628,#9629,#9630);
#9628 = CARTESIAN_POINT('',(-24.29394939932,-28.96744216155,
    56.502854599047));
#9629 = DIRECTION('',(-1.963083073808E-02,-0.997082026366,
    -7.377034080594E-02));
#9630 = DIRECTION('',(-1.396452398161E-16,7.378455933586E-02,
    -0.997274204421));
#9631 = ORIENTED_EDGE('',*,*,#5819,.F.);
#9632 = B_SPLINE_SURFACE_WITH_KNOTS('',3,3,(
    (#9633,#9634,#9635,#9636,#9637,#9638,#9639)
    ,(#9640,#9641,#9642,#9643,#9644,#9645,#9646)
    ,(#9647,#9648,#9649,#9650,#9651,#9652,#9653)
    ,(#9654,#9655,#9656,#9657,#9658,#9659,#9660)
    ,(#9661,#9662,#9663,#9664,#9665,#9666,#9667)
    ,(#9668,#9669,#9670,#9671,#9672,#9673,#9674)
    ,(#9675,#9676,#9677,#9678,#9679,#9680,#9681
  )),.UNSPECIFIED.,.F.,.F.,.F.,(4,3,4),(4,3,4),(9.493652876222E-03,
    1.032057821373E-02,1.114750355123E-02),(-1.317507245935E-02,
    0.49341246377,1.),.UNSPECIFIED.);
#9633 = CARTESIAN_POINT('',(-24.03239635411,-27.31196158842,
    56.469785731023));
#9634 = CARTESIAN_POINT('',(-24.08919060873,-27.29677180938,
    56.455019710534));
#9635 = CARTESIAN_POINT('',(-24.15309476849,-27.2832186359,
    56.468641720886));
#9636 = CARTESIAN_POINT('',(-24.20060578379,-27.27628673423,
    56.505641778592));
#9637 = CARTESIAN_POINT('',(-24.24811679909,-27.26935483256,
    56.542641836298));
#9638 = CARTESIAN_POINT('',(-24.27819412689,-27.2691960189,
    56.602209599756));
#9639 = CARTESIAN_POINT('',(-24.27977574978,-27.27586870269,
    56.662436884817));
#9640 = CARTESIAN_POINT('',(-24.09455394419,-27.57971432659,
    56.438812502449));
#9641 = CARTESIAN_POINT('',(-24.15206074999,-27.566473762,
    56.423336793877));
#9642 = CARTESIAN_POINT('',(-24.21696010286,-27.5549474864,
    56.436544773082));
#9643 = CARTESIAN_POINT('',(-24.26514001449,-27.54942622164,
    56.473526949664));
#9644 = CARTESIAN_POINT('',(-24.31331992612,-27.54390495687,
    56.510509126247));
#9645 = CARTESIAN_POINT('',(-24.34370150898,-27.54451308177,
    56.570437097367));
#9646 = CARTESIAN_POINT('',(-24.34499651115,-27.55102754026,
    56.631043762939));
#9647 = CARTESIAN_POINT('',(-24.1431074247,-27.85334376401,
    56.40936105897));
#9648 = CARTESIAN_POINT('',(-24.20121509055,-27.84215557405,
    56.393206311993));
#9649 = CARTESIAN_POINT('',(-24.26698139133,-27.83275621866,
    56.406014660237));
#9650 = CARTESIAN_POINT('',(-24.31573437653,-27.8286792585,
    56.442979474927));
#9651 = CARTESIAN_POINT('',(-24.36448736173,-27.82460229833,
    56.479944289617));
#9652 = CARTESIAN_POINT('',(-24.39511169241,-27.82594166257,
    56.540219752356));
#9653 = CARTESIAN_POINT('',(-24.39611832339,-27.83219706553,
    56.601192718243));
#9654 = CARTESIAN_POINT('',(-24.17694776168,-28.12874888323,
    56.382729828823));
#9655 = CARTESIAN_POINT('',(-24.23551995583,-28.11968479559,
    56.36595691231));
#9656 = CARTESIAN_POINT('',(-24.30199032003,-28.11247813679,
    56.378399126948));
#9657 = CARTESIAN_POINT('',(-24.35120505692,-28.10985605954,
    56.415348074495));
#9658 = CARTESIAN_POINT('',(-24.4004197938,-28.10723398229,
    56.452297022041));
#9659 = CARTESIAN_POINT('',(-24.43123107447,-28.10925764098,
    56.512890947009));
#9660 = CARTESIAN_POINT('',(-24.43197925602,-28.11516124017,
    56.57419982142));
#9661 = CARTESIAN_POINT('',(-24.21078809866,-28.40415400245,
    56.356098598675));
#9662 = CARTESIAN_POINT('',(-24.2698248211,-28.39721401714,
    56.338707512627));
#9663 = CARTESIAN_POINT('',(-24.33699924874,-28.39220005491,
    56.350783593659));
#9664 = CARTESIAN_POINT('',(-24.38667573731,-28.39103286058,
    56.387716674062));
#9665 = CARTESIAN_POINT('',(-24.43635222588,-28.38986566625,
    56.424649754465));
#9666 = CARTESIAN_POINT('',(-24.46735045654,-28.39257361938,
    56.485562141662));
#9667 = CARTESIAN_POINT('',(-24.46784018864,-28.3981254148,
    56.547206924597));
#9668 = CARTESIAN_POINT('',(-24.22983413767,-28.67963952328,
    56.332436641307));
#9669 = CARTESIAN_POINT('',(-24.28919710118,-28.6748817467,
    56.314491854005));
#9670 = CARTESIAN_POINT('',(-24.35690941059,-28.67211223614,
    56.326237493958));
#9671 = CARTESIAN_POINT('',(-24.40693437729,-28.67240150338,
    56.363156293806));
#9672 = CARTESIAN_POINT('',(-24.456959344,-28.67269077062,
    56.400075093654));
#9673 = CARTESIAN_POINT('',(-24.48808831808,-28.67603232208,
    56.461274997505));
#9674 = CARTESIAN_POINT('',(-24.48835141348,-28.68114266049,
    56.523223270462));
#9675 = CARTESIAN_POINT('',(-24.23447102084,-28.95451783405,
    56.312341386243));
#9676 = CARTESIAN_POINT('',(-24.29401492446,-28.95198286199,
    56.2939237029));
#9677 = CARTESIAN_POINT('',(-24.36208737272,-28.95149067855,
    56.305385917047));
#9678 = CARTESIAN_POINT('',(-24.41234654661,-28.95323174267,
    56.342292525356));
#9679 = CARTESIAN_POINT('',(-24.4626057205,-28.95497280678,
    56.379199133666));
#9680 = CARTESIAN_POINT('',(-24.49382006564,-28.9589044553,
    56.440645773991));
#9681 = CARTESIAN_POINT('',(-24.49391064774,-28.96350526838,
    56.502854599047));
#9682 = ADVANCED_FACE('',(#9683),#9695,.T.);
#9683 = FACE_BOUND('',#9684,.T.);
#9684 = EDGE_LOOP('',(#9685,#9686,#9687,#9694));
#9685 = ORIENTED_EDGE('',*,*,#9625,.T.);
#9686 = ORIENTED_EDGE('',*,*,#7768,.F.);
#9687 = ORIENTED_EDGE('',*,*,#9688,.F.);
#9688 = EDGE_CURVE('',#4377,#7769,#9689,.T.);
#9689 = CIRCLE('',#9690,0.2);
#9690 = AXIS2_PLACEMENT_3D('',#9691,#9692,#9693);
#9691 = CARTESIAN_POINT('',(-24.2954607107,-29.12098099528,
    56.491866656668));
#9692 = DIRECTION('',(0.,-0.997619643941,-6.895684174408E-02));
#9693 = DIRECTION('',(0.,6.895684174408E-02,-0.997619643941));
#9694 = ORIENTED_EDGE('',*,*,#5828,.F.);
#9695 = ( BOUNDED_SURFACE() B_SPLINE_SURFACE(3,2,(
    (#9696,#9697,#9698)
    ,(#9699,#9700,#9701)
    ,(#9702,#9703,#9704)
    ,(#9705,#9706,#9707
)),.UNSPECIFIED.,.F.,.F.,.F.) B_SPLINE_SURFACE_WITH_KNOTS((4,4),(3,3),(
    2.710505431214E-19,1.539389242599E-04),(0.,1.),
.PIECEWISE_BEZIER_KNOTS.) GEOMETRIC_REPRESENTATION_ITEM() 
RATIONAL_B_SPLINE_SURFACE((
    (1.,0.6030202801,1.)
    ,(1.,0.60253297203,1.)
    ,(1.,0.60206138321,1.)
,(1.,0.601605945231,1.))) REPRESENTATION_ITEM('') SURFACE() );
#9696 = CARTESIAN_POINT('',(-24.23913393561,-28.95432389532,
    56.310960940919));
#9697 = CARTESIAN_POINT('',(-24.49352644791,-28.94399113001,
    56.238998710933));
#9698 = CARTESIAN_POINT('',(-24.49391064774,-28.96350526838,
    56.502854599047));
#9699 = CARTESIAN_POINT('',(-24.23999840135,-29.00544297914,
    56.30721939027));
#9700 = CARTESIAN_POINT('',(-24.4946963469,-28.99690146666,
    56.234843859731));
#9701 = CARTESIAN_POINT('',(-24.49494384543,-29.0159830701,
    56.49906903007));
#9702 = CARTESIAN_POINT('',(-24.24036479453,-29.05657688477,
    56.303598180879));
#9703 = CARTESIAN_POINT('',(-24.49534061684,-29.0497915794,
    56.230825096027));
#9704 = CARTESIAN_POINT('',(-24.4954607107,-29.06847489336,
    56.495405218387));
#9705 = CARTESIAN_POINT('',(-24.24023259603,-29.10772587314,
    56.300100765311));
#9706 = CARTESIAN_POINT('',(-24.4954607107,-29.10266926009,
    56.226945203289));
#9707 = CARTESIAN_POINT('',(-24.4954607107,-29.12098099528,
    56.491866656668));
#9708 = ADVANCED_FACE('',(#9709),#9721,.T.);
#9709 = FACE_BOUND('',#9710,.T.);
#9710 = EDGE_LOOP('',(#9711,#9712,#9713,#9720));
#9711 = ORIENTED_EDGE('',*,*,#9688,.T.);
#9712 = ORIENTED_EDGE('',*,*,#7777,.F.);
#9713 = ORIENTED_EDGE('',*,*,#9714,.F.);
#9714 = EDGE_CURVE('',#4385,#7778,#9715,.T.);
#9715 = CIRCLE('',#9716,0.2);
#9716 = AXIS2_PLACEMENT_3D('',#9717,#9718,#9719);
#9717 = CARTESIAN_POINT('',(-24.2954607107,-33.49704494095,
    56.139862240284));
#9718 = DIRECTION('',(0.,-0.995742694843,-9.217638345705E-02));
#9719 = DIRECTION('',(0.,9.217638345705E-02,-0.995742694843));
#9720 = ORIENTED_EDGE('',*,*,#4384,.F.);
#9721 = ( BOUNDED_SURFACE() B_SPLINE_SURFACE(3,2,(
    (#9722,#9723,#9724)
    ,(#9725,#9726,#9727)
    ,(#9728,#9729,#9730)
    ,(#9731,#9732,#9733
)),.UNSPECIFIED.,.F.,.F.,.F.) B_SPLINE_SURFACE_WITH_KNOTS((4,4),(3,3),(
    -1.058181320346E-16,4.390198488201E-03),(0.,1.),
.PIECEWISE_BEZIER_KNOTS.) GEOMETRIC_REPRESENTATION_ITEM() 
RATIONAL_B_SPLINE_SURFACE((
    (1.,0.576820833959,1.)
    ,(1.,0.585522997695,1.)
    ,(1.,0.593772075124,1.)
,(1.,0.601605945231,1.))) REPRESENTATION_ITEM('') SURFACE() );
#9722 = CARTESIAN_POINT('',(-24.4954607107,-33.49704494095,
    56.139862240284));
#9723 = CARTESIAN_POINT('',(-24.4954607107,-33.47093763636,
    55.857836011299));
#9724 = CARTESIAN_POINT('',(-24.22854962049,-33.47967197742,
    55.952189423537));
#9725 = CARTESIAN_POINT('',(-24.4954607107,-32.03977091598,
    56.274762802389));
#9726 = CARTESIAN_POINT('',(-24.4954607107,-32.03828605748,
    55.996792779581));
#9727 = CARTESIAN_POINT('',(-24.23256538441,-32.02387646465,
    56.085521376664));
#9728 = CARTESIAN_POINT('',(-24.4954607107,-30.58098856196,
    56.390948925902));
#9729 = CARTESIAN_POINT('',(-24.49546071073,-30.57968041235,
    56.119348345542));
#9730 = CARTESIAN_POINT('',(-24.23646236989,-30.5664654571,
    56.200356495211));
#9731 = CARTESIAN_POINT('',(-24.4954607107,-29.12098099528,
    56.491866656668));
#9732 = CARTESIAN_POINT('',(-24.4954607107,-29.10266926009,
    56.226945203289));
#9733 = CARTESIAN_POINT('',(-24.24023259603,-29.10772587314,
    56.300100765311));
#9734 = ADVANCED_FACE('',(#9735),#9747,.T.);
#9735 = FACE_BOUND('',#9736,.T.);
#9736 = EDGE_LOOP('',(#9737,#9738,#9739,#9746));
#9737 = ORIENTED_EDGE('',*,*,#9714,.T.);
#9738 = ORIENTED_EDGE('',*,*,#7786,.F.);
#9739 = ORIENTED_EDGE('',*,*,#9740,.F.);
#9740 = EDGE_CURVE('',#5907,#7787,#9741,.T.);
#9741 = CIRCLE('',#9742,0.2);
#9742 = AXIS2_PLACEMENT_3D('',#9743,#9744,#9745);
#9743 = CARTESIAN_POINT('',(-24.35064027651,-37.27651967679,
    55.721405235059));
#9744 = DIRECTION('',(5.474930376109E-03,-0.99333839504,-0.115103684027)
  );
#9745 = DIRECTION('',(-2.132083572193E-15,0.115105409174,-0.993353282966
    ));
#9746 = ORIENTED_EDGE('',*,*,#5915,.F.);
#9747 = ( BOUNDED_SURFACE() B_SPLINE_SURFACE(3,2,(
    (#9748,#9749,#9750)
    ,(#9751,#9752,#9753)
    ,(#9754,#9755,#9756)
    ,(#9757,#9758,#9759)
    ,(#9760,#9761,#9762)
    ,(#9763,#9764,#9765)
    ,(#9766,#9767,#9768)
    ,(#9769,#9770,#9771
)),.UNSPECIFIED.,.F.,.F.,.F.) B_SPLINE_SURFACE_WITH_KNOTS((4,2,2,4),(3,3
    ),(2.298508605669E-17,9.507243462712E-04,1.901448692542E-03,
    3.802897385085E-03),(0.,1.),.UNSPECIFIED.) 
GEOMETRIC_REPRESENTATION_ITEM() RATIONAL_B_SPLINE_SURFACE((
    (1.,0.41901248521,1.)
    ,(1.,0.419011657851,1.)
    ,(1.,0.419938364711,1.)
    ,(1.,0.428383048944,1.)
    ,(1.,0.436006408786,1.)
    ,(1.,0.473432962535,1.)
    ,(1.,0.518562724008,1.)
,(1.,0.576820833958,1.))) REPRESENTATION_ITEM('') SURFACE() );
#9748 = CARTESIAN_POINT('',(-24.54144368221,-37.28445696142,
    55.780827957034));
#9749 = CARTESIAN_POINT('',(-24.67133190518,-37.23757094114,
    55.370026048199));
#9750 = CARTESIAN_POINT('',(-24.2724454675,-37.25490581917,
    55.538598197442));
#9751 = CARTESIAN_POINT('',(-24.5428896814,-36.96936723439,
    55.818272476618));
#9752 = CARTESIAN_POINT('',(-24.67478315167,-36.92304055409,
    55.408043823782));
#9753 = CARTESIAN_POINT('',(-24.27507398364,-36.9404250439,
    55.574655925124));
#9754 = CARTESIAN_POINT('',(-24.5437385168,-36.65378194374,
    55.854665673042));
#9755 = CARTESIAN_POINT('',(-24.67646062604,-36.6105252952,
    55.445576961614));
#9756 = CARTESIAN_POINT('',(-24.27698820808,-36.62586851147,
    55.61001307949));
#9757 = CARTESIAN_POINT('',(-24.5411361254,-36.0218179963,
    55.924823183097));
#9758 = CARTESIAN_POINT('',(-24.66714738707,-35.97817698992,
    55.52458208572));
#9759 = CARTESIAN_POINT('',(-24.27570150569,-35.99681734375,
    55.680767861608));
#9760 = CARTESIAN_POINT('',(-24.53753260277,-35.70542781112,
    55.958624111634));
#9761 = CARTESIAN_POINT('',(-24.65631455289,-35.66752880508,
    55.564948192512));
#9762 = CARTESIAN_POINT('',(-24.27231972346,-35.68233264018,
    55.716228312557));
#9763 = CARTESIAN_POINT('',(-24.51974201304,-34.75633915701,
    56.053516681962));
#9764 = CARTESIAN_POINT('',(-24.6026009353,-34.74580844673,
    55.689337866714));
#9765 = CARTESIAN_POINT('',(-24.25387280971,-34.73897171283,
    55.822599648176));
#9766 = CARTESIAN_POINT('',(-24.4954607107,-34.12380244132,
    56.108333674124));
#9767 = CARTESIAN_POINT('',(-24.53696913269,-34.1579428466,
    55.77634460645));
#9768 = CARTESIAN_POINT('',(-24.22680993215,-34.11034866342,
    55.894427629325));
#9769 = CARTESIAN_POINT('',(-24.4954607107,-33.49704494095,
    56.139862240285));
#9770 = CARTESIAN_POINT('',(-24.4954607107,-33.47093763636,
    55.857836011299));
#9771 = CARTESIAN_POINT('',(-24.22854962049,-33.47967197742,
    55.952189423537));
#9772 = ADVANCED_FACE('',(#9773),#9785,.T.);
#9773 = FACE_BOUND('',#9774,.T.);
#9774 = EDGE_LOOP('',(#9775,#9776,#9777,#9784));
#9775 = ORIENTED_EDGE('',*,*,#9740,.T.);
#9776 = ORIENTED_EDGE('',*,*,#7797,.F.);
#9777 = ORIENTED_EDGE('',*,*,#9778,.F.);
#9778 = EDGE_CURVE('',#5949,#7798,#9779,.T.);
#9779 = CIRCLE('',#9780,0.2);
#9780 = AXIS2_PLACEMENT_3D('',#9781,#9782,#9783);
#9781 = CARTESIAN_POINT('',(-24.34018972637,-39.23086411505,
    55.481064309676));
#9782 = DIRECTION('',(5.129775714398E-03,-0.991601550377,-0.12922867596)
  );
#9783 = DIRECTION('',(2.526191061891E-16,0.129230376294,-0.991614597433)
  );
#9784 = ORIENTED_EDGE('',*,*,#5957,.F.);
#9785 = ( BOUNDED_SURFACE() B_SPLINE_SURFACE(3,2,(
    (#9786,#9787,#9788)
    ,(#9789,#9790,#9791)
    ,(#9792,#9793,#9794)
    ,(#9795,#9796,#9797
)),.UNSPECIFIED.,.F.,.F.,.F.) B_SPLINE_SURFACE_WITH_KNOTS((4,4),(3,3),(
    4.336808689942E-18,1.969095009844E-03),(0.,1.),
.PIECEWISE_BEZIER_KNOTS.) GEOMETRIC_REPRESENTATION_ITEM() 
RATIONAL_B_SPLINE_SURFACE((
    (1.,0.41901248521,1.)
    ,(1.,0.418985839371,1.)
    ,(1.,0.418957933224,1.)
,(1.,0.418928533975,1.))) REPRESENTATION_ITEM('') SURFACE() );
#9786 = CARTESIAN_POINT('',(-24.2724454675,-37.25490581917,
    55.538598197442));
#9787 = CARTESIAN_POINT('',(-24.67133190518,-37.23757094114,
    55.370026048199));
#9788 = CARTESIAN_POINT('',(-24.54144368221,-37.28445696142,
    55.780827957034));
#9789 = CARTESIAN_POINT('',(-24.26700197259,-37.90617642357,
    55.46392483014));
#9790 = CARTESIAN_POINT('',(-24.66421619054,-37.88760695814,
    55.291437103637));
#9791 = CARTESIAN_POINT('',(-24.53844898174,-37.93649796584,
    55.703348571353));
#9792 = CARTESIAN_POINT('',(-24.26163913263,-38.55688306669,
    55.38488900786));
#9793 = CARTESIAN_POINT('',(-24.65709003311,-38.53694270015,
    55.208454315217));
#9794 = CARTESIAN_POINT('',(-24.53554080137,-38.58797659287,
    55.621410884958));
#9795 = CARTESIAN_POINT('',(-24.25637653282,-39.20697074393,
    55.301051933982));
#9796 = CARTESIAN_POINT('',(-24.64996544924,-39.18549612196,
    55.120648543418));
#9797 = CARTESIAN_POINT('',(-24.53273489043,-39.23883321929,
    55.534569946548));
#9798 = ADVANCED_FACE('',(#9799),#9811,.T.);
#9799 = FACE_BOUND('',#9800,.T.);
#9800 = EDGE_LOOP('',(#9801,#9802,#9803,#9810));
#9801 = ORIENTED_EDGE('',*,*,#9778,.T.);
#9802 = ORIENTED_EDGE('',*,*,#7806,.F.);
#9803 = ORIENTED_EDGE('',*,*,#9804,.F.);
#9804 = EDGE_CURVE('',#4414,#7807,#9805,.T.);
#9805 = CIRCLE('',#9806,0.2);
#9806 = AXIS2_PLACEMENT_3D('',#9807,#9808,#9809);
#9807 = CARTESIAN_POINT('',(-24.2954607107,-42.07409287603,
    55.093647865822));
#9808 = DIRECTION('',(4.522520675974E-14,-0.988065810199,-0.154032317116
    ));
#9809 = DIRECTION('',(5.466806073182E-28,0.154032317116,-0.988065810199)
  );
#9810 = ORIENTED_EDGE('',*,*,#5982,.F.);
#9811 = ( BOUNDED_SURFACE() B_SPLINE_SURFACE(3,2,(
    (#9812,#9813,#9814)
    ,(#9815,#9816,#9817)
    ,(#9818,#9819,#9820)
    ,(#9821,#9822,#9823)
    ,(#9824,#9825,#9826)
    ,(#9827,#9828,#9829
)),.UNSPECIFIED.,.F.,.F.,.F.) B_SPLINE_SURFACE_WITH_KNOTS((4,2,4),(3,3),
  (5.323432666904E-17,1.434934301267E-03,2.869868602535E-03),(0.,1.),
.UNSPECIFIED.) GEOMETRIC_REPRESENTATION_ITEM() RATIONAL_B_SPLINE_SURFACE
((
    (1.,0.519817725231,1.)
    ,(1.,0.481896687744,1.)
    ,(1.,0.453435272709,1.)
    ,(1.,0.421892203902,1.)
    ,(1.,0.418680812275,1.)
,(1.,0.418928533975,1.))) REPRESENTATION_ITEM('') SURFACE() );
#9812 = CARTESIAN_POINT('',(-24.4954607107,-42.07409287603,
    55.093647865821));
#9813 = CARTESIAN_POINT('',(-24.49546071069,-42.02346501552,
    54.768887069226));
#9814 = CARTESIAN_POINT('',(-24.20354489768,-42.04673252032,
    54.918140332499));
#9815 = CARTESIAN_POINT('',(-24.4954607107,-41.60922130871,
    55.185564190302));
#9816 = CARTESIAN_POINT('',(-24.52949438396,-41.52296606056,
    54.832384497417));
#9817 = CARTESIAN_POINT('',(-24.204995786,-41.57461476286,
    54.990980226937));
#9818 = CARTESIAN_POINT('',(-24.5088824532,-41.13705820339,
    55.262309993994));
#9819 = CARTESIAN_POINT('',(-24.57456466007,-41.0708136458,
    54.879902085935));
#9820 = CARTESIAN_POINT('',(-24.22237222245,-41.10117726923,
    55.052881132543));
#9821 = CARTESIAN_POINT('',(-24.52635193721,-40.18907590962,
    55.405225907558));
#9822 = CARTESIAN_POINT('',(-24.63388773246,-40.11871239057,
    54.994545141852));
#9823 = CARTESIAN_POINT('',(-24.24597243183,-40.15426098508,
    55.177566205866));
#9824 = CARTESIAN_POINT('',(-24.53069072331,-39.71340327843,
    55.471243837857));
#9825 = CARTESIAN_POINT('',(-24.64474808201,-39.65921421554,
    55.056528501256));
#9826 = CARTESIAN_POINT('',(-24.25254152483,-39.68070860877,
    55.239957410277));
#9827 = CARTESIAN_POINT('',(-24.53273489043,-39.23883321929,
    55.534569946548));
#9828 = CARTESIAN_POINT('',(-24.64996544924,-39.18549612196,
    55.120648543418));
#9829 = CARTESIAN_POINT('',(-24.25637653282,-39.20697074393,
    55.301051933982));
#9830 = ADVANCED_FACE('',(#9831),#9843,.T.);
#9831 = FACE_BOUND('',#9832,.T.);
#9832 = EDGE_LOOP('',(#9833,#9834,#9835,#9842));
#9833 = ORIENTED_EDGE('',*,*,#9804,.T.);
#9834 = ORIENTED_EDGE('',*,*,#7817,.F.);
#9835 = ORIENTED_EDGE('',*,*,#9836,.F.);
#9836 = EDGE_CURVE('',#4349,#7818,#9837,.T.);
#9837 = CIRCLE('',#9838,0.2);
#9838 = AXIS2_PLACEMENT_3D('',#9839,#9840,#9841);
#9839 = CARTESIAN_POINT('',(-24.2954607107,-51.95586617027,
    53.008928376462));
#9840 = DIRECTION('',(0.,-0.963245995235,-0.268620834382));
#9841 = DIRECTION('',(0.,0.268620834382,-0.963245995235));
#9842 = ORIENTED_EDGE('',*,*,#4424,.F.);
#9843 = ( BOUNDED_SURFACE() B_SPLINE_SURFACE(3,2,(
    (#9844,#9845,#9846)
    ,(#9847,#9848,#9849)
    ,(#9850,#9851,#9852)
    ,(#9853,#9854,#9855)
    ,(#9856,#9857,#9858)
    ,(#9859,#9860,#9861
)),.UNSPECIFIED.,.F.,.F.,.F.) B_SPLINE_SURFACE_WITH_KNOTS((4,2,4),(3,3),
  (-1.734723475977E-18,5.049641046355E-03,1.009928209271E-02),(0.,1.),
.UNSPECIFIED.) GEOMETRIC_REPRESENTATION_ITEM() RATIONAL_B_SPLINE_SURFACE
((
    (1.,0.436318463843,1.)
    ,(1.,0.452078052775,1.)
    ,(1.,0.466791135744,1.)
    ,(1.,0.494515017839,1.)
    ,(1.,0.507524416313,1.)
,(1.,0.519817725228,1.))) REPRESENTATION_ITEM('') SURFACE() );
#9844 = CARTESIAN_POINT('',(-24.4954607107,-51.95586617027,
    53.008928376462));
#9845 = CARTESIAN_POINT('',(-24.4954607107,-51.84507417742,
    52.611639969322));
#9846 = CARTESIAN_POINT('',(-24.17161023145,-51.91368238448,
    52.857661767434));
#9847 = CARTESIAN_POINT('',(-24.4954607107,-50.33120316667,
    53.461998862841));
#9848 = CARTESIAN_POINT('',(-24.4954607107,-50.29167931511,
    53.063276113383));
#9849 = CARTESIAN_POINT('',(-24.17711219062,-50.29175599453,
    53.305464329845));
#9850 = CARTESIAN_POINT('',(-24.4954607107,-48.69316165793,
    53.851820328057));
#9851 = CARTESIAN_POINT('',(-24.4954607107,-48.65779990331,
    53.472082343567));
#9852 = CARTESIAN_POINT('',(-24.18254143517,-48.6563258051,
    53.690752649942));
#9853 = CARTESIAN_POINT('',(-24.4954607107,-45.39738870672,
    54.537964660812));
#9854 = CARTESIAN_POINT('',(-24.4954607107,-45.37858224663,
    54.182759547047));
#9855 = CARTESIAN_POINT('',(-24.1932018904,-45.36549843617,
    54.368918559987));
#9856 = CARTESIAN_POINT('',(-24.4954607107,-43.73957444985,
    54.834011328407));
#9857 = CARTESIAN_POINT('',(-24.49546071066,-43.72266196674,
    54.492955279957));
#9858 = CARTESIAN_POINT('',(-24.1984334032,-43.71001955113,
    54.661522871226));
#9859 = CARTESIAN_POINT('',(-24.4954607107,-42.07409287603,
    55.093647865822));
#9860 = CARTESIAN_POINT('',(-24.4954607107,-42.02346501552,
    54.768887069225));
#9861 = CARTESIAN_POINT('',(-24.20354489768,-42.04673252032,
    54.918140332499));
#9862 = ADVANCED_FACE('',(#9863),#9875,.T.);
#9863 = FACE_BOUND('',#9864,.T.);
#9864 = EDGE_LOOP('',(#9865,#9866,#9873,#9874));
#9865 = ORIENTED_EDGE('',*,*,#7930,.F.);
#9866 = ORIENTED_EDGE('',*,*,#9867,.T.);
#9867 = EDGE_CURVE('',#7922,#4351,#9868,.T.);
#9868 = CIRCLE('',#9869,0.2);
#9869 = AXIS2_PLACEMENT_3D('',#9870,#9871,#9872);
#9870 = CARTESIAN_POINT('',(-24.2954607107,-52.36054349122,
    52.899364312706));
#9871 = DIRECTION('',(4.670345024049E-13,0.967207423976,0.253987793026)
  );
#9872 = DIRECTION('',(2.978738778115E-27,0.253987793026,-0.967207423976)
  );
#9873 = ORIENTED_EDGE('',*,*,#4348,.F.);
#9874 = ORIENTED_EDGE('',*,*,#9836,.T.);
#9875 = ( BOUNDED_SURFACE() B_SPLINE_SURFACE(3,2,(
    (#9876,#9877,#9878)
    ,(#9879,#9880,#9881)
    ,(#9882,#9883,#9884)
    ,(#9885,#9886,#9887
)),.UNSPECIFIED.,.F.,.F.,.F.) B_SPLINE_SURFACE_WITH_KNOTS((4,4),(3,3),(
    1.004005596906E-03,1.42318085104E-03),(0.,1.),
.PIECEWISE_BEZIER_KNOTS.) GEOMETRIC_REPRESENTATION_ITEM() 
RATIONAL_B_SPLINE_SURFACE((
    (1.,0.432380144255,1.)
    ,(1.,0.433674605469,1.)
    ,(1.,0.434987819089,1.)
,(1.,0.436318463843,1.))) REPRESENTATION_ITEM('') SURFACE() );
#9876 = CARTESIAN_POINT('',(-24.4954607107,-52.36054349122,
    52.899364312706));
#9877 = CARTESIAN_POINT('',(-24.4954607107,-52.2546095736,
    52.495958816915));
#9878 = CARTESIAN_POINT('',(-24.17024174635,-52.32093425086,
    52.748528908879));
#9879 = CARTESIAN_POINT('',(-24.4954607107,-52.22539233621,
    52.934854883612));
#9880 = CARTESIAN_POINT('',(-24.4954607107,-52.11819883725,
    52.533363265427));
#9881 = CARTESIAN_POINT('',(-24.17068950585,-52.18492227079,
    52.783873815277));
#9882 = CARTESIAN_POINT('',(-24.4954607107,-52.09050148241,
    52.971382567678));
#9883 = CARTESIAN_POINT('',(-24.4954607107,-51.98169742362,
    52.57192195833));
#9884 = CARTESIAN_POINT('',(-24.17114576367,-52.04917325319,
    52.820257655172));
#9885 = CARTESIAN_POINT('',(-24.4954607107,-51.95586617027,
    53.008928376462));
#9886 = CARTESIAN_POINT('',(-24.4954607107,-51.84507417742,
    52.611639969322));
#9887 = CARTESIAN_POINT('',(-24.17161023145,-51.91368238448,
    52.857661767434));
#9888 = ADVANCED_FACE('',(#9889),#9914,.T.);
#9889 = FACE_BOUND('',#9890,.T.);
#9890 = EDGE_LOOP('',(#9891,#9892,#9900,#9908));
#9891 = ORIENTED_EDGE('',*,*,#291,.T.);
#9892 = ORIENTED_EDGE('',*,*,#9893,.T.);
#9893 = EDGE_CURVE('',#283,#9894,#9896,.T.);
#9894 = VERTEX_POINT('',#9895);
#9895 = CARTESIAN_POINT('',(-11.25254313263,-55.86842605999,47.));
#9896 = LINE('',#9897,#9898);
#9897 = CARTESIAN_POINT('',(-11.25254313263,-55.86842605999,47.));
#9898 = VECTOR('',#9899,1.);
#9899 = DIRECTION('',(-8.606421933501E-23,2.154319713698E-38,-1.));
#9900 = ORIENTED_EDGE('',*,*,#9901,.F.);
#9901 = EDGE_CURVE('',#9902,#9894,#9904,.T.);
#9902 = VERTEX_POINT('',#9903);
#9903 = CARTESIAN_POINT('',(11.252543132629,-55.86842605999,47.));
#9904 = LINE('',#9905,#9906);
#9905 = CARTESIAN_POINT('',(-1.398472589008E-14,-55.86842605999,47.));
#9906 = VECTOR('',#9907,1.);
#9907 = DIRECTION('',(-1.,2.503153726768E-16,0.));
#9908 = ORIENTED_EDGE('',*,*,#9909,.T.);
#9909 = EDGE_CURVE('',#9902,#292,#9910,.T.);
#9910 = LINE('',#9911,#9912);
#9911 = CARTESIAN_POINT('',(11.252543132629,-55.86842605999,
    58.186353189786));
#9912 = VECTOR('',#9913,1.);
#9913 = DIRECTION('',(8.606421933501E-23,-2.154319713698E-38,1.));
#9914 = PLANE('',#9915);
#9915 = AXIS2_PLACEMENT_3D('',#9916,#9917,#9918);
#9916 = CARTESIAN_POINT('',(-1.398472589008E-14,-55.86842605999,
    80.978348680723));
#9917 = DIRECTION('',(-2.503153726768E-16,-1.,0.));
#9918 = DIRECTION('',(1.,-2.503153726768E-16,0.));
#9919 = ADVANCED_FACE('',(#9920),#9961,.T.);
#9920 = FACE_BOUND('',#9921,.T.);
#9921 = EDGE_LOOP('',(#9922,#9929,#9938,#9946,#9953,#9960));
#9922 = ORIENTED_EDGE('',*,*,#9923,.T.);
#9923 = EDGE_CURVE('',#9894,#4091,#9924,.T.);
#9924 = CIRCLE('',#9925,0.4);
#9925 = AXIS2_PLACEMENT_3D('',#9926,#9927,#9928);
#9926 = CARTESIAN_POINT('',(-11.25254313263,-56.26842605999,47.));
#9927 = DIRECTION('',(0.,0.,1.));
#9928 = DIRECTION('',(-1.,-5.20417042793E-14,0.));
#9929 = ORIENTED_EDGE('',*,*,#9930,.T.);
#9930 = EDGE_CURVE('',#4091,#9931,#9933,.T.);
#9931 = VERTEX_POINT('',#9932);
#9932 = CARTESIAN_POINT('',(-10.19424261097,-55.46842605999,47.));
#9933 = CIRCLE('',#9934,2.000000000001);
#9934 = AXIS2_PLACEMENT_3D('',#9935,#9936,#9937);
#9935 = CARTESIAN_POINT('',(-10.19424260821,-57.46842606,47.));
#9936 = DIRECTION('',(0.,0.,-1.));
#9937 = DIRECTION('',(-1.,0.,0.));
#9938 = ORIENTED_EDGE('',*,*,#9939,.T.);
#9939 = EDGE_CURVE('',#9931,#9940,#9942,.T.);
#9940 = VERTEX_POINT('',#9941);
#9941 = CARTESIAN_POINT('',(10.194242602675,-55.46842605999,47.));
#9942 = LINE('',#9943,#9944);
#9943 = CARTESIAN_POINT('',(10.194242597145,-55.46842605999,47.));
#9944 = VECTOR('',#9945,1.);
#9945 = DIRECTION('',(1.,0.,0.));
#9946 = ORIENTED_EDGE('',*,*,#9947,.T.);
#9947 = EDGE_CURVE('',#9940,#3988,#9948,.T.);
#9948 = CIRCLE('',#9949,2.);
#9949 = AXIS2_PLACEMENT_3D('',#9950,#9951,#9952);
#9950 = CARTESIAN_POINT('',(10.194242608204,-57.46842605999,47.));
#9951 = DIRECTION('',(0.,0.,-1.));
#9952 = DIRECTION('',(-1.,0.,0.));
#9953 = ORIENTED_EDGE('',*,*,#9954,.T.);
#9954 = EDGE_CURVE('',#3988,#9902,#9955,.T.);
#9955 = CIRCLE('',#9956,0.4);
#9956 = AXIS2_PLACEMENT_3D('',#9957,#9958,#9959);
#9957 = CARTESIAN_POINT('',(11.252543132629,-56.26842605999,47.));
#9958 = DIRECTION('',(0.,0.,1.));
#9959 = DIRECTION('',(-1.,3.469446951954E-14,0.));
#9960 = ORIENTED_EDGE('',*,*,#9901,.T.);
#9961 = PLANE('',#9962);
#9962 = AXIS2_PLACEMENT_3D('',#9963,#9964,#9965);
#9963 = CARTESIAN_POINT('',(10.194242608204,-57.46842605999,47.));
#9964 = DIRECTION('',(0.,0.,-1.));
#9965 = DIRECTION('',(-1.,0.,0.));
#9966 = ADVANCED_FACE('',(#9967),#10011,.T.);
#9967 = FACE_BOUND('',#9968,.T.);
#9968 = EDGE_LOOP('',(#9969,#9979,#9986,#9987,#9988,#9989,#9997,#10003,
    #10004));
#9969 = ORIENTED_EDGE('',*,*,#9970,.F.);
#9970 = EDGE_CURVE('',#9971,#9973,#9975,.T.);
#9971 = VERTEX_POINT('',#9972);
#9972 = CARTESIAN_POINT('',(23.311299155844,-59.86842606014,
    51.07332827553));
#9973 = VERTEX_POINT('',#9974);
#9974 = CARTESIAN_POINT('',(14.583614334272,-59.86842606017,
    47.173963916226));
#9975 = LINE('',#9976,#9977);
#9976 = CARTESIAN_POINT('',(15.016707928817,-59.86842606017,
    47.367461935614));
#9977 = VECTOR('',#9978,1.);
#9978 = DIRECTION('',(-0.913018041887,-3.211833765577E-12,
    -0.407919177275));
#9979 = ORIENTED_EDGE('',*,*,#9980,.T.);
#9980 = EDGE_CURVE('',#9971,#3791,#9981,.T.);
#9981 = CIRCLE('',#9982,2.);
#9982 = AXIS2_PLACEMENT_3D('',#9983,#9984,#9985);
#9983 = CARTESIAN_POINT('',(22.495460801293,-59.86842606014,
    52.899364359304));
#9984 = DIRECTION('',(3.517820698197E-12,-1.,0.));
#9985 = DIRECTION('',(1.,3.517820698197E-12,0.));
#9986 = ORIENTED_EDGE('',*,*,#3790,.F.);
#9987 = ORIENTED_EDGE('',*,*,#3613,.F.);
#9988 = ORIENTED_EDGE('',*,*,#5010,.F.);
#9989 = ORIENTED_EDGE('',*,*,#9990,.T.);
#9990 = EDGE_CURVE('',#5011,#9991,#9993,.T.);
#9991 = VERTEX_POINT('',#9992);
#9992 = CARTESIAN_POINT('',(12.394242608205,-59.86842606018,
    58.186353189786));
#9993 = LINE('',#9994,#9995);
#9994 = CARTESIAN_POINT('',(2.106063883632E-10,-59.86842606022,
    58.186353189786));
#9995 = VECTOR('',#9996,1.);
#9996 = DIRECTION('',(-1.,-3.517820698197E-12,-6.846180191032E-30));
#9997 = ORIENTED_EDGE('',*,*,#9998,.T.);
#9998 = EDGE_CURVE('',#9991,#4030,#9999,.T.);
#9999 = LINE('',#10000,#10001);
#10000 = CARTESIAN_POINT('',(12.394242608205,-59.86842606018,
    80.978348680723));
#10001 = VECTOR('',#10002,1.);
#10002 = DIRECTION('',(6.846180197209E-30,2.408363440133E-41,-1.));
#10003 = ORIENTED_EDGE('',*,*,#4029,.F.);
#10004 = ORIENTED_EDGE('',*,*,#10005,.T.);
#10005 = EDGE_CURVE('',#4022,#9973,#10006,.T.);
#10006 = CIRCLE('',#10007,2.);
#10007 = AXIS2_PLACEMENT_3D('',#10008,#10009,#10010);
#10008 = CARTESIAN_POINT('',(13.767775979721,-59.86842606017,49.));
#10009 = DIRECTION('',(3.517820698197E-12,-1.,0.));
#10010 = DIRECTION('',(1.,3.517820698197E-12,0.));
#10011 = PLANE('',#10012);
#10012 = AXIS2_PLACEMENT_3D('',#10013,#10014,#10015);
#10013 = CARTESIAN_POINT('',(2.106063883632E-10,-59.86842606022,
    80.978348680723));
#10014 = DIRECTION('',(3.517820698197E-12,-1.,0.));
#10015 = DIRECTION('',(1.,3.517820698197E-12,0.));
#10016 = ADVANCED_FACE('',(#10017),#10064,.F.);
#10017 = FACE_BOUND('',#10018,.T.);
#10018 = EDGE_LOOP('',(#10019,#10034,#10040,#10041,#10049,#10058));
#10019 = ORIENTED_EDGE('',*,*,#10020,.T.);
#10020 = EDGE_CURVE('',#10021,#10023,#10025,.T.);
#10021 = VERTEX_POINT('',#10022);
#10022 = CARTESIAN_POINT('',(18.593688492129,-59.46842606017,
    48.965589137461));
#10023 = VERTEX_POINT('',#10024);
#10024 = CARTESIAN_POINT('',(23.311299155844,-58.0659357954,
    51.07332827553));
#10025 = B_SPLINE_CURVE_WITH_KNOTS('',3,(#10026,#10027,#10028,#10029,
    #10030,#10031,#10032,#10033),.UNSPECIFIED.,.F.,.F.,(4,2,2,4),(0.,
    2.698490190184E-03,4.047735285275E-03,5.396980380367E-03),
  .UNSPECIFIED.);
#10026 = CARTESIAN_POINT('',(18.593688492129,-59.46842606017,
    48.965589137461));
#10027 = CARTESIAN_POINT('',(19.426100994311,-59.46842606017,
    49.337495285495));
#10028 = CARTESIAN_POINT('',(20.243534472601,-59.3692266213,
    49.702709089214));
#10029 = CARTESIAN_POINT('',(21.440880593168,-59.02967069096,
    50.237660669586));
#10030 = CARTESIAN_POINT('',(21.838635280656,-58.88261764654,
    50.415369934282));
#10031 = CARTESIAN_POINT('',(22.599966396839,-58.52352390024,
    50.755518264654));
#10032 = CARTESIAN_POINT('',(22.96442005843,-58.31204037084,
    50.918349261382));
#10033 = CARTESIAN_POINT('',(23.311299155844,-58.0659357954,
    51.07332827553));
#10034 = ORIENTED_EDGE('',*,*,#10035,.T.);
#10035 = EDGE_CURVE('',#10023,#9971,#10036,.T.);
#10036 = LINE('',#10037,#10038);
#10037 = CARTESIAN_POINT('',(23.311299155844,-59.86842606013,
    51.07332827553));
#10038 = VECTOR('',#10039,1.);
#10039 = DIRECTION('',(-2.067916910496E-25,-1.,5.426512006971E-14));
#10040 = ORIENTED_EDGE('',*,*,#9970,.T.);
#10041 = ORIENTED_EDGE('',*,*,#10042,.T.);
#10042 = EDGE_CURVE('',#9973,#10043,#10045,.T.);
#10043 = VERTEX_POINT('',#10044);
#10044 = CARTESIAN_POINT('',(14.583614334272,-58.27476822951,
    47.173963916226));
#10045 = LINE('',#10046,#10047);
#10046 = CARTESIAN_POINT('',(14.583614334272,-56.0554189773,
    47.173963916226));
#10047 = VECTOR('',#10048,1.);
#10048 = DIRECTION('',(1.214579662565E-13,1.,1.327467091157E-29));
#10049 = ORIENTED_EDGE('',*,*,#10050,.T.);
#10050 = EDGE_CURVE('',#10043,#10051,#10053,.T.);
#10051 = VERTEX_POINT('',#10052);
#10052 = CARTESIAN_POINT('',(18.49339573642,-59.46842606017,
    48.920780232797));
#10053 = ( BOUNDED_CURVE() B_SPLINE_CURVE(3,(#10054,#10055,#10056,#10057
),.UNSPECIFIED.,.F.,.F.) B_SPLINE_CURVE_WITH_KNOTS((4,4),(4.119764128125
,4.712388980385),.PIECEWISE_BEZIER_KNOTS.) CURVE() 
GEOMETRIC_REPRESENTATION_ITEM() RATIONAL_B_SPLINE_CURVE((1.,
0.970946495884,0.970946495884,1.)) REPRESENTATION_ITEM('') );
#10054 = CARTESIAN_POINT('',(14.583614334272,-58.27476822951,
    47.173963916226));
#10055 = CARTESIAN_POINT('',(15.747718854095,-59.05863422793,
    47.694063778664));
#10056 = CARTESIAN_POINT('',(17.089976612795,-59.46842606017,
    48.293759135712));
#10057 = CARTESIAN_POINT('',(18.49339573642,-59.46842606017,
    48.920780232797));
#10058 = ORIENTED_EDGE('',*,*,#10059,.T.);
#10059 = EDGE_CURVE('',#10051,#10021,#10060,.T.);
#10060 = LINE('',#10061,#10062);
#10061 = CARTESIAN_POINT('',(-15.14267135386,-59.46842606017,
    33.89282220264));
#10062 = VECTOR('',#10063,1.);
#10063 = DIRECTION('',(0.913018041887,2.212472806941E-14,0.407919177275)
  );
#10064 = PLANE('',#10065);
#10065 = AXIS2_PLACEMENT_3D('',#10066,#10067,#10068);
#10066 = CARTESIAN_POINT('',(-15.14267135386,-57.46842606017,
    33.89282220264));
#10067 = DIRECTION('',(-0.407919177275,4.954503366888E-14,0.913018041887
    ));
#10068 = DIRECTION('',(0.913018041887,0.,0.407919177275));
#10069 = ADVANCED_FACE('',(#10070),#10083,.T.);
#10070 = FACE_BOUND('',#10071,.T.);
#10071 = EDGE_LOOP('',(#10072,#10073,#10080,#10081,#10082));
#10072 = ORIENTED_EDGE('',*,*,#3901,.F.);
#10073 = ORIENTED_EDGE('',*,*,#10074,.T.);
#10074 = EDGE_CURVE('',#3893,#9991,#10075,.T.);
#10075 = CIRCLE('',#10076,0.2);
#10076 = AXIS2_PLACEMENT_3D('',#10077,#10078,#10079);
#10077 = CARTESIAN_POINT('',(12.394242608204,-59.66842606018,
    58.186353189786));
#10078 = DIRECTION('',(-6.846180202327E-30,3.210885751379E-27,1.));
#10079 = DIRECTION('',(-2.198230246303E-56,-1.,3.210885751379E-27));
#10080 = ORIENTED_EDGE('',*,*,#9990,.F.);
#10081 = ORIENTED_EDGE('',*,*,#5043,.F.);
#10082 = ORIENTED_EDGE('',*,*,#4934,.F.);
#10083 = PLANE('',#10084);
#10084 = AXIS2_PLACEMENT_3D('',#10085,#10086,#10087);
#10085 = CARTESIAN_POINT('',(8.797265693694E-08,4.97539885121,
    58.186353189786));
#10086 = DIRECTION('',(-6.846180202327E-30,3.210885751379E-27,1.));
#10087 = DIRECTION('',(1.,-1.585995564997E-09,6.846185294778E-30));
#10088 = ADVANCED_FACE('',(#10089),#10133,.T.);
#10089 = FACE_BOUND('',#10090,.T.);
#10090 = EDGE_LOOP('',(#10091,#10092,#10101,#10109,#10116,#10117,#10125,
    #10131,#10132));
#10091 = ORIENTED_EDGE('',*,*,#4367,.T.);
#10092 = ORIENTED_EDGE('',*,*,#10093,.T.);
#10093 = EDGE_CURVE('',#4360,#10094,#10096,.T.);
#10094 = VERTEX_POINT('',#10095);
#10095 = CARTESIAN_POINT('',(-23.31129906422,-59.86842606023,
    51.073328228472));
#10096 = CIRCLE('',#10097,2.);
#10097 = AXIS2_PLACEMENT_3D('',#10098,#10099,#10100);
#10098 = CARTESIAN_POINT('',(-22.4954607107,-59.86842606023,
    52.899364312703));
#10099 = DIRECTION('',(0.,-1.,0.));
#10100 = DIRECTION('',(0.,0.,-1.));
#10101 = ORIENTED_EDGE('',*,*,#10102,.F.);
#10102 = EDGE_CURVE('',#10103,#10094,#10105,.T.);
#10103 = VERTEX_POINT('',#10104);
#10104 = CARTESIAN_POINT('',(-14.58361433384,-59.86842606023,
    47.17396391577));
#10105 = LINE('',#10106,#10107);
#10106 = CARTESIAN_POINT('',(-15.01670791003,-59.86842606023,
    47.367461926665));
#10107 = VECTOR('',#10108,1.);
#10108 = DIRECTION('',(-0.913018042115,0.,0.407919176764));
#10109 = ORIENTED_EDGE('',*,*,#10110,.T.);
#10110 = EDGE_CURVE('',#10103,#4123,#10111,.T.);
#10111 = CIRCLE('',#10112,2.);
#10112 = AXIS2_PLACEMENT_3D('',#10113,#10114,#10115);
#10113 = CARTESIAN_POINT('',(-13.76777598031,-59.86842606023,49.));
#10114 = DIRECTION('',(0.,-1.,0.));
#10115 = DIRECTION('',(0.,0.,-1.));
#10116 = ORIENTED_EDGE('',*,*,#4157,.F.);
#10117 = ORIENTED_EDGE('',*,*,#10118,.T.);
#10118 = EDGE_CURVE('',#4149,#10119,#10121,.T.);
#10119 = VERTEX_POINT('',#10120);
#10120 = CARTESIAN_POINT('',(-12.39424260821,-59.86842606023,
    58.186353189786));
#10121 = LINE('',#10122,#10123);
#10122 = CARTESIAN_POINT('',(-12.39424260821,-59.86842606023,
    80.978348680723));
#10123 = VECTOR('',#10124,1.);
#10124 = DIRECTION('',(-6.846180197209E-30,-0.,1.));
#10125 = ORIENTED_EDGE('',*,*,#10126,.T.);
#10126 = EDGE_CURVE('',#10119,#4491,#10127,.T.);
#10127 = LINE('',#10128,#10129);
#10128 = CARTESIAN_POINT('',(1.560381083016E-28,-59.86842606023,
    58.186353189786));
#10129 = VECTOR('',#10130,1.);
#10130 = DIRECTION('',(-1.,0.,-6.846180202327E-30));
#10131 = ORIENTED_EDGE('',*,*,#4499,.F.);
#10132 = ORIENTED_EDGE('',*,*,#4265,.F.);
#10133 = PLANE('',#10134);
#10134 = AXIS2_PLACEMENT_3D('',#10135,#10136,#10137);
#10135 = CARTESIAN_POINT('',(0.,-59.86842606023,80.978348680723));
#10136 = DIRECTION('',(0.,-1.,0.));
#10137 = DIRECTION('',(0.,0.,-1.));
#10138 = ADVANCED_FACE('',(#10139),#10186,.F.);
#10139 = FACE_BOUND('',#10140,.T.);
#10140 = EDGE_LOOP('',(#10141,#10142,#10150,#10163,#10171,#10180));
#10141 = ORIENTED_EDGE('',*,*,#10102,.T.);
#10142 = ORIENTED_EDGE('',*,*,#10143,.T.);
#10143 = EDGE_CURVE('',#10094,#10144,#10146,.T.);
#10144 = VERTEX_POINT('',#10145);
#10145 = CARTESIAN_POINT('',(-23.31129906422,-58.06593586342,
    51.073328228472));
#10146 = LINE('',#10147,#10148);
#10147 = CARTESIAN_POINT('',(-23.31129906422,-55.3390046911,
    51.073328228472));
#10148 = VECTOR('',#10149,1.);
#10149 = DIRECTION('',(2.067951531383E-25,1.,-5.426512006971E-14));
#10150 = ORIENTED_EDGE('',*,*,#10151,.T.);
#10151 = EDGE_CURVE('',#10144,#10152,#10154,.T.);
#10152 = VERTEX_POINT('',#10153);
#10153 = CARTESIAN_POINT('',(-18.59368849438,-59.46842606017,
    48.965589135509));
#10154 = B_SPLINE_CURVE_WITH_KNOTS('',3,(#10155,#10156,#10157,#10158,
    #10159,#10160,#10161,#10162),.UNSPECIFIED.,.F.,.F.,(4,2,2,4),(
    5.527221627361E-03,6.885246184714E-03,8.243270742067E-03,
    1.095931985677E-02),.UNSPECIFIED.);
#10155 = CARTESIAN_POINT('',(-23.31129906422,-58.06593586342,
    51.073328228472));
#10156 = CARTESIAN_POINT('',(-22.96441997139,-58.31204042679,
    50.918349216601));
#10157 = CARTESIAN_POINT('',(-22.59996631536,-58.52352394606,
    50.755518222603));
#10158 = CARTESIAN_POINT('',(-21.83863521188,-58.88261767521,
    50.415369898418));
#10159 = CARTESIAN_POINT('',(-21.44088053271,-59.02967071221,
    50.237660637708));
#10160 = CARTESIAN_POINT('',(-20.24353443786,-59.36922662582,
    49.70270906963));
#10161 = CARTESIAN_POINT('',(-19.42610097772,-59.46842606017,
    49.337495274569));
#10162 = CARTESIAN_POINT('',(-18.59368849438,-59.46842606017,
    48.965589135509));
#10163 = ORIENTED_EDGE('',*,*,#10164,.T.);
#10164 = EDGE_CURVE('',#10152,#10165,#10167,.T.);
#10165 = VERTEX_POINT('',#10166);
#10166 = CARTESIAN_POINT('',(-18.4933957354,-59.46842606017,
    48.920780229453));
#10167 = LINE('',#10168,#10169);
#10168 = CARTESIAN_POINT('',(15.142671342229,-59.46842606017,
    33.892822227538));
#10169 = VECTOR('',#10170,1.);
#10170 = DIRECTION('',(0.913018042115,-2.21247280417E-14,-0.407919176764
    ));
#10171 = ORIENTED_EDGE('',*,*,#10172,.T.);
#10172 = EDGE_CURVE('',#10165,#10173,#10175,.T.);
#10173 = VERTEX_POINT('',#10174);
#10174 = CARTESIAN_POINT('',(-14.58361433384,-58.2747682299,
    47.17396391577));
#10175 = ( BOUNDED_CURVE() B_SPLINE_CURVE(3,(#10176,#10177,#10178,#10179
),.UNSPECIFIED.,.F.,.F.) B_SPLINE_CURVE_WITH_KNOTS((4,4),(1.570796326795
,2.163421178954),.PIECEWISE_BEZIER_KNOTS.) CURVE() 
GEOMETRIC_REPRESENTATION_ITEM() RATIONAL_B_SPLINE_CURVE((1.,
0.970946495894,0.970946495894,1.)) REPRESENTATION_ITEM('') );
#10176 = CARTESIAN_POINT('',(-18.4933957354,-59.46842606017,
    48.920780229453));
#10177 = CARTESIAN_POINT('',(-17.08997661202,-59.46842606017,
    48.293759133421));
#10178 = CARTESIAN_POINT('',(-15.74771885354,-59.05863422807,
    47.69406377737));
#10179 = CARTESIAN_POINT('',(-14.58361433384,-58.2747682299,
    47.17396391577));
#10180 = ORIENTED_EDGE('',*,*,#10181,.T.);
#10181 = EDGE_CURVE('',#10173,#10103,#10182,.T.);
#10182 = LINE('',#10183,#10184);
#10183 = CARTESIAN_POINT('',(-14.58361433384,-59.86842606024,
    47.17396391577));
#10184 = VECTOR('',#10185,1.);
#10185 = DIRECTION('',(1.214579664386E-13,-1.,-4.029844721089E-30));
#10186 = PLANE('',#10187);
#10187 = AXIS2_PLACEMENT_3D('',#10188,#10189,#10190);
#10188 = CARTESIAN_POINT('',(15.142671342229,-57.46842606017,
    33.892822227537));
#10189 = DIRECTION('',(0.407919176764,4.954503368113E-14,0.913018042115)
  );
#10190 = DIRECTION('',(0.913018042115,0.,-0.407919176764));
#10191 = ADVANCED_FACE('',(#10192),#10205,.T.);
#10192 = FACE_BOUND('',#10193,.T.);
#10193 = EDGE_LOOP('',(#10194,#10195,#10202,#10203,#10204));
#10194 = ORIENTED_EDGE('',*,*,#10126,.F.);
#10195 = ORIENTED_EDGE('',*,*,#10196,.T.);
#10196 = EDGE_CURVE('',#10119,#22,#10197,.T.);
#10197 = CIRCLE('',#10198,0.2);
#10198 = AXIS2_PLACEMENT_3D('',#10199,#10200,#10201);
#10199 = CARTESIAN_POINT('',(-12.39424260821,-59.66842606023,
    58.186353189786));
#10200 = DIRECTION('',(-6.846180202327E-30,3.210885751379E-27,1.));
#10201 = DIRECTION('',(-2.198230246303E-56,-1.,3.210885751379E-27));
#10202 = ORIENTED_EDGE('',*,*,#93,.F.);
#10203 = ORIENTED_EDGE('',*,*,#128,.F.);
#10204 = ORIENTED_EDGE('',*,*,#4490,.F.);
#10205 = PLANE('',#10206);
#10206 = AXIS2_PLACEMENT_3D('',#10207,#10208,#10209);
#10207 = CARTESIAN_POINT('',(8.797265693694E-08,4.97539885121,
    58.186353189786));
#10208 = DIRECTION('',(-6.846180202327E-30,3.210885751379E-27,1.));
#10209 = DIRECTION('',(1.,-1.585995564997E-09,6.846185294778E-30));
#10210 = ADVANCED_FACE('',(#10211),#10217,.F.);
#10211 = FACE_BOUND('',#10212,.F.);
#10212 = EDGE_LOOP('',(#10213,#10214,#10215,#10216));
#10213 = ORIENTED_EDGE('',*,*,#9893,.T.);
#10214 = ORIENTED_EDGE('',*,*,#9923,.T.);
#10215 = ORIENTED_EDGE('',*,*,#4090,.T.);
#10216 = ORIENTED_EDGE('',*,*,#282,.T.);
#10217 = CYLINDRICAL_SURFACE('',#10218,0.4);
#10218 = AXIS2_PLACEMENT_3D('',#10219,#10220,#10221);
#10219 = CARTESIAN_POINT('',(-11.25254313263,-56.26842605999,
    29.162876734009));
#10220 = DIRECTION('',(8.606423291841E-23,5.426512006971E-14,1.));
#10221 = DIRECTION('',(1.913565744597E-37,-1.,5.426512006971E-14));
#10222 = ADVANCED_FACE('',(#10223),#10229,.F.);
#10223 = FACE_BOUND('',#10224,.F.);
#10224 = EDGE_LOOP('',(#10225,#10226,#10227,#10228));
#10225 = ORIENTED_EDGE('',*,*,#3996,.T.);
#10226 = ORIENTED_EDGE('',*,*,#9954,.T.);
#10227 = ORIENTED_EDGE('',*,*,#9909,.T.);
#10228 = ORIENTED_EDGE('',*,*,#299,.T.);
#10229 = CYLINDRICAL_SURFACE('',#10230,0.4);
#10230 = AXIS2_PLACEMENT_3D('',#10231,#10232,#10233);
#10231 = CARTESIAN_POINT('',(11.252543132629,-56.26842605999,
    29.162876734009));
#10232 = DIRECTION('',(8.606423291841E-23,5.426512006971E-14,1.));
#10233 = DIRECTION('',(1.913565744597E-37,-1.,5.426512006971E-14));
#10234 = ADVANCED_FACE('',(#10235),#10262,.F.);
#10235 = FACE_BOUND('',#10236,.F.);
#10236 = EDGE_LOOP('',(#10237,#10238,#10245,#10246,#10255));
#10237 = ORIENTED_EDGE('',*,*,#9028,.T.);
#10238 = ORIENTED_EDGE('',*,*,#10239,.T.);
#10239 = EDGE_CURVE('',#8958,#8735,#10240,.T.);
#10240 = CIRCLE('',#10241,5.);
#10241 = AXIS2_PLACEMENT_3D('',#10242,#10243,#10244);
#10242 = CARTESIAN_POINT('',(17.67755738187,-52.46842606017,
    50.836929193868));
#10243 = DIRECTION('',(4.283888999019E-14,-5.412337245048E-14,-1.));
#10244 = DIRECTION('',(-3.587324068672E-43,1.,-5.412337245048E-14));
#10245 = ORIENTED_EDGE('',*,*,#8734,.T.);
#10246 = ORIENTED_EDGE('',*,*,#10247,.F.);
#10247 = EDGE_CURVE('',#10248,#8737,#10250,.T.);
#10248 = VERTEX_POINT('',#10249);
#10249 = CARTESIAN_POINT('',(14.884856380335,-56.61581332398,49.));
#10250 = CIRCLE('',#10251,5.);
#10251 = AXIS2_PLACEMENT_3D('',#10252,#10253,#10254);
#10252 = CARTESIAN_POINT('',(17.67755738187,-52.46842606017,49.));
#10253 = DIRECTION('',(0.,0.,-1.));
#10254 = DIRECTION('',(-1.,0.,0.));
#10255 = ORIENTED_EDGE('',*,*,#10256,.F.);
#10256 = EDGE_CURVE('',#9021,#10248,#10257,.T.);
#10257 = ( BOUNDED_CURVE() B_SPLINE_CURVE(3,(#10258,#10259,#10260,#10261
),.UNSPECIFIED.,.F.,.F.) B_SPLINE_CURVE_WITH_KNOTS((4,4),(1.570796326795
,2.163421179055),.PIECEWISE_BEZIER_KNOTS.) CURVE() 
GEOMETRIC_REPRESENTATION_ITEM() RATIONAL_B_SPLINE_CURVE((1.,
0.970946495884,0.970946495884,1.)) REPRESENTATION_ITEM('') );
#10258 = CARTESIAN_POINT('',(17.67755738187,-57.46842606017,
    50.746816316571));
#10259 = CARTESIAN_POINT('',(16.675115150708,-57.46842606017,
    50.119795219486));
#10260 = CARTESIAN_POINT('',(15.71635960878,-57.17571760857,
    49.520099862438));
#10261 = CARTESIAN_POINT('',(14.884856380335,-56.61581332398,49.));
#10262 = CYLINDRICAL_SURFACE('',#10263,5.);
#10263 = AXIS2_PLACEMENT_3D('',#10264,#10265,#10266);
#10264 = CARTESIAN_POINT('',(17.67755738187,-52.46842606017,47.));
#10265 = DIRECTION('',(0.,0.,1.));
#10266 = DIRECTION('',(1.,0.,-0.));
#10267 = ADVANCED_FACE('',(#10268),#10273,.F.);
#10268 = FACE_BOUND('',#10269,.F.);
#10269 = EDGE_LOOP('',(#10270,#10271,#10272));
#10270 = ORIENTED_EDGE('',*,*,#8957,.T.);
#10271 = ORIENTED_EDGE('',*,*,#8933,.T.);
#10272 = ORIENTED_EDGE('',*,*,#10239,.F.);
#10273 = SPHERICAL_SURFACE('',#10274,5.);
#10274 = AXIS2_PLACEMENT_3D('',#10275,#10276,#10277);
#10275 = CARTESIAN_POINT('',(17.677557381869,-52.46842606017,
    50.836929193868));
#10276 = DIRECTION('',(0.,1.,0.));
#10277 = DIRECTION('',(1.,0.,0.));
#10278 = ADVANCED_FACE('',(#10279),#10306,.F.);
#10279 = FACE_BOUND('',#10280,.F.);
#10280 = EDGE_LOOP('',(#10281,#10288,#10289,#10298,#10305));
#10281 = ORIENTED_EDGE('',*,*,#10282,.T.);
#10282 = EDGE_CURVE('',#8618,#8523,#10283,.T.);
#10283 = CIRCLE('',#10284,5.);
#10284 = AXIS2_PLACEMENT_3D('',#10285,#10286,#10287);
#10285 = CARTESIAN_POINT('',(-17.67755738187,-52.46842606017,
    50.836929193866));
#10286 = DIRECTION('',(1.159060876352E-13,1.734723475977E-13,-1.));
#10287 = DIRECTION('',(-8.322591839318E-40,1.,1.734723475977E-13));
#10288 = ORIENTED_EDGE('',*,*,#8584,.T.);
#10289 = ORIENTED_EDGE('',*,*,#10290,.F.);
#10290 = EDGE_CURVE('',#10291,#8585,#10293,.T.);
#10291 = VERTEX_POINT('',#10292);
#10292 = CARTESIAN_POINT('',(-14.88485638076,-56.61581332426,49.));
#10293 = ( BOUNDED_CURVE() B_SPLINE_CURVE(3,(#10294,#10295,#10296,#10297
),.UNSPECIFIED.,.F.,.F.) B_SPLINE_CURVE_WITH_KNOTS((4,4),(4.119764128226
,4.712388980385),.PIECEWISE_BEZIER_KNOTS.) CURVE() 
GEOMETRIC_REPRESENTATION_ITEM() RATIONAL_B_SPLINE_CURVE((1.,
0.970946495894,0.970946495894,1.)) REPRESENTATION_ITEM('') );
#10294 = CARTESIAN_POINT('',(-14.88485638076,-56.61581332426,49.));
#10295 = CARTESIAN_POINT('',(-15.71635960911,-57.17571760867,
    49.520099861601));
#10296 = CARTESIAN_POINT('',(-16.67511515089,-57.46842606017,
    50.119795217651));
#10297 = CARTESIAN_POINT('',(-17.67755738187,-57.46842606017,
    50.746816313683));
#10298 = ORIENTED_EDGE('',*,*,#10299,.F.);
#10299 = EDGE_CURVE('',#8660,#10291,#10300,.T.);
#10300 = CIRCLE('',#10301,5.);
#10301 = AXIS2_PLACEMENT_3D('',#10302,#10303,#10304);
#10302 = CARTESIAN_POINT('',(-17.67755738187,-52.46842606017,49.));
#10303 = DIRECTION('',(0.,0.,-1.));
#10304 = DIRECTION('',(-1.,0.,0.));
#10305 = ORIENTED_EDGE('',*,*,#8668,.T.);
#10306 = CYLINDRICAL_SURFACE('',#10307,5.);
#10307 = AXIS2_PLACEMENT_3D('',#10308,#10309,#10310);
#10308 = CARTESIAN_POINT('',(-17.67755738187,-52.46842606017,47.));
#10309 = DIRECTION('',(0.,0.,1.));
#10310 = DIRECTION('',(1.,0.,-0.));
#10311 = ADVANCED_FACE('',(#10312),#10317,.F.);
#10312 = FACE_BOUND('',#10313,.F.);
#10313 = EDGE_LOOP('',(#10314,#10315,#10316));
#10314 = ORIENTED_EDGE('',*,*,#8617,.T.);
#10315 = ORIENTED_EDGE('',*,*,#8522,.T.);
#10316 = ORIENTED_EDGE('',*,*,#10282,.F.);
#10317 = SPHERICAL_SURFACE('',#10318,5.);
#10318 = AXIS2_PLACEMENT_3D('',#10319,#10320,#10321);
#10319 = CARTESIAN_POINT('',(-17.67755738187,-52.46842606017,
    50.836929193865));
#10320 = DIRECTION('',(0.,1.,0.));
#10321 = DIRECTION('',(1.,0.,0.));
#10322 = ADVANCED_FACE('',(#10323),#10330,.T.);
#10323 = FACE_BOUND('',#10324,.T.);
#10324 = EDGE_LOOP('',(#10325,#10326,#10327,#10328,#10329));
#10325 = ORIENTED_EDGE('',*,*,#10196,.F.);
#10326 = ORIENTED_EDGE('',*,*,#10118,.F.);
#10327 = ORIENTED_EDGE('',*,*,#4148,.F.);
#10328 = ORIENTED_EDGE('',*,*,#4442,.F.);
#10329 = ORIENTED_EDGE('',*,*,#21,.F.);
#10330 = CYLINDRICAL_SURFACE('',#10331,0.2);
#10331 = AXIS2_PLACEMENT_3D('',#10332,#10333,#10334);
#10332 = CARTESIAN_POINT('',(-12.39424260821,-59.66842606023,
    29.162876734009));
#10333 = DIRECTION('',(6.846180197209E-30,0.,-1.));
#10334 = DIRECTION('',(-1.,0.,-6.846180197209E-30));
#10335 = ADVANCED_FACE('',(#10336),#10343,.T.);
#10336 = FACE_BOUND('',#10337,.T.);
#10337 = EDGE_LOOP('',(#10338,#10339,#10340,#10341,#10342));
#10338 = ORIENTED_EDGE('',*,*,#3892,.F.);
#10339 = ORIENTED_EDGE('',*,*,#4061,.F.);
#10340 = ORIENTED_EDGE('',*,*,#4037,.F.);
#10341 = ORIENTED_EDGE('',*,*,#9998,.F.);
#10342 = ORIENTED_EDGE('',*,*,#10074,.F.);
#10343 = CYLINDRICAL_SURFACE('',#10344,0.2);
#10344 = AXIS2_PLACEMENT_3D('',#10345,#10346,#10347);
#10345 = CARTESIAN_POINT('',(12.394242608204,-59.66842606018,
    80.978348680723));
#10346 = DIRECTION('',(6.846180197209E-30,2.408363440133E-41,-1.));
#10347 = DIRECTION('',(-1.,1.648809009152E-70,-6.846180197209E-30));
#10348 = ADVANCED_FACE('',(#10349),#10369,.T.);
#10349 = FACE_BOUND('',#10350,.T.);
#10350 = EDGE_LOOP('',(#10351,#10352,#10353,#10362));
#10351 = ORIENTED_EDGE('',*,*,#7393,.F.);
#10352 = ORIENTED_EDGE('',*,*,#7351,.F.);
#10353 = ORIENTED_EDGE('',*,*,#10354,.F.);
#10354 = EDGE_CURVE('',#10355,#3799,#10357,.T.);
#10355 = VERTEX_POINT('',#10356);
#10356 = CARTESIAN_POINT('',(24.494807031897,-52.54014437313,
    52.848230709236));
#10357 = B_SPLINE_CURVE_WITH_KNOTS('',3,(#10358,#10359,#10360,#10361),
  .UNSPECIFIED.,.F.,.F.,(4,4),(0.,1.867397145249E-04),
  .PIECEWISE_BEZIER_KNOTS.);
#10358 = CARTESIAN_POINT('',(24.494807031897,-52.54014437313,
    52.848230709236));
#10359 = CARTESIAN_POINT('',(24.495233078599,-52.4801698344,
    52.864889306208));
#10360 = CARTESIAN_POINT('',(24.495460801293,-52.42029796683,
    52.881929254617));
#10361 = CARTESIAN_POINT('',(24.495460801293,-52.36054302737,
    52.899364359304));
#10362 = ORIENTED_EDGE('',*,*,#10363,.F.);
#10363 = EDGE_CURVE('',#7394,#10355,#10364,.T.);
#10364 = CIRCLE('',#10365,0.2);
#10365 = AXIS2_PLACEMENT_3D('',#10366,#10367,#10368);
#10366 = CARTESIAN_POINT('',(24.294872408837,-52.54014437313,
    52.853344074243));
#10367 = DIRECTION('',(-6.202424791427E-03,-0.970127254706,
    -0.242517297533));
#10368 = DIRECTION('',(-3.942440991722E-14,-0.242521962497,
    0.970145915678));
#10369 = ( BOUNDED_SURFACE() B_SPLINE_SURFACE(3,2,(
    (#10370,#10371,#10372)
    ,(#10373,#10374,#10375)
    ,(#10376,#10377,#10378)
    ,(#10379,#10380,#10381
)),.UNSPECIFIED.,.F.,.F.,.F.) B_SPLINE_SURFACE_WITH_KNOTS((4,4),(3,3),(
    1.127570259385E-17,1.854045744849E-04),(0.,1.),
.PIECEWISE_BEZIER_KNOTS.) GEOMETRIC_REPRESENTATION_ITEM() 
RATIONAL_B_SPLINE_SURFACE((
    (1.,0.441843982121,1.)
    ,(1.,0.438763687946,1.)
    ,(1.,0.435610350176,1.)
,(1.,0.432380145932,1.))) REPRESENTATION_ITEM('') SURFACE() );
#10370 = CARTESIAN_POINT('',(24.169070177026,-52.50168071521,
    52.702697648824));
#10371 = CARTESIAN_POINT('',(24.484735315301,-52.44163383325,
    52.454422549903));
#10372 = CARTESIAN_POINT('',(24.494807031897,-52.54014437313,
    52.848230709236));
#10373 = CARTESIAN_POINT('',(24.169644383463,-52.44134110025,
    52.717624294784));
#10374 = CARTESIAN_POINT('',(24.488389301523,-52.37888532442,
    52.468051133935));
#10375 = CARTESIAN_POINT('',(24.495232951526,-52.48018772126,
    52.864884337598));
#10376 = CARTESIAN_POINT('',(24.17004379664,-52.38109077466,
    52.732896190801));
#10377 = CARTESIAN_POINT('',(24.491968928785,-52.3165238256,
    52.481901876724));
#10378 = CARTESIAN_POINT('',(24.495460801293,-52.42031927938,
    52.881923036484));
#10379 = CARTESIAN_POINT('',(24.170241837532,-52.3209337839,
    52.748528955813));
#10380 = CARTESIAN_POINT('',(24.495460801293,-52.25460910224,
    52.495958867543));
#10381 = CARTESIAN_POINT('',(24.495460801293,-52.36054302737,
    52.899364359304));
#10382 = ADVANCED_FACE('',(#10383),#10415,.T.);
#10383 = FACE_BOUND('',#10384,.T.);
#10384 = EDGE_LOOP('',(#10385,#10394,#10395,#10396,#10397,#10398));
#10385 = ORIENTED_EDGE('',*,*,#10386,.F.);
#10386 = EDGE_CURVE('',#10355,#10387,#10389,.T.);
#10387 = VERTEX_POINT('',#10388);
#10388 = CARTESIAN_POINT('',(24.48100406741,-53.34514800077,
    52.65932699059));
#10389 = B_SPLINE_CURVE_WITH_KNOTS('',3,(#10390,#10391,#10392,#10393),
  .UNSPECIFIED.,.F.,.F.,(4,4),(0.,8.269860804495E-04),
  .PIECEWISE_BEZIER_KNOTS.);
#10390 = CARTESIAN_POINT('',(24.494807031897,-52.54014437313,
    52.848230709236));
#10391 = CARTESIAN_POINT('',(24.492918627743,-52.80597477971,
    52.774393349248));
#10392 = CARTESIAN_POINT('',(24.487499779259,-53.07467846315,
    52.713058278308));
#10393 = CARTESIAN_POINT('',(24.48100406741,-53.34514800077,
    52.65932699059));
#10394 = ORIENTED_EDGE('',*,*,#10354,.T.);
#10395 = ORIENTED_EDGE('',*,*,#3798,.F.);
#10396 = ORIENTED_EDGE('',*,*,#9980,.F.);
#10397 = ORIENTED_EDGE('',*,*,#10035,.F.);
#10398 = ORIENTED_EDGE('',*,*,#10399,.F.);
#10399 = EDGE_CURVE('',#10387,#10023,#10400,.T.);
#10400 = B_SPLINE_CURVE_WITH_KNOTS('',3,(#10401,#10402,#10403,#10404,
    #10405,#10406,#10407,#10408,#10409,#10410,#10411,#10412,#10413,
    #10414),.UNSPECIFIED.,.F.,.F.,(4,2,2,2,2,2,4),(0.,1.286087817049E-03
    ,2.572175634098E-03,3.858263451148E-03,4.501307359672E-03,
    4.822829313935E-03,5.144351268197E-03),.UNSPECIFIED.);
#10401 = CARTESIAN_POINT('',(24.48100406741,-53.34514800077,
    52.65932699059));
#10402 = CARTESIAN_POINT('',(24.470753129334,-53.77197827674,
    52.574533188792));
#10403 = CARTESIAN_POINT('',(24.448574837873,-54.18137063245,
    52.443799468625));
#10404 = CARTESIAN_POINT('',(24.359527218523,-54.98585465864,
    52.15946558132));
#10405 = CARTESIAN_POINT('',(24.293012695757,-55.38057093247,
    52.004617011224));
#10406 = CARTESIAN_POINT('',(24.106473832523,-56.1642747802,
    51.700864195185));
#10407 = CARTESIAN_POINT('',(23.985874562499,-56.55458756661,
    51.550912532998));
#10408 = CARTESIAN_POINT('',(23.764510576283,-57.12779171103,
    51.350356113534));
#10409 = CARTESIAN_POINT('',(23.683922871356,-57.31723129622,
    51.287349516428));
#10410 = CARTESIAN_POINT('',(23.552370561736,-57.59940742001,
    51.200629463951));
#10411 = CARTESIAN_POINT('',(23.506738845083,-57.69313538098,
    51.173023693947));
#10412 = CARTESIAN_POINT('',(23.4117926997,-57.88000629514,
    51.120805609451));
#10413 = CARTESIAN_POINT('',(23.361872993152,-57.97418612972,
    51.095923708654));
#10414 = CARTESIAN_POINT('',(23.311299155844,-58.0659357954,
    51.07332827553));
#10415 = CYLINDRICAL_SURFACE('',#10416,2.);
#10416 = AXIS2_PLACEMENT_3D('',#10417,#10418,#10419);
#10417 = CARTESIAN_POINT('',(22.495460801293,-51.84616753192,
    52.899364359304));
#10418 = DIRECTION('',(-2.067979727232E-25,-1.,5.426512006971E-14));
#10419 = DIRECTION('',(2.576767181584E-40,-5.426512006971E-14,-1.));
#10420 = ADVANCED_FACE('',(#10421),#10441,.T.);
#10421 = FACE_BOUND('',#10422,.T.);
#10422 = EDGE_LOOP('',(#10423,#10424,#10425,#10434));
#10423 = ORIENTED_EDGE('',*,*,#10363,.T.);
#10424 = ORIENTED_EDGE('',*,*,#10386,.T.);
#10425 = ORIENTED_EDGE('',*,*,#10426,.F.);
#10426 = EDGE_CURVE('',#10427,#10387,#10429,.T.);
#10427 = VERTEX_POINT('',#10428);
#10428 = CARTESIAN_POINT('',(24.170519546378,-53.31363497835,
    52.520608384205));
#10429 = CIRCLE('',#10430,0.2);
#10430 = AXIS2_PLACEMENT_3D('',#10431,#10432,#10433);
#10431 = CARTESIAN_POINT('',(24.282449740798,-53.34514800077,
    52.683330727461));
#10432 = DIRECTION('',(-2.127255704758E-02,-0.98416699131,
    -0.175962528773));
#10433 = DIRECTION('',(-8.301952875156E-15,-0.17600235572,0.984389745366
    ));
#10434 = ORIENTED_EDGE('',*,*,#10435,.F.);
#10435 = EDGE_CURVE('',#7394,#10427,#10436,.T.);
#10436 = B_SPLINE_CURVE_WITH_KNOTS('',3,(#10437,#10438,#10439,#10440),
  .UNSPECIFIED.,.F.,.F.,(4,4),(0.,8.321227832428E-04),
  .PIECEWISE_BEZIER_KNOTS.);
#10437 = CARTESIAN_POINT('',(24.169070177026,-52.50168071521,
    52.702697648824));
#10438 = CARTESIAN_POINT('',(24.172582585646,-52.76992152081,
    52.631276163726));
#10439 = CARTESIAN_POINT('',(24.172263699762,-53.04094193659,
    52.572218742933));
#10440 = CARTESIAN_POINT('',(24.170519546378,-53.31363497835,
    52.520608384205));
#10441 = ( BOUNDED_SURFACE() B_SPLINE_SURFACE(3,2,(
    (#10442,#10443,#10444)
    ,(#10445,#10446,#10447)
    ,(#10448,#10449,#10450)
    ,(#10451,#10452,#10453
)),.UNSPECIFIED.,.F.,.F.,.F.) B_SPLINE_SURFACE_WITH_KNOTS((4,4),(3,3),(
    6.245004513517E-17,8.228546051858E-04),(0.,1.),
.PIECEWISE_BEZIER_KNOTS.) GEOMETRIC_REPRESENTATION_ITEM() 
RATIONAL_B_SPLINE_SURFACE((
    (1.,0.520597252321,1.)
    ,(1.,0.498510356234,1.)
    ,(1.,0.47302498891,1.)
,(1.,0.441843982121,1.))) REPRESENTATION_ITEM('') SURFACE() );
#10442 = CARTESIAN_POINT('',(24.170519546377,-53.31363497835,
    52.520608384203));
#10443 = CARTESIAN_POINT('',(24.442260184749,-53.28701050519,
    52.338844993427));
#10444 = CARTESIAN_POINT('',(24.48100406741,-53.34514800077,
    52.65932699059));
#10445 = CARTESIAN_POINT('',(24.172260971062,-53.04136894565,
    52.572137924763));
#10446 = CARTESIAN_POINT('',(24.45586052696,-52.99541497304,
    52.375403426144));
#10447 = CARTESIAN_POINT('',(24.487489859255,-53.07509149913,
    52.712976221928));
#10448 = CARTESIAN_POINT('',(24.17258830184,-52.77035856361,
    52.631159802686));
#10449 = CARTESIAN_POINT('',(24.470127591915,-52.70899187127,
    52.415327958523));
#10450 = CARTESIAN_POINT('',(24.492915630626,-52.80639671454,
    52.774276160758));
#10451 = CARTESIAN_POINT('',(24.169070177026,-52.50168071521,
    52.702697648824));
#10452 = CARTESIAN_POINT('',(24.484735315301,-52.44163383325,
    52.454422549903));
#10453 = CARTESIAN_POINT('',(24.494807031897,-52.54014437313,
    52.848230709236));
#10454 = ADVANCED_FACE('',(#10455),#10474,.T.);
#10455 = FACE_BOUND('',#10456,.T.);
#10456 = EDGE_LOOP('',(#10457,#10458,#10459));
#10457 = ORIENTED_EDGE('',*,*,#10426,.T.);
#10458 = ORIENTED_EDGE('',*,*,#10399,.T.);
#10459 = ORIENTED_EDGE('',*,*,#10460,.F.);
#10460 = EDGE_CURVE('',#10427,#10023,#10461,.T.);
#10461 = B_SPLINE_CURVE_WITH_KNOTS('',3,(#10462,#10463,#10464,#10465,
    #10466,#10467,#10468,#10469,#10470,#10471,#10472,#10473),
  .UNSPECIFIED.,.F.,.F.,(4,2,2,2,2,4),(4.602349212045E-16,
    1.26718084286E-03,2.53436168572E-03,3.80154252858E-03,
    4.435132950009E-03,5.068723371439E-03),.UNSPECIFIED.);
#10462 = CARTESIAN_POINT('',(24.170519546378,-53.31363497835,
    52.520608384205));
#10463 = CARTESIAN_POINT('',(24.170789223553,-53.73274445504,
    52.439257593124));
#10464 = CARTESIAN_POINT('',(24.165728105868,-54.13722318023,
    52.31369073362));
#10465 = CARTESIAN_POINT('',(24.118490257964,-54.93728167661,
    52.045174541502));
#10466 = CARTESIAN_POINT('',(24.076723004071,-55.33248197298,
    51.900924584486));
#10467 = CARTESIAN_POINT('',(23.944956887082,-56.1218745495,
    51.622818251193));
#10468 = CARTESIAN_POINT('',(23.854654784353,-56.51714273587,
    51.488027868925));
#10469 = CARTESIAN_POINT('',(23.680827642355,-57.10180649308,
    51.310883872807));
#10470 = CARTESIAN_POINT('',(23.616471662747,-57.29569235589,
    51.255820860379));
#10471 = CARTESIAN_POINT('',(23.474253616958,-57.68190589842,
    51.156062216716));
#10472 = CARTESIAN_POINT('',(23.395568557638,-57.87597459604,
    51.110978248994));
#10473 = CARTESIAN_POINT('',(23.311299155844,-58.0659357954,
    51.07332827553));
#10474 = ( BOUNDED_SURFACE() B_SPLINE_SURFACE(3,2,(
    (#10475,#10476,#10477)
    ,(#10478,#10479,#10480)
    ,(#10481,#10482,#10483)
    ,(#10484,#10485,#10486)
    ,(#10487,#10488,#10489)
    ,(#10490,#10491,#10492)
    ,(#10493,#10494,#10495)
    ,(#10496,#10497,#10498)
    ,(#10499,#10500,#10501)
    ,(#10502,#10503,#10504
)),.UNSPECIFIED.,.F.,.F.,.F.) B_SPLINE_SURFACE_WITH_KNOTS((4,2,2,2,4),(3
    ,3),(1.657249374234E-03,2.92204393765E-03,4.186838501066E-03,
    5.451633064482E-03,6.716427627898E-03),(0.,1.),.UNSPECIFIED.) 
GEOMETRIC_REPRESENTATION_ITEM() RATIONAL_B_SPLINE_SURFACE((
    (1.,0.52059725232,1.)
    ,(1.,0.562272443104,1.)
    ,(1.,0.621888359566,1.)
    ,(1.,0.738363052811,1.)
    ,(1.,0.795450037472,1.)
    ,(1.,0.891756244224,1.)
    ,(1.,0.931365932831,1.)
    ,(1.,0.985270679472,1.)
    ,(1.,0.999968249816,1.)
,(1.,1.,1.))) REPRESENTATION_ITEM('') SURFACE() );
#10475 = CARTESIAN_POINT('',(24.48100406741,-53.34514800077,
    52.659326990591));
#10476 = CARTESIAN_POINT('',(24.44226018475,-53.28701050519,
    52.338844993428));
#10477 = CARTESIAN_POINT('',(24.170519546377,-53.31363497835,
    52.520608384205));
#10478 = CARTESIAN_POINT('',(24.470897311565,-53.76597469712,
    52.575725836663));
#10479 = CARTESIAN_POINT('',(24.424745946451,-53.66132639052,
    52.298849936162));
#10480 = CARTESIAN_POINT('',(24.170781311165,-53.72042713972,
    52.44164842318));
#10481 = CARTESIAN_POINT('',(24.449142805459,-54.17288264172,
    52.446527716599));
#10482 = CARTESIAN_POINT('',(24.397043920479,-54.06221381291,
    52.223346278168));
#10483 = CARTESIAN_POINT('',(24.166151029302,-54.11640946736,
    52.320092348783));
#10484 = CARTESIAN_POINT('',(24.361132685959,-54.97462556598,
    52.163699478297));
#10485 = CARTESIAN_POINT('',(24.299980273053,-54.8792920929,
    52.014142411906));
#10486 = CARTESIAN_POINT('',(24.121135475897,-54.90524421245,
    52.056473267486));
#10487 = CARTESIAN_POINT('',(24.295190717235,-55.36924721921,
    52.00902501237));
#10488 = CARTESIAN_POINT('',(24.235532528543,-55.28942182733,
    51.88997711048));
#10489 = CARTESIAN_POINT('',(24.081051466401,-55.29789154083,
    51.913351649148));
#10490 = CARTESIAN_POINT('',(24.109509068854,-56.15363606276,
    51.704969067528));
#10491 = CARTESIAN_POINT('',(24.056552982807,-56.09134774168,
    51.63730327082));
#10492 = CARTESIAN_POINT('',(23.951958220335,-56.08786851636,
    51.634578330619));
#10493 = CARTESIAN_POINT('',(23.989305319969,-56.54459845657,
    51.554595727115));
#10494 = CARTESIAN_POINT('',(23.942898834767,-56.50016623916,
    51.504864326529));
#10495 = CARTESIAN_POINT('',(23.862595978291,-56.48642793432,
    51.497984392189));
#10496 = CARTESIAN_POINT('',(23.693536825045,-57.3126548745,
    51.285490770261));
#10497 = CARTESIAN_POINT('',(23.667807740614,-57.28443190872,
    51.269178832431));
#10498 = CARTESIAN_POINT('',(23.62959452299,-57.27788965968,
    51.256922559888));
#10499 = CARTESIAN_POINT('',(23.517895329669,-57.69113805383,
    51.165631535037));
#10500 = CARTESIAN_POINT('',(23.501922895664,-57.68167574031,
    51.158495366968));
#10501 = CARTESIAN_POINT('',(23.48598778414,-57.67213940072,
    51.151375847719));
#10502 = CARTESIAN_POINT('',(23.311299155844,-58.0659357954,
    51.07332827553));
#10503 = CARTESIAN_POINT('',(23.311299155844,-58.0659357954,
    51.07332827553));
#10504 = CARTESIAN_POINT('',(23.311299155844,-58.0659357954,
    51.07332827553));
#10505 = ADVANCED_FACE('',(#10506),#10517,.T.);
#10506 = FACE_BOUND('',#10507,.T.);
#10507 = EDGE_LOOP('',(#10508,#10509,#10510));
#10508 = ORIENTED_EDGE('',*,*,#7402,.F.);
#10509 = ORIENTED_EDGE('',*,*,#10435,.T.);
#10510 = ORIENTED_EDGE('',*,*,#10511,.F.);
#10511 = EDGE_CURVE('',#7403,#10427,#10512,.T.);
#10512 = CIRCLE('',#10513,2.);
#10513 = AXIS2_PLACEMENT_3D('',#10514,#10515,#10516);
#10514 = CARTESIAN_POINT('',(25.289821490565,-53.62876520247,
    54.147831816802));
#10515 = DIRECTION('',(-0.167774249474,-0.982971538593,
    -7.495835863039E-02));
#10516 = DIRECTION('',(0.985744769042,-0.16824758633,3.115042945812E-14)
  );
#10517 = ( BOUNDED_SURFACE() B_SPLINE_SURFACE(3,2,(
    (#10518,#10519,#10520)
    ,(#10521,#10522,#10523)
    ,(#10524,#10525,#10526)
    ,(#10527,#10528,#10529
)),.UNSPECIFIED.,.F.,.F.,.F.) B_SPLINE_SURFACE_WITH_KNOTS((4,4),(3,3),(
    7.3672610873E-03,8.12323786846E-03),(0.912224707972,1.),
.PIECEWISE_BEZIER_KNOTS.) GEOMETRIC_REPRESENTATION_ITEM() 
RATIONAL_B_SPLINE_SURFACE((
    (0.975323609868,0.986474609865,1.)
    ,(0.975336946204,0.986481919652,1.)
    ,(0.975344243934,0.986485919615,1.)
,(0.975345514348,0.986486615942,1.
  ))) REPRESENTATION_ITEM('') SURFACE() );
#10518 = CARTESIAN_POINT('',(24.318207103992,-52.51605834237,
    52.586416184947));
#10519 = CARTESIAN_POINT('',(24.241443600223,-52.50563904312,
    52.641249018999));
#10520 = CARTESIAN_POINT('',(24.170012150001,-52.49691043133,
    52.703129518784));
#10521 = CARTESIAN_POINT('',(24.265712472182,-52.78178286616,
    52.562421409517));
#10522 = CARTESIAN_POINT('',(24.188857207705,-52.77184362674,
    52.617175095068));
#10523 = CARTESIAN_POINT('',(24.117344658054,-52.76351624445,
    52.678981437174));
#10524 = CARTESIAN_POINT('',(24.216806328707,-53.04768117049,
    52.54027487742));
#10525 = CARTESIAN_POINT('',(24.139864711947,-53.03822088779,
    52.594969097228));
#10526 = CARTESIAN_POINT('',(24.068277640321,-53.03029359995,
    52.656721382369));
#10527 = CARTESIAN_POINT('',(24.171440322913,-53.3137422841,
    52.519954633242));
#10528 = CARTESIAN_POINT('',(24.094416887457,-53.30476361839,
    52.574608661234));
#10529 = CARTESIAN_POINT('',(24.022760868271,-53.29723973324,
    52.636326526475));
#10530 = ADVANCED_FACE('',(#10531),#10544,.T.);
#10531 = FACE_BOUND('',#10532,.T.);
#10532 = EDGE_LOOP('',(#10533,#10534,#10535,#10542,#10543));
#10533 = ORIENTED_EDGE('',*,*,#10460,.T.);
#10534 = ORIENTED_EDGE('',*,*,#10020,.F.);
#10535 = ORIENTED_EDGE('',*,*,#10536,.F.);
#10536 = EDGE_CURVE('',#8967,#10021,#10537,.T.);
#10537 = CIRCLE('',#10538,2.);
#10538 = AXIS2_PLACEMENT_3D('',#10539,#10540,#10541);
#10539 = CARTESIAN_POINT('',(17.777850137578,-59.46842606017,
    50.791625221235));
#10540 = DIRECTION('',(-0.913018041887,-2.122880919363E-14,
    -0.407919177275));
#10541 = DIRECTION('',(-0.407919177275,-1.577721810442E-30,
    0.913018041887));
#10542 = ORIENTED_EDGE('',*,*,#8975,.F.);
#10543 = ORIENTED_EDGE('',*,*,#10511,.T.);
#10544 = ( BOUNDED_SURFACE() B_SPLINE_SURFACE(3,2,(
    (#10545,#10546,#10547)
    ,(#10548,#10549,#10550)
    ,(#10551,#10552,#10553)
    ,(#10554,#10555,#10556)
    ,(#10557,#10558,#10559)
    ,(#10560,#10561,#10562)
    ,(#10563,#10564,#10565)
    ,(#10566,#10567,#10568)
    ,(#10569,#10570,#10571)
    ,(#10572,#10573,#10574)
    ,(#10575,#10576,#10577)
    ,(#10578,#10579,#10580)
    ,(#10581,#10582,#10583)
    ,(#10584,#10585,#10586)
    ,(#10587,#10588,#10589)
    ,(#10590,#10591,#10592
)),.UNSPECIFIED.,.F.,.F.,.F.) B_SPLINE_SURFACE_WITH_KNOTS((4,2,2,2,2,2,2
    ,4),(3,3),(4.770489558936E-18,2.723685902934E-03,4.0855288544E-03,
    5.447371805867E-03,6.809214757334E-03,8.171057708801E-03,
    9.532900660267E-03,1.089474361173E-02),(0.,1.),.UNSPECIFIED.) 
GEOMETRIC_REPRESENTATION_ITEM() RATIONAL_B_SPLINE_SURFACE((
    (1.,0.707106781187,1.)
    ,(1.,0.730161588205,1.)
    ,(1.,0.749577326025,1.)
    ,(1.,0.774625361745,1.)
    ,(1.,0.782353259813,1.)
    ,(1.,0.796234093604,1.)
    ,(1.,0.802425482321,1.)
    ,(1.,0.81359026036,1.)
    ,(1.,0.818590527629,1.)
    ,(1.,0.827208679455,1.)
    ,(1.,0.830868892871,1.)
    ,(1.,0.837115842817,1.)
    ,(1.,0.839707751091,1.)
    ,(1.,0.843692279956,1.)
    ,(1.,0.845126297938,1.)
,(1.,0.846045695256,1.))) REPRESENTATION_ITEM('') SURFACE() );
#10545 = CARTESIAN_POINT('',(17.777850137578,-57.46842606017,
    50.791625221234));
#10546 = CARTESIAN_POINT('',(18.593688492129,-57.46842606017,
    48.965589137461));
#10547 = CARTESIAN_POINT('',(18.593688492129,-59.46842606017,
    48.965589137461));
#10548 = CARTESIAN_POINT('',(18.535938664057,-57.46842606017,
    50.987516499561));
#10549 = CARTESIAN_POINT('',(19.276297194903,-57.59468913652,
    49.270565783733));
#10550 = CARTESIAN_POINT('',(19.433796577378,-59.46842606219,
    49.340933526328));
#10551 = CARTESIAN_POINT('',(19.252817906986,-57.3962624482,
    51.18079425912));
#10552 = CARTESIAN_POINT('',(19.979224415578,-57.62052963995,
    49.584620359245));
#10553 = CARTESIAN_POINT('',(20.258802617676,-59.36739700505,
    49.709530607401));
#10554 = CARTESIAN_POINT('',(20.276310360304,-57.14885291139,
    51.469893176863));
#10555 = CARTESIAN_POINT('',(21.013638435752,-57.46272939348,
    50.046776961537));
#10556 = CARTESIAN_POINT('',(21.466777625134,-59.02102365106,
    50.249230973226));
#10557 = CARTESIAN_POINT('',(20.611627965688,-57.04165651203,
    51.566898515547));
#10558 = CARTESIAN_POINT('',(21.35484070606,-57.3787277244,
    50.199219676802));
#10559 = CARTESIAN_POINT('',(21.867953878137,-58.87094869299,
    50.428468928622));
#10560 = CARTESIAN_POINT('',(21.245759065106,-56.78016880736,
    51.754217707525));
#10561 = CARTESIAN_POINT('',(22.006445675772,-57.14673704169,
    50.490344442091));
#10562 = CARTESIAN_POINT('',(22.634547688497,-58.50486590601,
    50.770968531127));
#10563 = CARTESIAN_POINT('',(21.545788597921,-56.62615757384,
    51.844827180006));
#10564 = CARTESIAN_POINT('',(22.319479208396,-56.9999921191,
    50.6302018986));
#10565 = CARTESIAN_POINT('',(23.001308995692,-58.28925017991,
    50.934830540227));
#10566 = CARTESIAN_POINT('',(22.11201814038,-56.26753639515,
    52.01876247367));
#10567 = CARTESIAN_POINT('',(22.914151629959,-56.6414442793,
    50.89589027915));
#10568 = CARTESIAN_POINT('',(23.698872255295,-57.78718052854,
    51.246488599433));
#10569 = CARTESIAN_POINT('',(22.380190309019,-56.0604778233,
    52.102766103632));
#10570 = CARTESIAN_POINT('',(23.199383390243,-56.42723836449,
    51.023326430076));
#10571 = CARTESIAN_POINT('',(24.03222278038,-57.49729852855,
    51.395423303567));
#10572 = CARTESIAN_POINT('',(22.860226976529,-55.60779326164,
    52.255097346166));
#10573 = CARTESIAN_POINT('',(23.712079352434,-55.94798842441,
    51.252389280417));
#10574 = CARTESIAN_POINT('',(24.632286650371,-56.86354014223,
    51.663520481201));
#10575 = CARTESIAN_POINT('',(23.074595203471,-55.36124962734,
    52.324246024881));
#10576 = CARTESIAN_POINT('',(23.943412436073,-55.68200790375,
    51.355744522951));
#10577 = CARTESIAN_POINT('',(24.902139709567,-56.51837905462,
    51.784085719611));
#10578 = CARTESIAN_POINT('',(23.451084485141,-54.82533126945,
    52.446804314813));
#10579 = CARTESIAN_POINT('',(24.350448716334,-55.09712168367,
    51.53760062759));
#10580 = CARTESIAN_POINT('',(25.377860304408,-55.76809335274,
    51.996628675783));
#10581 = CARTESIAN_POINT('',(23.613616042331,-54.53312732698,
    52.50035407716));
#10582 = CARTESIAN_POINT('',(24.527617528861,-54.77457021028,
    51.616756299144));
#10583 = CARTESIAN_POINT('',(25.584265194501,-55.35900783367,
    52.088846473339));
#10584 = CARTESIAN_POINT('',(23.867871277289,-53.93217383411,
    52.584564200783));
#10585 = CARTESIAN_POINT('',(24.804765009936,-54.10759789523,
    51.740580547162));
#10586 = CARTESIAN_POINT('',(25.907830956994,-54.51767294372,
    52.233409530777));
#10587 = CARTESIAN_POINT('',(23.962294608787,-53.62054381669,
    52.616102236296));
#10588 = CARTESIAN_POINT('',(24.908349890007,-53.75936523562,
    51.786860310665));
#10589 = CARTESIAN_POINT('',(26.028406363969,-54.08138514629,
    52.287280340066));
#10590 = CARTESIAN_POINT('',(24.022760868271,-53.29723973324,
    52.636326526475));
#10591 = CARTESIAN_POINT('',(24.974631158317,-53.39718615536,
    51.816473526617));
#10592 = CARTESIAN_POINT('',(26.105659845138,-53.62876520247,
    52.32179573301));
#10593 = ADVANCED_FACE('',(#10594),#10617,.T.);
#10594 = FACE_BOUND('',#10595,.T.);
#10595 = EDGE_LOOP('',(#10596,#10597,#10608,#10615,#10616));
#10596 = ORIENTED_EDGE('',*,*,#4021,.F.);
#10597 = ORIENTED_EDGE('',*,*,#10598,.T.);
#10598 = EDGE_CURVE('',#4013,#10599,#10601,.T.);
#10599 = VERTEX_POINT('',#10600);
#10600 = CARTESIAN_POINT('',(14.405909936752,-57.92458428217,
    47.104535662988));
#10601 = B_SPLINE_CURVE_WITH_KNOTS('',3,(#10602,#10603,#10604,#10605,
    #10606,#10607),.UNSPECIFIED.,.F.,.F.,(4,2,4),(-9.820723897256E-06,
    3.579146835893E-04,7.256500910759E-04),.UNSPECIFIED.);
#10602 = CARTESIAN_POINT('',(13.767775979721,-58.27476822951,47.));
#10603 = CARTESIAN_POINT('',(13.875974388895,-58.2171605882,47.));
#10604 = CARTESIAN_POINT('',(13.984885711841,-58.15834550232,
    47.008899309117));
#10605 = CARTESIAN_POINT('',(14.197626458493,-58.04160759629,
    47.04376709901));
#10606 = CARTESIAN_POINT('',(14.302525613348,-57.98313833173,
    47.069729918506));
#10607 = CARTESIAN_POINT('',(14.405909936752,-57.92458428217,
    47.104535662988));
#10608 = ORIENTED_EDGE('',*,*,#10609,.F.);
#10609 = EDGE_CURVE('',#10043,#10599,#10610,.T.);
#10610 = B_SPLINE_CURVE_WITH_KNOTS('',3,(#10611,#10612,#10613,#10614),
  .UNSPECIFIED.,.F.,.F.,(4,4),(-9.69069884289E-06,3.87737990027E-04),
  .PIECEWISE_BEZIER_KNOTS.);
#10611 = CARTESIAN_POINT('',(14.583614334272,-58.27476822951,
    47.173963916226));
#10612 = CARTESIAN_POINT('',(14.524619226009,-58.15911877779,
    47.147606018658));
#10613 = CARTESIAN_POINT('',(14.464954377025,-58.04176297806,
    47.124413780226));
#10614 = CARTESIAN_POINT('',(14.405909936752,-57.92458428217,
    47.104535662988));
#10615 = ORIENTED_EDGE('',*,*,#10042,.F.);
#10616 = ORIENTED_EDGE('',*,*,#10005,.F.);
#10617 = CYLINDRICAL_SURFACE('',#10618,2.);
#10618 = AXIS2_PLACEMENT_3D('',#10619,#10620,#10621);
#10619 = CARTESIAN_POINT('',(13.767775979721,-57.46842606017,49.));
#10620 = DIRECTION('',(-1.214579662565E-13,-1.,0.));
#10621 = DIRECTION('',(1.,-1.214579662565E-13,0.));
#10622 = ADVANCED_FACE('',(#10623),#10635,.T.);
#10623 = FACE_BOUND('',#10624,.T.);
#10624 = EDGE_LOOP('',(#10625,#10626,#10627,#10634));
#10625 = ORIENTED_EDGE('',*,*,#10536,.T.);
#10626 = ORIENTED_EDGE('',*,*,#10059,.F.);
#10627 = ORIENTED_EDGE('',*,*,#10628,.F.);
#10628 = EDGE_CURVE('',#9021,#10051,#10629,.T.);
#10629 = CIRCLE('',#10630,2.);
#10630 = AXIS2_PLACEMENT_3D('',#10631,#10632,#10633);
#10631 = CARTESIAN_POINT('',(17.67755738187,-59.46842606017,
    50.746816316571));
#10632 = DIRECTION('',(-0.913018041887,-2.264406313987E-14,
    -0.407919177275));
#10633 = DIRECTION('',(-0.407919177275,1.577721810442E-29,0.913018041887
    ));
#10634 = ORIENTED_EDGE('',*,*,#9020,.F.);
#10635 = CYLINDRICAL_SURFACE('',#10636,2.);
#10636 = AXIS2_PLACEMENT_3D('',#10637,#10638,#10639);
#10637 = CARTESIAN_POINT('',(-15.95850970841,-59.46842606017,
    35.718858286414));
#10638 = DIRECTION('',(-0.913018041887,-2.212472806941E-14,
    -0.407919177275));
#10639 = DIRECTION('',(-0.407919177275,-9.466330862652E-30,
    0.913018041887));
#10640 = ADVANCED_FACE('',(#10641),#10660,.T.);
#10641 = FACE_BOUND('',#10642,.T.);
#10642 = EDGE_LOOP('',(#10643,#10644,#10657,#10658,#10659));
#10643 = ORIENTED_EDGE('',*,*,#10609,.T.);
#10644 = ORIENTED_EDGE('',*,*,#10645,.T.);
#10645 = EDGE_CURVE('',#10599,#10248,#10646,.T.);
#10646 = B_SPLINE_CURVE_WITH_KNOTS('',3,(#10647,#10648,#10649,#10650,
    #10651,#10652,#10653,#10654,#10655,#10656),.UNSPECIFIED.,.F.,.F.,(4,
    2,2,2,4),(1.699674944388E-17,6.241016418114E-04,1.248203283623E-03,
    1.872304925434E-03,2.496406567245E-03),.UNSPECIFIED.);
#10647 = CARTESIAN_POINT('',(14.405909936752,-57.92458428217,
    47.104535662988));
#10648 = CARTESIAN_POINT('',(14.50733536898,-57.75217593369,
    47.17187592365));
#10649 = CARTESIAN_POINT('',(14.595623835983,-57.59033853202,
    47.268291230189));
#10650 = CARTESIAN_POINT('',(14.746407406844,-57.28744182753,
    47.518245951177));
#10651 = CARTESIAN_POINT('',(14.805727641064,-57.15255132231,
    47.667199486541));
#10652 = CARTESIAN_POINT('',(14.890651654836,-56.92018478249,
    48.005945629119));
#10653 = CARTESIAN_POINT('',(14.915202417892,-56.8253029146,
    48.192435914945));
#10654 = CARTESIAN_POINT('',(14.927616212959,-56.6832785529,
    48.58575537216));
#10655 = CARTESIAN_POINT('',(14.914953893313,-56.63607990371,
    48.79515384386));
#10656 = CARTESIAN_POINT('',(14.884856380335,-56.61581332398,49.));
#10657 = ORIENTED_EDGE('',*,*,#10256,.F.);
#10658 = ORIENTED_EDGE('',*,*,#10628,.T.);
#10659 = ORIENTED_EDGE('',*,*,#10050,.F.);
#10660 = ( BOUNDED_SURFACE() B_SPLINE_SURFACE(3,2,(
    (#10661,#10662,#10663)
    ,(#10664,#10665,#10666)
    ,(#10667,#10668,#10669)
    ,(#10670,#10671,#10672)
    ,(#10673,#10674,#10675)
    ,(#10676,#10677,#10678
)),.UNSPECIFIED.,.F.,.F.,.F.) B_SPLINE_SURFACE_WITH_KNOTS((4,2,4),(3,3),
  (4.068324433764,4.390356707074,4.712388980385),(0.,1.),.UNSPECIFIED.) 
GEOMETRIC_REPRESENTATION_ITEM() RATIONAL_B_SPLINE_SURFACE((
    (1.,0.788966202439,1.)
    ,(1.,0.777875704451,1.)
    ,(1.,0.765187285239,1.)
    ,(1.,0.737546481156,1.)
    ,(1.,0.722593471864,1.)
,(1.,0.707106781187,1.))) REPRESENTATION_ITEM('') SURFACE() );
#10661 = CARTESIAN_POINT('',(14.675304106873,-56.46673511185,
    48.868926415589));
#10662 = CARTESIAN_POINT('',(15.094358150631,-56.78139472396,
    47.402154584767));
#10663 = CARTESIAN_POINT('',(14.290241151425,-58.06605873253,
    47.042890331816));
#10664 = CARTESIAN_POINT('',(15.104500830191,-56.78901066673,
    49.137386175117));
#10665 = CARTESIAN_POINT('',(15.610186125204,-57.09736581792,
    47.632616758933));
#10666 = CARTESIAN_POINT('',(14.891136767043,-58.51725967937,
    47.311359117651));
#10667 = CARTESIAN_POINT('',(15.585952409208,-57.04152757709,
    49.438531007095));
#10668 = CARTESIAN_POINT('',(16.176106868837,-57.3145914488,
    47.885459434074));
#10669 = CARTESIAN_POINT('',(15.565148774694,-58.87076818386,
    47.612494923321));
#10670 = CARTESIAN_POINT('',(16.604212199604,-57.38126627388,
    50.075445884625));
#10671 = CARTESIAN_POINT('',(17.335739639163,-57.54632252689,
    48.40356140349));
#10672 = CARTESIAN_POINT('',(16.990712481249,-59.34640235936,
    48.249409800852));
#10673 = CARTESIAN_POINT('',(17.140793038265,-57.46842606017,
    50.41107371002));
#10674 = CARTESIAN_POINT('',(17.933173535958,-57.55413171123,
    48.670483558871));
#10675 = CARTESIAN_POINT('',(17.741925655372,-59.46842606017,
    48.585037626249));
#10676 = CARTESIAN_POINT('',(17.677557381869,-57.46842606017,
    50.74681631657));
#10677 = CARTESIAN_POINT('',(18.49339573642,-57.46842606017,
    48.920780232797));
#10678 = CARTESIAN_POINT('',(18.49339573642,-59.46842606017,
    48.920780232797));
#10679 = ADVANCED_FACE('',(#10680),#10700,.T.);
#10680 = FACE_BOUND('',#10681,.T.);
#10681 = EDGE_LOOP('',(#10682,#10691,#10698,#10699));
#10682 = ORIENTED_EDGE('',*,*,#10683,.F.);
#10683 = EDGE_CURVE('',#10684,#7913,#10686,.T.);
#10684 = VERTEX_POINT('',#10685);
#10685 = CARTESIAN_POINT('',(-24.49480694123,-52.54014486109,
    52.848230660094));
#10686 = CIRCLE('',#10687,0.2);
#10687 = AXIS2_PLACEMENT_3D('',#10688,#10689,#10690);
#10688 = CARTESIAN_POINT('',(-24.29487231818,-52.54014486109,
    52.853344025355));
#10689 = DIRECTION('',(6.2024245846E-03,-0.970127259744,-0.242517277385)
  );
#10690 = DIRECTION('',(-6.225488874412E-16,0.242521942348,
    -0.970145920715));
#10691 = ORIENTED_EDGE('',*,*,#10692,.F.);
#10692 = EDGE_CURVE('',#4351,#10684,#10693,.T.);
#10693 = B_SPLINE_CURVE_WITH_KNOTS('',3,(#10694,#10695,#10696,#10697),
  .UNSPECIFIED.,.F.,.F.,(4,4),(0.,1.867397384227E-04),
  .PIECEWISE_BEZIER_KNOTS.);
#10694 = CARTESIAN_POINT('',(-24.4954607107,-52.36054349122,
    52.899364312706));
#10695 = CARTESIAN_POINT('',(-24.4954607107,-52.4202984387,
    52.881929207088));
#10696 = CARTESIAN_POINT('',(-24.49523298798,-52.48017031431,
    52.864889257833));
#10697 = CARTESIAN_POINT('',(-24.49480694123,-52.54014486109,
    52.848230660094));
#10698 = ORIENTED_EDGE('',*,*,#9867,.F.);
#10699 = ORIENTED_EDGE('',*,*,#7921,.F.);
#10700 = ( BOUNDED_SURFACE() B_SPLINE_SURFACE(3,2,(
    (#10701,#10702,#10703)
    ,(#10704,#10705,#10706)
    ,(#10707,#10708,#10709)
    ,(#10710,#10711,#10712
)),.UNSPECIFIED.,.F.,.F.,.F.) B_SPLINE_SURFACE_WITH_KNOTS((4,4),(3,3),(
    -5.193328406206E-17,1.854045984214E-04),(0.,1.),
.PIECEWISE_BEZIER_KNOTS.) GEOMETRIC_REPRESENTATION_ITEM() 
RATIONAL_B_SPLINE_SURFACE((
    (1.,0.432380144254,1.)
    ,(1.,0.435610348675,1.)
    ,(1.,0.438763686606,1.)
,(1.,0.441843980925,1.))) REPRESENTATION_ITEM('') SURFACE() );
#10701 = CARTESIAN_POINT('',(-24.17024174635,-52.32093425086,
    52.748528908878));
#10702 = CARTESIAN_POINT('',(-24.4954607107,-52.2546095736,
    52.495958816915));
#10703 = CARTESIAN_POINT('',(-24.4954607107,-52.36054349122,
    52.899364312706));
#10704 = CARTESIAN_POINT('',(-24.17004370544,-52.38109124971,
    52.732896143042));
#10705 = CARTESIAN_POINT('',(-24.49196883797,-52.31652430503,
    52.48190182543));
#10706 = CARTESIAN_POINT('',(-24.4954607107,-52.42031975125,
    52.88192298897));
#10707 = CARTESIAN_POINT('',(-24.16964429223,-52.44134158338,
    52.717624246269));
#10708 = CARTESIAN_POINT('',(-24.48838921048,-52.37888581201,
    52.468051082009));
#10709 = CARTESIAN_POINT('',(-24.49523286091,-52.48018820118,
    52.864884289226));
#10710 = CARTESIAN_POINT('',(-24.16907008574,-52.50168120645,
    52.702697599623));
#10711 = CARTESIAN_POINT('',(-24.48473522405,-52.44163432906,
    52.454422497403));
#10712 = CARTESIAN_POINT('',(-24.49480694124,-52.54014486109,
    52.848230660094));
#10713 = ADVANCED_FACE('',(#10714),#10742,.T.);
#10714 = FACE_BOUND('',#10715,.T.);
#10715 = EDGE_LOOP('',(#10716,#10725,#10726,#10735));
#10716 = ORIENTED_EDGE('',*,*,#10717,.F.);
#10717 = EDGE_CURVE('',#10684,#10718,#10720,.T.);
#10718 = VERTEX_POINT('',#10719);
#10719 = CARTESIAN_POINT('',(-24.48100399043,-53.34514799122,
    52.659327056651));
#10720 = B_SPLINE_CURVE_WITH_KNOTS('',3,(#10721,#10722,#10723,#10724),
  .UNSPECIFIED.,.F.,.F.,(4,4),(0.,8.269855696211E-04),
  .PIECEWISE_BEZIER_KNOTS.);
#10721 = CARTESIAN_POINT('',(-24.49480694123,-52.54014486109,
    52.848230660094));
#10722 = CARTESIAN_POINT('',(-24.49291853831,-52.80597510487,
    52.774393351844));
#10723 = CARTESIAN_POINT('',(-24.48749969582,-53.07467862184,
    52.713058316464));
#10724 = CARTESIAN_POINT('',(-24.48100399043,-53.34514799122,
    52.659327056651));
#10725 = ORIENTED_EDGE('',*,*,#10683,.T.);
#10726 = ORIENTED_EDGE('',*,*,#10727,.F.);
#10727 = EDGE_CURVE('',#10728,#7913,#10730,.T.);
#10728 = VERTEX_POINT('',#10729);
#10729 = CARTESIAN_POINT('',(-24.17051945865,-53.31363496772,
    52.520608445669));
#10730 = B_SPLINE_CURVE_WITH_KNOTS('',3,(#10731,#10732,#10733,#10734),
  .UNSPECIFIED.,.F.,.F.,(4,4),(0.,8.321222693203E-04),
  .PIECEWISE_BEZIER_KNOTS.);
#10731 = CARTESIAN_POINT('',(-24.17051945865,-53.31363496772,
    52.520608445669));
#10732 = CARTESIAN_POINT('',(-24.17226360853,-53.04094209553,
    52.572218777818));
#10733 = CARTESIAN_POINT('',(-24.17258249183,-52.76992184768,
    52.631276164572));
#10734 = CARTESIAN_POINT('',(-24.16907008574,-52.50168120645,
    52.702697599623));
#10735 = ORIENTED_EDGE('',*,*,#10736,.F.);
#10736 = EDGE_CURVE('',#10718,#10728,#10737,.T.);
#10737 = CIRCLE('',#10738,0.2);
#10738 = AXIS2_PLACEMENT_3D('',#10739,#10740,#10741);
#10739 = CARTESIAN_POINT('',(-24.28244966246,-53.34514799122,
    52.683330782256));
#10740 = DIRECTION('',(2.127254903766E-02,-0.984166988347,
    -0.175962546312));
#10741 = DIRECTION('',(-5.748006237649E-15,0.176002373233,
    -0.984389742234));
#10742 = ( BOUNDED_SURFACE() B_SPLINE_SURFACE(3,2,(
    (#10743,#10744,#10745)
    ,(#10746,#10747,#10748)
    ,(#10749,#10750,#10751)
    ,(#10752,#10753,#10754
)),.UNSPECIFIED.,.F.,.F.,.F.) B_SPLINE_SURFACE_WITH_KNOTS((4,4),(3,3),(
    -4.011548038196E-18,8.22854096861E-04),(0.,1.),
.PIECEWISE_BEZIER_KNOTS.) GEOMETRIC_REPRESENTATION_ITEM() 
RATIONAL_B_SPLINE_SURFACE((
    (1.,0.441843980925,1.)
    ,(1.,0.473024966085,1.)
    ,(1.,0.498510319083,1.)
,(1.,0.520597204175,1.))) REPRESENTATION_ITEM('') SURFACE() );
#10743 = CARTESIAN_POINT('',(-24.16907008574,-52.50168120645,
    52.702697599623));
#10744 = CARTESIAN_POINT('',(-24.48473522405,-52.44163432906,
    52.454422497403));
#10745 = CARTESIAN_POINT('',(-24.49480694124,-52.54014486109,
    52.848230660094));
#10746 = CARTESIAN_POINT('',(-24.17258820798,-52.77035889,
    52.631159803696));
#10747 = CARTESIAN_POINT('',(-24.47012751008,-52.70899221325,
    52.415327932447));
#10748 = CARTESIAN_POINT('',(-24.4929155412,-52.80639703926,
    52.774276163533));
#10749 = CARTESIAN_POINT('',(-24.17226087984,-53.04136910406,
    52.572137959739));
#10750 = CARTESIAN_POINT('',(-24.45586045465,-52.9954151342,
    52.375403427937));
#10751 = CARTESIAN_POINT('',(-24.48748977583,-53.07509165731,
    52.712976260189));
#10752 = CARTESIAN_POINT('',(-24.17051945865,-53.31363496772,
    52.520608445669));
#10753 = CARTESIAN_POINT('',(-24.44226012116,-53.28701048288,
    52.338845017597));
#10754 = CARTESIAN_POINT('',(-24.48100399043,-53.34514799122,
    52.659327056651));
#10755 = ADVANCED_FACE('',(#10756),#10778,.T.);
#10756 = FACE_BOUND('',#10757,.T.);
#10757 = EDGE_LOOP('',(#10758,#10759,#10760,#10775,#10776,#10777));
#10758 = ORIENTED_EDGE('',*,*,#10692,.T.);
#10759 = ORIENTED_EDGE('',*,*,#10717,.T.);
#10760 = ORIENTED_EDGE('',*,*,#10761,.F.);
#10761 = EDGE_CURVE('',#10144,#10718,#10762,.T.);
#10762 = B_SPLINE_CURVE_WITH_KNOTS('',3,(#10763,#10764,#10765,#10766,
    #10767,#10768,#10769,#10770,#10771,#10772,#10773,#10774),
  .UNSPECIFIED.,.F.,.F.,(4,2,2,2,2,4),(-9.642124734858E-06,
    6.362253058833E-04,1.282092736501E-03,2.573827597738E-03,
    3.865562458974E-03,5.157297320211E-03),.UNSPECIFIED.);
#10763 = CARTESIAN_POINT('',(-23.31129906422,-58.06593586342,
    51.073328228472));
#10764 = CARTESIAN_POINT('',(-23.41289086652,-57.88163081129,
    51.118717522492));
#10765 = CARTESIAN_POINT('',(-23.50853636581,-57.69343236717,
    51.171732578842));
#10766 = CARTESIAN_POINT('',(-23.68393637247,-57.31720031355,
    51.287359569471));
#10767 = CARTESIAN_POINT('',(-23.7645226805,-57.12776212186,
    51.350366125662));
#10768 = CARTESIAN_POINT('',(-23.98588284234,-56.55456219188,
    51.550922049881));
#10769 = CARTESIAN_POINT('',(-24.10647999806,-56.16425239965,
    51.700872832742));
#10770 = CARTESIAN_POINT('',(-24.29301558755,-55.38055476994,
    52.004623324204));
#10771 = CARTESIAN_POINT('',(-24.35952897227,-54.98584159495,
    52.159470489699));
#10772 = CARTESIAN_POINT('',(-24.44857514321,-54.1813639043,
    52.443801620375));
#10773 = CARTESIAN_POINT('',(-24.47075314015,-53.77197477127,
    52.574533940645));
#10774 = CARTESIAN_POINT('',(-24.48100399043,-53.34514799122,
    52.659327056651));
#10775 = ORIENTED_EDGE('',*,*,#10143,.F.);
#10776 = ORIENTED_EDGE('',*,*,#10093,.F.);
#10777 = ORIENTED_EDGE('',*,*,#4359,.F.);
#10778 = CYLINDRICAL_SURFACE('',#10779,2.);
#10779 = AXIS2_PLACEMENT_3D('',#10780,#10781,#10782);
#10780 = CARTESIAN_POINT('',(-22.4954607107,-59.46842606024,
    52.899364312703));
#10781 = DIRECTION('',(2.067951531383E-25,1.,-5.426512006971E-14));
#10782 = DIRECTION('',(-2.576732048677E-40,5.426512006971E-14,1.));
#10783 = ADVANCED_FACE('',(#10784),#10795,.T.);
#10784 = FACE_BOUND('',#10785,.T.);
#10785 = EDGE_LOOP('',(#10786,#10787,#10788));
#10786 = ORIENTED_EDGE('',*,*,#10727,.T.);
#10787 = ORIENTED_EDGE('',*,*,#7912,.F.);
#10788 = ORIENTED_EDGE('',*,*,#10789,.F.);
#10789 = EDGE_CURVE('',#10728,#7902,#10790,.T.);
#10790 = CIRCLE('',#10791,2.);
#10791 = AXIS2_PLACEMENT_3D('',#10792,#10793,#10794);
#10792 = CARTESIAN_POINT('',(-25.28982149676,-53.62876520277,
    54.14783181154));
#10793 = DIRECTION('',(0.167774249577,-0.982971538582,
    -7.495835855667E-02));
#10794 = DIRECTION('',(0.985744769025,0.168247586432,-1.111090386363E-14
    ));
#10795 = ( BOUNDED_SURFACE() B_SPLINE_SURFACE(3,2,(
    (#10796,#10797,#10798)
    ,(#10799,#10800,#10801)
    ,(#10802,#10803,#10804)
    ,(#10805,#10806,#10807
)),.UNSPECIFIED.,.F.,.F.,.F.) B_SPLINE_SURFACE_WITH_KNOTS((4,4),(3,3),(
    8.622292666426E-03,9.375458744701E-03),(0.,8.777523917231E-02),
.PIECEWISE_BEZIER_KNOTS.) GEOMETRIC_REPRESENTATION_ITEM() 
RATIONAL_B_SPLINE_SURFACE((
    (1.,0.986474618013,0.975323623303)
    ,(1.,0.986481928563,0.975336961034)
    ,(1.,0.986485927828,0.97534425749)
,(1.,0.986486624083,0.975345527772
  ))) REPRESENTATION_ITEM('') SURFACE() );
#10796 = CARTESIAN_POINT('',(-24.17001215684,-52.49691042547,
    52.703129514567));
#10797 = CARTESIAN_POINT('',(-24.24144356342,-52.50563903194,
    52.64124905253));
#10798 = CARTESIAN_POINT('',(-24.31820701725,-52.51605832384,
    52.586416247468));
#10799 = CARTESIAN_POINT('',(-24.11733912331,-52.7635442899,
    52.678978892183));
#10800 = CARTESIAN_POINT('',(-24.18885163785,-52.77187162468,
    52.617172595602));
#10801 = CARTESIAN_POINT('',(-24.26570686202,-52.78181080639,
    52.562418947335));
#10802 = CARTESIAN_POINT('',(-24.0682728789,-53.03032155786,
    52.65671924162));
#10803 = CARTESIAN_POINT('',(-24.13985991402,-53.03824879861,
    52.59496699776));
#10804 = CARTESIAN_POINT('',(-24.21680148929,-53.04770902419,
    52.540272811066));
#10805 = CARTESIAN_POINT('',(-24.02276087383,-53.29723973346,
    52.63632652176));
#10806 = CARTESIAN_POINT('',(-24.09441684925,-53.30476361402,
    52.574608694171));
#10807 = CARTESIAN_POINT('',(-24.17144023459,-53.31374227339,
    52.519954695052));
#10808 = ADVANCED_FACE('',(#10809),#10828,.T.);
#10809 = FACE_BOUND('',#10810,.T.);
#10810 = EDGE_LOOP('',(#10811,#10812,#10813));
#10811 = ORIENTED_EDGE('',*,*,#10761,.T.);
#10812 = ORIENTED_EDGE('',*,*,#10736,.T.);
#10813 = ORIENTED_EDGE('',*,*,#10814,.F.);
#10814 = EDGE_CURVE('',#10144,#10728,#10815,.T.);
#10815 = B_SPLINE_CURVE_WITH_KNOTS('',3,(#10816,#10817,#10818,#10819,
    #10820,#10821,#10822,#10823,#10824,#10825,#10826,#10827),
  .UNSPECIFIED.,.F.,.F.,(4,2,2,2,2,4),(-9.642204661524E-06,
    6.250844943943E-04,1.25981119345E-03,2.529264591562E-03,
    3.798717989674E-03,5.068171387785E-03),.UNSPECIFIED.);
#10816 = CARTESIAN_POINT('',(-23.31129906422,-58.06593586342,
    51.073328228472));
#10817 = CARTESIAN_POINT('',(-23.39571959559,-57.87563398934,
    51.111045723711));
#10818 = CARTESIAN_POINT('',(-23.47425919216,-57.68189150161,
    51.156065668609));
#10819 = CARTESIAN_POINT('',(-23.61647611126,-57.29567919553,
    51.255824473472));
#10820 = CARTESIAN_POINT('',(-23.68083158294,-57.10179395091,
    51.310887500764));
#10821 = CARTESIAN_POINT('',(-23.8546573478,-56.51713205537,
    51.488031393159));
#10822 = CARTESIAN_POINT('',(-23.94495871417,-56.12186516631,
    51.622821493576));
#10823 = CARTESIAN_POINT('',(-24.07672373148,-55.33247524972,
    51.900927017733));
#10824 = CARTESIAN_POINT('',(-24.11849062874,-54.9372762661,
    52.045176461032));
#10825 = CARTESIAN_POINT('',(-24.16572806698,-54.13722041775,
    52.313691611131));
#10826 = CARTESIAN_POINT('',(-24.17078913892,-53.73274302195,
    52.439257921762));
#10827 = CARTESIAN_POINT('',(-24.17051945865,-53.31363496772,
    52.520608445669));
#10828 = ( BOUNDED_SURFACE() B_SPLINE_SURFACE(3,2,(
    (#10829,#10830,#10831)
    ,(#10832,#10833,#10834)
    ,(#10835,#10836,#10837)
    ,(#10838,#10839,#10840)
    ,(#10841,#10842,#10843)
    ,(#10844,#10845,#10846)
    ,(#10847,#10848,#10849)
    ,(#10850,#10851,#10852)
    ,(#10853,#10854,#10855)
    ,(#10856,#10857,#10858
)),.UNSPECIFIED.,.F.,.F.,.F.) B_SPLINE_SURFACE_WITH_KNOTS((4,2,2,2,4),(3
    ,3),(1.657249199884E-03,2.922043790564E-03,4.186838381245E-03,
    5.451632971925E-03,6.716427562605E-03),(0.,1.),.UNSPECIFIED.) 
GEOMETRIC_REPRESENTATION_ITEM() RATIONAL_B_SPLINE_SURFACE((
    (1.,0.520597204175,1.)
    ,(1.,0.562272401464,1.)
    ,(1.,0.621888325753,1.)
    ,(1.,0.738363031826,1.)
    ,(1.,0.79545002172,1.)
    ,(1.,0.891756236616,1.)
    ,(1.,0.931365928135,1.)
    ,(1.,0.985270678542,1.)
    ,(1.,0.999968249806,1.)
,(1.,1.,1.))) REPRESENTATION_ITEM('') SURFACE() );
#10829 = CARTESIAN_POINT('',(-24.17051945865,-53.31363496772,
    52.52060844567));
#10830 = CARTESIAN_POINT('',(-24.44226012116,-53.28701048288,
    52.338845017598));
#10831 = CARTESIAN_POINT('',(-24.48100399043,-53.34514799122,
    52.659327056652));
#10832 = CARTESIAN_POINT('',(-24.17078122734,-53.7204271359,
    52.441648474649));
#10833 = CARTESIAN_POINT('',(-24.42474588271,-53.66132636674,
    52.298849962297));
#10834 = CARTESIAN_POINT('',(-24.47089723818,-53.76597469532,
    52.575725892595));
#10835 = CARTESIAN_POINT('',(-24.16615095025,-54.11640946883,
    52.320092386266));
#10836 = CARTESIAN_POINT('',(-24.39704385759,-54.06221379893,
    52.223346300971));
#10837 = CARTESIAN_POINT('',(-24.44914273618,-54.17288264589,
    52.446527758262));
#10838 = CARTESIAN_POINT('',(-24.12113540298,-54.90524422542,
    52.056473280551));
#10839 = CARTESIAN_POINT('',(-24.29998021022,-54.87929209771,
    52.014142419563));
#10840 = CARTESIAN_POINT('',(-24.36113262115,-54.97462558246,
    52.163699494825));
#10841 = CARTESIAN_POINT('',(-24.08105139513,-55.29789155986,
    51.91335165108));
#10842 = CARTESIAN_POINT('',(-24.23553246546,-55.28942184208,
    51.889977108875));
#10843 = CARTESIAN_POINT('',(-24.29519065307,-55.36924724186,
    52.009025017336));
#10844 = CARTESIAN_POINT('',(-23.95195814884,-56.08786854889,
    51.634578313052));
#10845 = CARTESIAN_POINT('',(-24.05655291603,-56.09134777246,
    51.637303252695));
#10846 = CARTESIAN_POINT('',(-24.10950900234,-56.15363609861,
    51.704969052081));
#10847 = CARTESIAN_POINT('',(-23.86259590497,-56.486427974,
    51.497984366257));
#10848 = CARTESIAN_POINT('',(-23.9428987648,-56.50016627875,
    51.504864300178));
#10849 = CARTESIAN_POINT('',(-23.98930525053,-56.54459849915,
    51.554595702832));
#10850 = CARTESIAN_POINT('',(-23.62959444301,-57.27788971317,
    51.256922520782));
#10851 = CARTESIAN_POINT('',(-23.66780766211,-57.28443196209,
    51.269178793789));
#10852 = CARTESIAN_POINT('',(-23.69353674692,-57.31265492966,
    51.28549073194));
#10853 = CARTESIAN_POINT('',(-23.48598769922,-57.67213946128,
    51.151375803535));
#10854 = CARTESIAN_POINT('',(-23.50192281583,-57.68167580132,
    51.158495312615));
#10855 = CARTESIAN_POINT('',(-23.51789524565,-57.69113811529,
    51.165631491238));
#10856 = CARTESIAN_POINT('',(-23.31129906422,-58.06593586342,
    51.073328228472));
#10857 = CARTESIAN_POINT('',(-23.31129906422,-58.06593586342,
    51.073328228472));
#10858 = CARTESIAN_POINT('',(-23.31129906422,-58.06593586342,
    51.073328228472));
#10859 = ADVANCED_FACE('',(#10860),#10873,.T.);
#10860 = FACE_BOUND('',#10861,.T.);
#10861 = EDGE_LOOP('',(#10862,#10863,#10864,#10871,#10872));
#10862 = ORIENTED_EDGE('',*,*,#10789,.T.);
#10863 = ORIENTED_EDGE('',*,*,#8532,.F.);
#10864 = ORIENTED_EDGE('',*,*,#10865,.F.);
#10865 = EDGE_CURVE('',#10152,#8533,#10866,.T.);
#10866 = CIRCLE('',#10867,2.);
#10867 = AXIS2_PLACEMENT_3D('',#10868,#10869,#10870);
#10868 = CARTESIAN_POINT('',(-17.77785014085,-59.46842606017,
    50.79162521974));
#10869 = DIRECTION('',(0.913018042115,-2.264406311151E-14,
    -0.407919176764));
#10870 = DIRECTION('',(-0.407919176764,6.310887241768E-30,
    -0.913018042115));
#10871 = ORIENTED_EDGE('',*,*,#10151,.F.);
#10872 = ORIENTED_EDGE('',*,*,#10814,.T.);
#10873 = ( BOUNDED_SURFACE() B_SPLINE_SURFACE(3,2,(
    (#10874,#10875,#10876)
    ,(#10877,#10878,#10879)
    ,(#10880,#10881,#10882)
    ,(#10883,#10884,#10885)
    ,(#10886,#10887,#10888)
    ,(#10889,#10890,#10891)
    ,(#10892,#10893,#10894)
    ,(#10895,#10896,#10897)
    ,(#10898,#10899,#10900)
    ,(#10901,#10902,#10903)
    ,(#10904,#10905,#10906)
    ,(#10907,#10908,#10909)
    ,(#10910,#10911,#10912)
    ,(#10913,#10914,#10915)
    ,(#10916,#10917,#10918)
    ,(#10919,#10920,#10921
)),.UNSPECIFIED.,.F.,.F.,.F.) B_SPLINE_SURFACE_WITH_KNOTS((4,2,2,2,2,2,2
    ,4),(3,3),(3.469446951954E-17,2.723685903138E-03,4.085528854707E-03,
    5.447371806276E-03,6.809214757845E-03,8.171057709414E-03,
    9.532900660983E-03,1.089474361255E-02),(0.,1.),.UNSPECIFIED.) 
GEOMETRIC_REPRESENTATION_ITEM() RATIONAL_B_SPLINE_SURFACE((
    (1.,0.707106781187,1.)
    ,(1.,0.730161588208,1.)
    ,(1.,0.749577326033,1.)
    ,(1.,0.774625361759,1.)
    ,(1.,0.782353259829,1.)
    ,(1.,0.796234093626,1.)
    ,(1.,0.802425482344,1.)
    ,(1.,0.813590260387,1.)
    ,(1.,0.818590527658,1.)
    ,(1.,0.827208679486,1.)
    ,(1.,0.830868892903,1.)
    ,(1.,0.837115842851,1.)
    ,(1.,0.839707751129,1.)
    ,(1.,0.843692279991,1.)
    ,(1.,0.845126297977,1.)
,(1.,0.846045695295,1.))) REPRESENTATION_ITEM('') SURFACE() );
#10874 = CARTESIAN_POINT('',(-18.59368849438,-59.46842606017,
    48.965589135509));
#10875 = CARTESIAN_POINT('',(-18.59368849438,-57.46842606017,
    48.965589135509));
#10876 = CARTESIAN_POINT('',(-17.77785014085,-57.46842606017,
    50.79162521974));
#10877 = CARTESIAN_POINT('',(-19.43379657989,-59.46842606219,
    49.34093352393));
#10878 = CARTESIAN_POINT('',(-19.27629719741,-57.59468913653,
    49.270565781494));
#10879 = CARTESIAN_POINT('',(-18.53593866755,-57.46842606017,
    50.987516497733));
#10880 = CARTESIAN_POINT('',(-20.25880262046,-59.36739700509,
    49.709530604571));
#10881 = CARTESIAN_POINT('',(-19.97922441839,-57.62052964002,
    49.584620356614));
#10882 = CARTESIAN_POINT('',(-19.25281791072,-57.39626244823,
    51.180794256859));
#10883 = CARTESIAN_POINT('',(-21.46677762833,-59.02102365117,
    50.24923096977));
#10884 = CARTESIAN_POINT('',(-21.01363843898,-57.46272939362,
    50.0467769584));
#10885 = CARTESIAN_POINT('',(-20.27631036438,-57.14885291147,
    51.469893174061));
#10886 = CARTESIAN_POINT('',(-21.86795388148,-58.87094869315,
    50.428468924961));
#10887 = CARTESIAN_POINT('',(-21.35484070943,-57.37872772458,
    50.199219673497));
#10888 = CARTESIAN_POINT('',(-20.61162796987,-57.04165651213,
    51.566898512569));
#10889 = CARTESIAN_POINT('',(-22.63454769211,-58.50486590622,
    50.770968527071));
#10890 = CARTESIAN_POINT('',(-22.00644567941,-57.14673704193,
    50.490344438467));
#10891 = CARTESIAN_POINT('',(-21.24575906951,-56.78016880751,
    51.754217704208));
#10892 = CARTESIAN_POINT('',(-23.00130899944,-58.28925018015,
    50.934830535986));
#10893 = CARTESIAN_POINT('',(-22.31947921216,-56.99999211936,
    50.630201894826));
#10894 = CARTESIAN_POINT('',(-21.54578860243,-56.62615757401,
    51.844827176533));
#10895 = CARTESIAN_POINT('',(-23.69887225932,-57.78718052884,
    51.246488594847));
#10896 = CARTESIAN_POINT('',(-22.91415163399,-56.64144427961,
    50.89589027509));
#10897 = CARTESIAN_POINT('',(-22.1120181451,-56.26753639537,
    52.018762469902));
#10898 = CARTESIAN_POINT('',(-24.03222278454,-57.49729852887,
    51.395423298817));
#10899 = CARTESIAN_POINT('',(-23.1993833944,-56.42723836482,
    51.023326425883));
#10900 = CARTESIAN_POINT('',(-22.38019031385,-56.06047782353,
    52.102766099723));
#10901 = CARTESIAN_POINT('',(-24.63228665479,-56.86354014259,
    51.663520476163));
#10902 = CARTESIAN_POINT('',(-23.71207935682,-55.94798842476,
    51.252389275985));
#10903 = CARTESIAN_POINT('',(-22.86022698154,-55.6077932619,
    52.255097342016));
#10904 = CARTESIAN_POINT('',(-24.90213971411,-56.51837905499,
    51.784085714446));
#10905 = CARTESIAN_POINT('',(-23.94341244058,-55.68200790411,
    51.355744518413));
#10906 = CARTESIAN_POINT('',(-23.07459520858,-55.3612496276,
    52.32424602062));
#10907 = CARTESIAN_POINT('',(-25.37786030917,-55.76809335312,
    51.996628670396));
#10908 = CARTESIAN_POINT('',(-24.35044872103,-55.09712168402,
    51.53760062287));
#10909 = CARTESIAN_POINT('',(-23.45108449041,-54.82533126971,
    52.44680431037));
#10910 = CARTESIAN_POINT('',(-25.58426519936,-55.35900783404,
    52.08884646786));
#10911 = CARTESIAN_POINT('',(-24.52761753367,-54.77457021062,
    51.61675629435));
#10912 = CARTESIAN_POINT('',(-23.61361604769,-54.53312732724,
    52.500354072628));
#10913 = CARTESIAN_POINT('',(-25.90783096203,-54.51767294407,
    52.233409525156));
#10914 = CARTESIAN_POINT('',(-24.80476501488,-54.10759789554,
    51.740580542246));
#10915 = CARTESIAN_POINT('',(-23.86787128275,-53.93217383436,
    52.584564196146));
#10916 = CARTESIAN_POINT('',(-26.02840636906,-54.08138514662,
    52.287280334394));
#10917 = CARTESIAN_POINT('',(-24.90834989504,-53.75936523591,
    51.786860305722));
#10918 = CARTESIAN_POINT('',(-23.96229461433,-53.62054381693,
    52.616102231591));
#10919 = CARTESIAN_POINT('',(-26.10565985029,-53.62876520277,
    52.321795727309));
#10920 = CARTESIAN_POINT('',(-24.97463116338,-53.39718615563,
    51.816473521637));
#10921 = CARTESIAN_POINT('',(-24.02276087383,-53.29723973346,
    52.63632652176));
#10922 = ADVANCED_FACE('',(#10923),#10935,.T.);
#10923 = FACE_BOUND('',#10924,.T.);
#10924 = EDGE_LOOP('',(#10925,#10926,#10927,#10934));
#10925 = ORIENTED_EDGE('',*,*,#10865,.T.);
#10926 = ORIENTED_EDGE('',*,*,#8592,.F.);
#10927 = ORIENTED_EDGE('',*,*,#10928,.F.);
#10928 = EDGE_CURVE('',#10165,#8585,#10929,.T.);
#10929 = CIRCLE('',#10930,2.);
#10930 = AXIS2_PLACEMENT_3D('',#10931,#10932,#10933);
#10931 = CARTESIAN_POINT('',(-17.67755738187,-59.46842606017,
    50.746816313683));
#10932 = DIRECTION('',(0.913018042115,-8.075492427867E-16,
    -0.407919176764));
#10933 = DIRECTION('',(-0.407919176764,2.958228394579E-31,
    -0.913018042115));
#10934 = ORIENTED_EDGE('',*,*,#10164,.F.);
#10935 = CYLINDRICAL_SURFACE('',#10936,2.);
#10936 = AXIS2_PLACEMENT_3D('',#10937,#10938,#10939);
#10937 = CARTESIAN_POINT('',(15.958509695757,-59.46842606017,
    35.718858311768));
#10938 = DIRECTION('',(-0.913018042115,2.21247280417E-14,0.407919176764)
  );
#10939 = DIRECTION('',(0.407919176764,-1.89326617253E-29,0.913018042115)
  );
#10940 = ADVANCED_FACE('',(#10941),#10953,.T.);
#10941 = FACE_BOUND('',#10942,.T.);
#10942 = EDGE_LOOP('',(#10943,#10944,#10951,#10952));
#10943 = ORIENTED_EDGE('',*,*,#10181,.F.);
#10944 = ORIENTED_EDGE('',*,*,#10945,.T.);
#10945 = EDGE_CURVE('',#10173,#4125,#10946,.T.);
#10946 = CIRCLE('',#10947,2.);
#10947 = AXIS2_PLACEMENT_3D('',#10948,#10949,#10950);
#10948 = CARTESIAN_POINT('',(-13.76777598031,-58.2747682299,49.));
#10949 = DIRECTION('',(1.214579664386E-13,-1.,0.));
#10950 = DIRECTION('',(-1.,-1.214579664386E-13,3.469446951954E-15));
#10951 = ORIENTED_EDGE('',*,*,#4122,.F.);
#10952 = ORIENTED_EDGE('',*,*,#10110,.F.);
#10953 = CYLINDRICAL_SURFACE('',#10954,2.);
#10954 = AXIS2_PLACEMENT_3D('',#10955,#10956,#10957);
#10955 = CARTESIAN_POINT('',(-13.76777598031,-57.46842606017,49.));
#10956 = DIRECTION('',(-1.214579664386E-13,1.,0.));
#10957 = DIRECTION('',(-1.,-1.214579664386E-13,0.));
#10958 = ADVANCED_FACE('',(#10959),#10971,.T.);
#10959 = FACE_BOUND('',#10960,.T.);
#10960 = EDGE_LOOP('',(#10961,#10962,#10969,#10970));
#10961 = ORIENTED_EDGE('',*,*,#10290,.F.);
#10962 = ORIENTED_EDGE('',*,*,#10963,.T.);
#10963 = EDGE_CURVE('',#10291,#10173,#10964,.T.);
#10964 = CIRCLE('',#10965,2.);
#10965 = AXIS2_PLACEMENT_3D('',#10966,#10967,#10968);
#10966 = CARTESIAN_POINT('',(-13.76777598031,-58.2747682299,49.));
#10967 = DIRECTION('',(-0.777784580064,-0.523732084101,0.34749942604));
#10968 = DIRECTION('',(-0.558540200223,0.829477452819,1.310895836326E-13
    ));
#10969 = ORIENTED_EDGE('',*,*,#10172,.F.);
#10970 = ORIENTED_EDGE('',*,*,#10928,.T.);
#10971 = ( BOUNDED_SURFACE() B_SPLINE_SURFACE(3,2,(
    (#10972,#10973,#10974)
    ,(#10975,#10976,#10977)
    ,(#10978,#10979,#10980)
    ,(#10981,#10982,#10983)
    ,(#10984,#10985,#10986)
    ,(#10987,#10988,#10989
)),.UNSPECIFIED.,.F.,.F.,.F.) B_SPLINE_SURFACE_WITH_KNOTS((4,2,4),(3,3),
  (1.570796326795,1.867108752874,2.163421178954),(0.,1.),.UNSPECIFIED.) 
GEOMETRIC_REPRESENTATION_ITEM() RATIONAL_B_SPLINE_SURFACE((
    (1.,0.707106781187,1.)
    ,(1.,0.721355507927,1.)
    ,(1.,0.735155622082,1.)
    ,(1.,0.760912889201,1.)
    ,(1.,0.772870449602,1.)
,(1.,0.783530235111,1.))) REPRESENTATION_ITEM('') SURFACE() );
#10972 = CARTESIAN_POINT('',(-17.67755738187,-57.46842606017,
    50.746816313683));
#10973 = CARTESIAN_POINT('',(-18.4933957354,-57.46842606017,
    48.920780229453));
#10974 = CARTESIAN_POINT('',(-18.4933957354,-59.46842606017,
    48.920780229453));
#10975 = CARTESIAN_POINT('',(-17.18367436551,-57.46842606017,
    50.437895698953));
#10976 = CARTESIAN_POINT('',(-17.97704805733,-57.54741956282,
    48.690085861928));
#10977 = CARTESIAN_POINT('',(-17.80195951249,-59.46842606017,
    48.611859614719));
#10978 = CARTESIAN_POINT('',(-16.68991248099,-57.39472785407,
    50.129050851398));
#10979 = CARTESIAN_POINT('',(-17.42932303283,-57.54720428018,
    48.445372690031));
#10980 = CARTESIAN_POINT('',(-17.11069287417,-59.36524857164,
    48.303014767167));
#10981 = CARTESIAN_POINT('',(-15.74524896822,-57.10632170468,
    49.538169967835));
#10982 = CARTESIAN_POINT('',(-16.35798346344,-57.3641756175,
    47.966718452086));
#10983 = CARTESIAN_POINT('',(-15.78816395628,-58.96147996248,
    47.712133883606));
#10984 = CARTESIAN_POINT('',(-15.29449767724,-56.89165099891,
    49.256227966821));
#10985 = CARTESIAN_POINT('',(-15.83160566762,-57.1867825372,
    47.731542817823));
#10986 = CARTESIAN_POINT('',(-15.15712633534,-58.66095052704,
    47.430198220819));
#10987 = CARTESIAN_POINT('',(-14.88485638076,-56.61581332426,49.));
#10988 = CARTESIAN_POINT('',(-15.34202011718,-56.92365089599,
    47.512805262298));
#10989 = CARTESIAN_POINT('',(-14.58361433384,-58.2747682299,
    47.17396391577));
#10990 = ADVANCED_FACE('',(#10991),#11004,.T.);
#10991 = FACE_BOUND('',#10992,.T.);
#10992 = EDGE_LOOP('',(#10993,#10994,#10995,#11002,#11003));
#10993 = ORIENTED_EDGE('',*,*,#10598,.F.);
#10994 = ORIENTED_EDGE('',*,*,#4012,.F.);
#10995 = ORIENTED_EDGE('',*,*,#10996,.F.);
#10996 = EDGE_CURVE('',#8737,#3979,#10997,.T.);
#10997 = CIRCLE('',#10998,2.);
#10998 = AXIS2_PLACEMENT_3D('',#10999,#11000,#11001);
#10999 = CARTESIAN_POINT('',(11.857201446796,-56.35731494892,49.));
#11000 = DIRECTION('',(-0.555555555536,0.831479419296,3.848509001288E-15
    ));
#11001 = DIRECTION('',(-0.831479419296,-0.555555555536,
    -1.183291357832E-30));
#11002 = ORIENTED_EDGE('',*,*,#10247,.F.);
#11003 = ORIENTED_EDGE('',*,*,#10645,.F.);
#11004 = TOROIDAL_SURFACE('',#11005,7.,2.);
#11005 = AXIS2_PLACEMENT_3D('',#11006,#11007,#11008);
#11006 = CARTESIAN_POINT('',(17.67755738187,-52.46842606017,49.));
#11007 = DIRECTION('',(0.,0.,-1.));
#11008 = DIRECTION('',(-1.,0.,0.));
#11009 = ADVANCED_FACE('',(#11010),#11023,.T.);
#11010 = FACE_BOUND('',#11011,.T.);
#11011 = EDGE_LOOP('',(#11012,#11013,#11014,#11021,#11022));
#11012 = ORIENTED_EDGE('',*,*,#3987,.F.);
#11013 = ORIENTED_EDGE('',*,*,#9947,.F.);
#11014 = ORIENTED_EDGE('',*,*,#11015,.F.);
#11015 = EDGE_CURVE('',#8704,#9940,#11016,.T.);
#11016 = CIRCLE('',#11017,2.);
#11017 = AXIS2_PLACEMENT_3D('',#11018,#11019,#11020);
#11018 = CARTESIAN_POINT('',(10.194242602675,-55.46842605999,49.));
#11019 = DIRECTION('',(-1.,-2.764746764861E-09,0.));
#11020 = DIRECTION('',(2.764746764861E-09,-1.,0.));
#11021 = ORIENTED_EDGE('',*,*,#8744,.F.);
#11022 = ORIENTED_EDGE('',*,*,#10996,.T.);
#11023 = TOROIDAL_SURFACE('',#11024,2.,2.);
#11024 = AXIS2_PLACEMENT_3D('',#11025,#11026,#11027);
#11025 = CARTESIAN_POINT('',(10.194242608204,-57.46842605999,49.));
#11026 = DIRECTION('',(0.,0.,-1.));
#11027 = DIRECTION('',(-1.,0.,0.));
#11028 = ADVANCED_FACE('',(#11029),#11041,.T.);
#11029 = FACE_BOUND('',#11030,.T.);
#11030 = EDGE_LOOP('',(#11031,#11032,#11033,#11040));
#11031 = ORIENTED_EDGE('',*,*,#11015,.T.);
#11032 = ORIENTED_EDGE('',*,*,#9939,.F.);
#11033 = ORIENTED_EDGE('',*,*,#11034,.F.);
#11034 = EDGE_CURVE('',#8650,#9931,#11035,.T.);
#11035 = CIRCLE('',#11036,2.);
#11036 = AXIS2_PLACEMENT_3D('',#11037,#11038,#11039);
#11037 = CARTESIAN_POINT('',(-10.19424261374,-55.46842605999,49.));
#11038 = DIRECTION('',(-1.,0.,-1.382369912983E-09));
#11039 = DIRECTION('',(-1.382369912983E-09,0.,1.));
#11040 = ORIENTED_EDGE('',*,*,#8713,.F.);
#11041 = CYLINDRICAL_SURFACE('',#11042,2.);
#11042 = AXIS2_PLACEMENT_3D('',#11043,#11044,#11045);
#11043 = CARTESIAN_POINT('',(10.194242608204,-55.46842605999,49.));
#11044 = DIRECTION('',(-1.,0.,0.));
#11045 = DIRECTION('',(0.,0.,1.));
#11046 = ADVANCED_FACE('',(#11047),#11060,.T.);
#11047 = FACE_BOUND('',#11048,.T.);
#11048 = EDGE_LOOP('',(#11049,#11050,#11051,#11058,#11059));
#11049 = ORIENTED_EDGE('',*,*,#9930,.F.);
#11050 = ORIENTED_EDGE('',*,*,#4098,.F.);
#11051 = ORIENTED_EDGE('',*,*,#11052,.F.);
#11052 = EDGE_CURVE('',#8660,#4099,#11053,.T.);
#11053 = CIRCLE('',#11054,2.);
#11054 = AXIS2_PLACEMENT_3D('',#11055,#11056,#11057);
#11055 = CARTESIAN_POINT('',(-11.8572014468,-56.35731494892,49.));
#11056 = DIRECTION('',(-0.555555555536,-0.831479419296,
    -4.81867632199E-16));
#11057 = DIRECTION('',(0.831479419296,-0.555555555536,
    -9.860761315263E-32));
#11058 = ORIENTED_EDGE('',*,*,#8659,.F.);
#11059 = ORIENTED_EDGE('',*,*,#11034,.T.);
#11060 = TOROIDAL_SURFACE('',#11061,2.000000000001,2.);
#11061 = AXIS2_PLACEMENT_3D('',#11062,#11063,#11064);
#11062 = CARTESIAN_POINT('',(-10.19424260821,-57.46842606,49.));
#11063 = DIRECTION('',(0.,0.,-1.));
#11064 = DIRECTION('',(-1.,0.,0.));
#11065 = ADVANCED_FACE('',(#11066),#11078,.T.);
#11066 = FACE_BOUND('',#11067,.T.);
#11067 = EDGE_LOOP('',(#11068,#11069,#11070,#11077));
#11068 = ORIENTED_EDGE('',*,*,#11052,.T.);
#11069 = ORIENTED_EDGE('',*,*,#4132,.F.);
#11070 = ORIENTED_EDGE('',*,*,#11071,.F.);
#11071 = EDGE_CURVE('',#10291,#4125,#11072,.T.);
#11072 = CIRCLE('',#11073,2.);
#11073 = AXIS2_PLACEMENT_3D('',#11074,#11075,#11076);
#11074 = CARTESIAN_POINT('',(-13.76777598031,-58.2747682299,49.));
#11075 = DIRECTION('',(-0.829477452819,-0.558540200223,
    -3.376739605406E-15));
#11076 = DIRECTION('',(0.558540200223,-0.829477452819,2.366582715663E-30
    ));
#11077 = ORIENTED_EDGE('',*,*,#10299,.F.);
#11078 = TOROIDAL_SURFACE('',#11079,7.,2.);
#11079 = AXIS2_PLACEMENT_3D('',#11080,#11081,#11082);
#11080 = CARTESIAN_POINT('',(-17.67755738187,-52.46842606017,49.));
#11081 = DIRECTION('',(0.,0.,-1.));
#11082 = DIRECTION('',(-1.,0.,0.));
#11083 = ADVANCED_FACE('',(#11084),#11089,.T.);
#11084 = FACE_BOUND('',#11085,.T.);
#11085 = EDGE_LOOP('',(#11086,#11087,#11088));
#11086 = ORIENTED_EDGE('',*,*,#10945,.F.);
#11087 = ORIENTED_EDGE('',*,*,#10963,.F.);
#11088 = ORIENTED_EDGE('',*,*,#11071,.T.);
#11089 = SPHERICAL_SURFACE('',#11090,2.);
#11090 = AXIS2_PLACEMENT_3D('',#11091,#11092,#11093);
#11091 = CARTESIAN_POINT('',(-13.76777598031,-58.2747682299,49.));
#11092 = DIRECTION('',(-0.,0.,1.));
#11093 = DIRECTION('',(0.829477452819,0.558540200223,0.));
#11094 = ADVANCED_FACE('',(#11095),#11107,.T.);
#11095 = FACE_BOUND('',#11096,.T.);
#11096 = EDGE_LOOP('',(#11097,#11098,#11099,#11106));
#11097 = ORIENTED_EDGE('',*,*,#1671,.T.);
#11098 = ORIENTED_EDGE('',*,*,#1851,.F.);
#11099 = ORIENTED_EDGE('',*,*,#11100,.F.);
#11100 = EDGE_CURVE('',#2677,#1843,#11101,.T.);
#11101 = B_SPLINE_CURVE_WITH_KNOTS('',3,(#11102,#11103,#11104,#11105),
  .UNSPECIFIED.,.F.,.F.,(4,4),(0.,1.820392953958E-03),
  .PIECEWISE_BEZIER_KNOTS.);
#11102 = CARTESIAN_POINT('',(22.116594055995,-25.97744732607,
    59.61003472461));
#11103 = CARTESIAN_POINT('',(21.804477735984,-26.46662826819,
    59.826975309073));
#11104 = CARTESIAN_POINT('',(21.419671987802,-26.92194679274,
    59.940359245197));
#11105 = CARTESIAN_POINT('',(20.975999443922,-27.35206982805,
    59.96115780101));
#11106 = ORIENTED_EDGE('',*,*,#2676,.F.);
#11107 = ( BOUNDED_SURFACE() B_SPLINE_SURFACE(3,2,(
    (#11108,#11109,#11110)
    ,(#11111,#11112,#11113)
    ,(#11114,#11115,#11116)
    ,(#11117,#11118,#11119)
    ,(#11120,#11121,#11122)
    ,(#11123,#11124,#11125
)),.UNSPECIFIED.,.F.,.F.,.F.) B_SPLINE_SURFACE_WITH_KNOTS((4,2,4),(3,3),
  (5.384048102693E-03,5.718819642389E-03,6.053591182085E-03),(0.,1.),
.UNSPECIFIED.) GEOMETRIC_REPRESENTATION_ITEM() RATIONAL_B_SPLINE_SURFACE
((
    (1.,0.865564617152,1.)
    ,(1.,0.877782743392,1.)
    ,(1.,0.889344816134,1.)
    ,(1.,0.911289423348,1.)
    ,(1.,0.921672226481,1.)
,(1.,0.931493570292,1.))) REPRESENTATION_ITEM('') SURFACE() );
#11108 = CARTESIAN_POINT('',(20.975999443922,-27.35206982805,
    59.961157801017));
#11109 = CARTESIAN_POINT('',(20.682178091903,-25.05704208552,
    60.011851157409));
#11110 = CARTESIAN_POINT('',(20.414081788757,-23.88453382395,
    58.034630408204));
#11111 = CARTESIAN_POINT('',(21.193867490171,-27.14085536078,
    59.950944546086));
#11112 = CARTESIAN_POINT('',(20.862233683022,-24.98049124408,
    59.898227803601));
#11113 = CARTESIAN_POINT('',(20.523419015998,-23.87751285066,
    58.039943879382));
#11114 = CARTESIAN_POINT('',(21.39875009879,-26.92203768243,
    59.917544793794));
#11115 = CARTESIAN_POINT('',(21.029753700375,-24.90012012375,
    59.778813490571));
#11116 = CARTESIAN_POINT('',(20.630187464784,-23.8676171204,
    58.040245970817));
#11117 = CARTESIAN_POINT('',(21.780028509638,-26.46572063921,
    59.802584245823));
#11118 = CARTESIAN_POINT('',(21.337055670545,-24.73063975325,
    59.528545392331));
#11119 = CARTESIAN_POINT('',(20.838105614831,-23.84136288578,
    58.030285614535));
#11120 = CARTESIAN_POINT('',(21.956546311771,-26.22829061254,
    59.721278007003));
#11121 = CARTESIAN_POINT('',(21.477994235064,-24.64161254738,
    59.397772422758));
#11122 = CARTESIAN_POINT('',(20.939287366353,-23.82504450406,
    58.020085518441));
#11123 = CARTESIAN_POINT('',(22.116594055995,-25.97744732607,
    59.61003472461));
#11124 = CARTESIAN_POINT('',(21.607330514927,-24.54393106547,
    59.255557816303));
#11125 = CARTESIAN_POINT('',(21.036988891099,-23.80453758892,
    58.0033678063));
#11126 = ADVANCED_FACE('',(#11127),#11134,.T.);
#11127 = FACE_BOUND('',#11128,.T.);
#11128 = EDGE_LOOP('',(#11129,#11130,#11131,#11132,#11133));
#11129 = ORIENTED_EDGE('',*,*,#6283,.F.);
#11130 = ORIENTED_EDGE('',*,*,#2739,.F.);
#11131 = ORIENTED_EDGE('',*,*,#11100,.T.);
#11132 = ORIENTED_EDGE('',*,*,#2584,.F.);
#11133 = ORIENTED_EDGE('',*,*,#6551,.F.);
#11134 = ( BOUNDED_SURFACE() B_SPLINE_SURFACE(3,2,(
    (#11135,#11136,#11137)
    ,(#11138,#11139,#11140)
    ,(#11141,#11142,#11143)
    ,(#11144,#11145,#11146)
    ,(#11147,#11148,#11149)
    ,(#11150,#11151,#11152)
    ,(#11153,#11154,#11155)
    ,(#11156,#11157,#11158)
    ,(#11159,#11160,#11161)
    ,(#11162,#11163,#11164)
    ,(#11165,#11166,#11167)
    ,(#11168,#11169,#11170
)),.UNSPECIFIED.,.F.,.F.,.F.) B_SPLINE_SURFACE_WITH_KNOTS((4,2,2,2,2,4),
  (3,3),(1.877795413686E-02,1.985699922611E-02,2.093604431535E-02,
    2.147556685997E-02,2.201508940459E-02,2.309413449384E-02),(0.,1.),
.UNSPECIFIED.) GEOMETRIC_REPRESENTATION_ITEM() RATIONAL_B_SPLINE_SURFACE
((
    (1.,0.980109871252,1.)
    ,(1.,0.981164616155,1.)
    ,(1.,0.982112010617,1.)
    ,(1.,0.983728604303,1.)
    ,(1.,0.984382315806,1.)
    ,(1.,0.985094021275,1.)
    ,(1.,0.985286305878,1.)
    ,(1.,0.985572704495,1.)
    ,(1.,0.985665697673,1.)
    ,(1.,0.98578546466,1.)
    ,(1.,0.985657314734,1.)
,(1.,0.985325471967,1.))) REPRESENTATION_ITEM('') SURFACE() );
#11135 = CARTESIAN_POINT('',(25.747209260239,-25.79295858013,
    58.834335338587));
#11136 = CARTESIAN_POINT('',(26.144609730448,-26.70023971781,
    59.043854937706));
#11137 = CARTESIAN_POINT('',(26.437839672568,-27.65316358206,
    58.867965856461));
#11138 = CARTESIAN_POINT('',(25.417996189931,-25.91331773605,
    58.937570739555));
#11139 = CARTESIAN_POINT('',(25.763147603817,-26.81096259145,
    59.154351749674));
#11140 = CARTESIAN_POINT('',(26.012929135099,-27.75283949507,
    59.005618046707));
#11141 = CARTESIAN_POINT('',(25.079908095706,-26.01098785735,
    59.035356553417));
#11142 = CARTESIAN_POINT('',(25.370733242249,-26.89839144583,
    59.259617221608));
#11143 = CARTESIAN_POINT('',(25.574871807197,-27.828422668,
    59.135994142394));
#11144 = CARTESIAN_POINT('',(24.383861243513,-26.14903657991,
    59.216665963343));
#11145 = CARTESIAN_POINT('',(24.562075712527,-27.01396811102,
    59.456036203025));
#11146 = CARTESIAN_POINT('',(24.668600577704,-27.91916889007,
    59.377740023308));
#11147 = CARTESIAN_POINT('',(24.03258664585,-26.18803827089,
    59.298432178307));
#11148 = CARTESIAN_POINT('',(24.153395441636,-27.04107402991,
    59.545365111136));
#11149 = CARTESIAN_POINT('',(24.209099972179,-27.93340437862,
    59.486761642041));
#11150 = CARTESIAN_POINT('',(23.500072511286,-26.19480741108,
    59.405765348949));
#11151 = CARTESIAN_POINT('',(23.532787850368,-27.02873633654,
    59.664033401996));
#11152 = CARTESIAN_POINT('',(23.508752156014,-27.90130179877,
    59.629872537298));
#11153 = CARTESIAN_POINT('',(23.321631468349,-26.1884173175,
    59.43898320378));
#11154 = CARTESIAN_POINT('',(23.324672073284,-27.015782942,
    59.701029213462));
#11155 = CARTESIAN_POINT('',(23.273448243919,-27.88166726994,
    59.674163009635));
#11156 = CARTESIAN_POINT('',(22.962716554449,-26.15686515093,
    59.499861294826));
#11157 = CARTESIAN_POINT('',(22.905642552219,-26.97067816791,
    59.769479115894));
#11158 = CARTESIAN_POINT('',(22.798795994045,-27.82304199759,
    59.755333798527));
#11159 = CARTESIAN_POINT('',(22.782620528943,-26.13158448028,
    59.527409248763));
#11160 = CARTESIAN_POINT('',(22.695124239634,-26.93842038655,
    59.800821322499));
#11161 = CARTESIAN_POINT('',(22.559936124347,-27.7839579486,
    59.792064403466));
#11162 = CARTESIAN_POINT('',(22.252730599595,-26.02872878305,
    59.599423752849));
#11163 = CARTESIAN_POINT('',(22.075008653071,-26.81452988187,
    59.883980073662));
#11164 = CARTESIAN_POINT('',(21.855049399227,-27.63989263685,
    59.888083741934));
#11165 = CARTESIAN_POINT('',(21.908861358247,-25.9238982522,
    59.634067800512));
#11166 = CARTESIAN_POINT('',(21.671327340246,-26.69529766256,
    59.925866634569));
#11167 = CARTESIAN_POINT('',(21.394811041708,-27.50752318287,
    59.934275626179));
#11168 = CARTESIAN_POINT('',(21.574072396368,-25.78403477043,
    59.655797091011));
#11169 = CARTESIAN_POINT('',(21.277292427287,-26.54086589064,
    59.954673728322));
#11170 = CARTESIAN_POINT('',(20.943903258181,-27.34022630959,
    59.963248193025));
#11171 = ( GEOMETRIC_REPRESENTATION_CONTEXT(3) 
GLOBAL_UNCERTAINTY_ASSIGNED_CONTEXT((#11175)) 
GLOBAL_UNIT_ASSIGNED_CONTEXT((#11172,#11173,#11174)) 
REPRESENTATION_CONTEXT('Context #1',
  '3D Context with UNIT and UNCERTAINTY') );
#11172 = ( LENGTH_UNIT() NAMED_UNIT(*) SI_UNIT(.MILLI.,.METRE.) );
#11173 = ( NAMED_UNIT(*) PLANE_ANGLE_UNIT() SI_UNIT($,.RADIAN.) );
#11174 = ( NAMED_UNIT(*) SI_UNIT($,.STERADIAN.) SOLID_ANGLE_UNIT() );
#11175 = UNCERTAINTY_MEASURE_WITH_UNIT(LENGTH_MEASURE(2.E-04),#11172,
  'distance_accuracy_value','confusion accuracy');
#11176 = PRODUCT_RELATED_PRODUCT_CATEGORY('part',$,(#7));
#11177 = MECHANICAL_DESIGN_GEOMETRIC_PRESENTATION_REPRESENTATION('',(
    #11178),#11171);
#11178 = STYLED_ITEM('color',(#11179),#15);
#11179 = PRESENTATION_STYLE_ASSIGNMENT((#11180,#11186));
#11180 = SURFACE_STYLE_USAGE(.BOTH.,#11181);
#11181 = SURFACE_SIDE_STYLE('',(#11182));
#11182 = SURFACE_STYLE_FILL_AREA(#11183);
#11183 = FILL_AREA_STYLE('',(#11184));
#11184 = FILL_AREA_STYLE_COLOUR('',#11185);
#11185 = COLOUR_RGB('',0.300000011149,0.300000011149,0.300000011149);
#11186 = CURVE_STYLE('',#11187,POSITIVE_LENGTH_MEASURE(0.1),#11188);
#11187 = DRAUGHTING_PRE_DEFINED_CURVE_FONT('continuous');
#11188 = COLOUR_RGB('',9.803921802644E-02,9.803921802644E-02,
  9.803921802644E-02);
ENDSEC;
END-ISO-10303-21;
