{
  "calibration": {
    "minValues": {
      "pinky_pip": 0.13727329616498754,
      "ring_pip": 0.2145788201893784,
      "middle_pip": 0.5451928265070631,
      "index_pip": 0.9182937381840721,
      "pinky_mcp": 1.076382166695827,
      "ring_mcp": 1.1512296397409485,
      "middle_mcp": 1.0897894093435796,
      "index_mcp": 1.1297532887230415,
      "thumb_mcp": 3.141592653589793,
      "thumb_pip": 0.7832106659150717,
      "thumb_abduction": 0.12876582557753202
    },
    "maxValues": {
      "pinky_pip": 3.141592653589793,
      "ring_pip": 3.141592653589793,
      "middle_pip": 3.141592653589793,
      "index_pip": 3.141592653589793,
      "pinky_mcp": 3.141592653589793,
      "ring_mcp": 3.141592653589793,
      "middle_mcp": 3.141592653589793,
      "index_mcp": 3.141592653589793,
      "thumb_mcp": 3.141592653589793,
      "thumb_pip": 3.137814829473146,
      "thumb_abduction": 0.31673998643461865
    },
    "isCalibrated": true
  }
}